,Role_Keeper,Character_Facet_Cont_Tension,Character_Facet_Cont_Altruism,Personal_Values_Facet_Cont_SecuritySocietal,Self_Esteem_Cont_SEAspirationAchievements,Self_Esteem_Cont_SEAspirationOriginality,Personal_Values_Facet_Cont_Humility,Character_Facet_Cont_Orderliness,Mean,Mean_Role Keeper
0,0.502705173,0.658562654,0.489028902,0.4500490479999999,0.808913705,0.73321567,0.335468359,0.482501061,0.5575555715,0.5575555715
1,0.105108472,0.572325631,0.310958872,0.4733918239999999,0.7517323859999999,0.835317732,0.335035578,0.414946102,0.4748520746249999,0.474852074625
2,0.501414414,0.536447486,0.445136591,0.4071932579999999,0.8948428279999999,0.7465576740000001,0.3327954039999999,0.3630573689999999,0.528430628,0.528430628
3,0.084650007,0.610603569,0.331463567,0.383971426,0.87708093,0.686631694,0.327658217,0.322056321,0.453014466375,0.45301446637500004
4,0.622450384,0.3548095529999999,0.6007983410000001,0.584311488,0.941654829,0.786673562,0.336522025,0.5466346089999999,0.596731848875,0.596731848875
5,0.226307344,0.566233325,0.357908862,0.528908743,0.840927845,0.708931003,0.337457902,0.310980915,0.484706992375,0.48470699237500003
6,0.329762696,0.6696045829999999,0.390992562,0.351723575,0.854858998,0.764751209,0.32101498,0.524446185,0.5258943485,0.5258943485
7,0.074123144,0.632221126,0.395606284,0.351723575,0.914789755,0.719720991,0.326554513,0.388208205,0.475368449125,0.475368449125
8,0.390205841,0.5466642829999999,0.29507299,0.474457884,0.854875374,0.554097187,0.333869788,0.494096431,0.49291747225,0.49291747225
9,0.615252502,0.4958421179999999,0.354062321,0.480516181,0.883966041,0.763816915,0.340927759,0.587106483,0.56518629,0.56518629
10,0.399444226,0.4937126129999999,0.5481278829999999,0.519139751,0.855781232,0.820542642,0.341782319,0.376292044,0.54435283875,0.54435283875
11,0.232829276,0.573654342,0.393797532,0.427166227,0.816460528,0.798847572,0.333857616,0.3898873329999999,0.49581255325,0.49581255325
12,0.142903967,0.668770631,0.392501057,0.351723575,0.886526695,0.6067138470000001,0.339590655,0.304643913,0.4616717925,0.4616717925
13,0.5965938510000001,0.444651112,0.571922873,0.4437381079999999,0.871152058,0.771648157,0.337334109,0.6479282120000001,0.58562106,0.58562106
14,0.18507815,0.592413446,0.349775464,0.456173695,0.85750484,0.7378481709999999,0.329449122,0.313992261,0.477779393625,0.477779393625
15,0.245999211,0.659123815,0.546589733,0.351723575,0.78836152,0.7650533279999999,0.322233045,0.329616626,0.5010876066250001,0.5010876066250001
16,0.259363873,0.6543946279999999,0.261997642,0.464372332,0.741508437,0.7259504109999999,0.337558714,0.295621433,0.46759593375,0.46759593374999997
17,0.253722201,0.684561802,0.427899011,0.351723575,0.84307018,0.675812932,0.3259595839999999,0.223917323,0.473333326,0.47333332599999994
18,0.310147705,0.481953796,0.337898839,0.353621375,0.833771965,0.673395975,0.331944079,0.478199279,0.475116626625,0.475116626625
19,0.368884297,0.536615806,0.389749864,0.60049879,0.873278043,0.7583923090000001,0.322693067,0.522358154,0.5465587912500001,0.5465587912500001
20,0.4515267429999999,0.608823903,0.040039419,0.412247716,0.8739277040000001,0.822910461,0.347048003,0.417861411,0.4967981699999999,0.49679816999999993
21,0.086116309,0.6839158540000001,0.365315466,0.449407645,0.374916041,0.7930929109999999,0.327834895,0.4138545839999999,0.436806713125,0.436806713125
22,0.131758357,0.694394827,0.17968886,0.351723575,0.8637974829999999,0.7826625890000001,0.310763403,0.4831719889999999,0.4747451353749999,0.4747451353749999
23,0.166014953,0.686112217,0.316673376,0.5254786929999999,0.855718581,0.78493568,0.330578756,0.3869857679999999,0.506562253,0.506562253
24,0.260512023,0.5833718139999999,0.26620104,0.4198653539999999,0.848353932,0.728609064,0.333736624,0.397533904,0.4797729693749999,0.47977296937499997
25,0.13963124,0.742088188,0.297842344,0.351723575,0.8576230970000001,0.766405674,0.336115285,0.2447940589999999,0.46702793275,0.46702793275
26,0.29042305,0.601075268,0.217384468,0.408687178,0.855327845,0.6832594959999999,0.332985051,0.582579969,0.496465290625,0.496465290625
27,0.658783095,0.439271837,0.5199393,0.387611119,0.899124095,0.742029004,0.366814175,0.690838178,0.588051350375,0.588051350375
28,0.183257036,0.640617164,0.291925023,0.364516426,0.8640489659999999,0.795481095,0.328779932,0.351622931,0.477531071625,0.47753107162499997
29,0.317334324,0.6525524770000001,0.4387624129999999,0.3438066729999999,0.8668148000000001,0.750307011,0.313955503,0.364306274,0.505979934375,0.505979934375
30,0.229034096,0.6765607029999999,0.370427149,0.351723575,0.811600943,0.8341668,0.326634508,0.43483238,0.50437251925,0.50437251925
31,0.073729517,0.657139578,0.321185688,0.3930781229999999,0.8425479159999999,0.760435214,0.331094185,0.322988307,0.462774816,0.462774816
32,0.201217836,0.599494935,0.360701436,0.484579802,0.8696108709999999,0.798847572,0.332888021,0.307924843,0.4944081644999999,0.49440816449999997
33,0.615252502,0.4958421179999999,0.354062321,0.480516181,0.883966041,0.763816915,0.340927759,0.587106483,0.56518629,0.56518629
34,0.287412774,0.55833183,0.283052139,0.351723575,0.88275486,0.686329574,0.33462171,0.31733533,0.462695224,0.46269522400000007
35,0.39821015,0.46008555,0.4168351939999999,0.452363694,0.639286725,0.6909620759999999,0.317329876,0.390838919,0.470739023,0.4707390229999999
36,0.666144727,0.631376186,0.324237818,0.46325797,0.8995499579999999,0.7687980990000001,0.344555203,0.7135878059999999,0.601438470875,0.601438470875
37,0.379940968,0.51008653,0.340307876,0.458697398,0.8745121309999999,0.635357669,0.339924842,0.286727441,0.4781943568749999,0.4781943568749999
38,0.070184,0.739971226,0.100156898,0.351723575,0.828886626,0.8172164479999999,0.319220115,0.205343637,0.429087815625,0.42908781562500004
39,0.2348091389999999,0.767282861,0.279934892,0.407303831,0.863449568,0.7302775140000001,0.344829482,0.511406675,0.51741174525,0.51741174525
40,0.280254837,0.6390557720000001,0.384174231,0.4125441689999999,0.78752294,0.756896183,0.3402384579999999,0.438049262,0.5048419815,0.5048419815
41,0.436652925,0.377131063,0.324748721,0.545901899,0.6025325539999999,0.625404984,0.330118911,0.413614266,0.457013165375,0.45701316537500003
42,0.167510866,0.532672215,0.27441506,0.414851787,0.8307567290000001,0.8417600740000001,0.33134587,0.404806702,0.474764912875,0.474764912875
43,0.287508347,0.664895818,0.287045265,0.393217051,0.8255991109999999,0.67122359,0.319849545,0.375776747,0.4781394342499999,0.47813943424999994
44,0.2979468839999999,0.636535347,0.399819842,0.571439545,0.866178375,0.63878457,0.3353096789999999,0.422693934,0.521088522,0.521088522
45,0.443130929,0.531951686,0.34188994,0.4725487439999999,0.818553538,0.802458621,0.334250127,0.227971542,0.496594390875,0.4965943908750001
46,0.518546046,0.5202721920000001,0.370910792,0.4314412379999999,0.8841841640000001,0.785120189,0.339400841,0.667081217,0.5646195848750001,0.5646195848750001
47,0.498332185,0.534133716,0.45770762,0.619201224,0.878103346,0.788806366,0.338580205,0.3378826279999999,0.5565934112500001,0.5565934112500001
48,0.489242086,0.519741651,0.36452904,0.42985328,0.8297489309999999,0.806875323,0.327616824,0.2409502389999999,0.50106967175,0.50106967175
49,0.004194474,0.844453276,0.2947780789999999,0.351723575,0.807384138,0.758518912,0.333988063,0.4317296989999999,0.478346277,0.478346277
50,0.555400979,0.357394138,0.438031536,0.3853151139999999,0.916598024,0.793256739,0.330350662,0.5053623770000001,0.535213696125,0.535213696125
51,0.183432771,0.719180005,0.317703731,0.351723575,0.7544440509999999,0.784475307,0.344297633,0.363010686,0.477283469875,0.47728346987500003
52,0.5350975339999999,0.441023671,0.49345585,0.2592326,0.849563145,0.84884252,0.328630833,0.454984038,0.526353773875,0.526353773875
53,0.406053124,0.4188315589999999,0.384208208,0.425502971,0.872520582,0.771706291,0.313732044,0.287592795,0.48501844675,0.48501844675000005
54,0.508604335,0.2845352419999999,0.438892258,0.47597098,0.793250743,0.780268996,0.34190823,0.4994045279999999,0.515354414,0.515354414
55,0.391533377,0.530133337,0.287150173,0.427874407,0.8860283390000001,0.734538259,0.35095101,0.510853539,0.5148828051250001,0.5148828051250001
56,0.448162346,0.63384429,0.468790871,0.3781068979999999,0.877402536,0.621819831,0.330561035,0.382219197,0.5176133755,0.5176133755
57,0.607719972,0.4534338129999999,0.5498710720000001,0.499189263,0.796042715,0.778145181,0.321205807,0.229879285,0.5294358885,0.5294358885
58,0.164203971,0.627099317,0.367793794,0.394928982,0.541363489,0.691203771,0.335085858,0.337670246,0.4324186785,0.43241867850000004
59,0.5156204010000001,0.532829206,0.458000831,0.4077111429999999,0.8992104559999999,0.749036356,0.350089864,0.436843347,0.5436677005,0.5436677005
60,0.532661339,0.426362864,0.423398977,0.439595582,0.827066794,0.793150458,0.324350331,0.337741681,0.51304100325,0.51304100325
61,0.481454114,0.512855385,0.5502158229999999,0.465327045,0.543319565,0.656244209,0.31902641,0.347886824,0.484541171875,0.48454117187500007
62,0.438988891,0.541660961,0.394386016,0.4042511029999999,0.877776854,0.8284965670000001,0.344553307,0.5314603929999999,0.5451967615,0.5451967615
63,0.46880522,0.62783414,0.266814325,0.515523968,0.873922103,0.797736922,0.329430176,0.240465586,0.515066555,0.515066555
64,0.131962852,0.716799052,0.314445264,0.382638146,0.817730903,0.8471147859999999,0.3234962839999999,0.333376816,0.483445512875,0.48344551287500004
65,0.112935861,0.774814963,0.280075281,0.351723575,0.750663504,0.788587012,0.32978997,0.338288253,0.465859802375,0.465859802375
66,0.392733197,0.57365526,0.279790605,0.3687336989999999,0.828224437,0.808213282,0.331725395,0.328024402,0.4888875346249999,0.48888753462499995
67,0.260237976,0.58137681,0.467901952,0.486329929,0.837631965,0.648938668,0.331413604,0.495661926,0.5136866037500001,0.5136866037500001
68,0.316902276,0.60679325,0.311773771,0.482881917,0.713766775,0.808213282,0.324858533,0.337102542,0.48778654325,0.4877865432500001
69,0.184871253,0.5863118829999999,0.37203745,0.534547737,0.840927845,0.798847572,0.330088224,0.304167253,0.493974902125,0.49397490212499995
70,0.233974241,0.735272288,0.49695434,0.404188534,0.662665263,0.653902063,0.3405936979999999,0.210119918,0.4672087931249999,0.46720879312499997
71,0.0,0.712679915,0.368682842,0.351723575,0.7370609859999999,0.8108143879999999,0.322256891,0.42412198,0.4659175721249999,0.46591757212499996
72,0.313577387,0.4966169239999999,0.304472546,0.351723575,0.853374981,0.853171566,0.327665425,0.286391159,0.473374195375,0.473374195375
73,0.0,0.791504557,0.26388215,0.399361307,0.828609033,0.7737140920000001,0.3390914479999999,0.445736828,0.480237426875,0.48023742687499993
74,0.0,0.791504557,0.26388215,0.399361307,0.828609033,0.7737140920000001,0.3390914479999999,0.445736828,0.480237426875,0.48023742687499993
75,0.283675,0.6001446029999999,0.361740831,0.498965147,0.8357069909999999,0.7683133440000001,0.325608715,0.221062613,0.4869021555,0.48690215549999993
76,0.175225185,0.672671296,0.283616956,0.351723575,0.8314989759999999,0.798847572,0.331812758,0.284761765,0.4662697603749999,0.466269760375
77,0.305501936,0.300605381,0.4372888829999999,0.454130457,0.8934879370000001,0.689288708,0.323306544,0.518392703,0.4902503186249999,0.490250318625
78,0.483173068,0.6752024940000001,0.47571763,0.47742392,0.809877858,0.6880128120000001,0.343662517,0.466928171,0.55249980875,0.55249980875
79,0.364738427,0.550066529,0.7006943090000001,0.448082965,0.910796668,0.706485272,0.328651183,0.249569913,0.5323856582500001,0.5323856582500001
80,0.0982188859999999,0.704705409,0.194344653,0.351723575,0.8842425629999999,0.6983970970000001,0.333548705,0.306647543,0.4464785538749999,0.4464785538749999
81,0.4921575529999999,0.531763627,0.50257667,0.4526150479999999,0.868324069,0.769369324,0.332137933,0.5236238670000001,0.5590710113749999,0.5590710113749999
82,0.439774169,0.362576006,0.4752163379999999,0.4469829939999999,0.6302816379999999,0.640997237,0.32237115,0.509154757,0.4784192861249999,0.47841928612499995
83,0.4471586179999999,0.599176078,0.45191199,0.219066702,0.848274405,0.6950191109999999,0.3190261789999999,0.28135469,0.4826234716249999,0.48262347162499997
84,0.285369663,0.612644738,0.433462505,0.470286751,0.8520526159999999,0.7930929109999999,0.3438651,0.204777084,0.4994439209999999,0.4994439209999999
85,0.223565402,0.611805096,0.354634965,0.528908743,0.8482116140000001,0.7826625890000001,0.331524645,0.309458214,0.4988464085,0.4988464085000001
86,0.251692595,0.635113348,0.387627172,0.50780867,0.815754185,0.807609042,0.31954222,0.34842502,0.5091965315,0.5091965315
87,0.1739837219999999,0.619268905,0.3368696929999999,0.364516426,0.890698977,0.825836929,0.325801051,0.385973479,0.49036864775,0.49036864775000005
88,0.198165823,0.642345435,0.263040259,0.451629066,0.790406345,0.809277894,0.328634534,0.319160152,0.4753324384999999,0.47533243849999995
89,0.282245455,0.66380298,0.314574566,0.487242429,0.7579482540000001,0.7805909120000001,0.3350256789999999,0.448833825,0.5087830125,0.5087830125
90,0.356381048,0.488999787,0.326319286,0.479249869,0.8455006709999999,0.848927504,0.326511195,0.373528566,0.50567724075,0.50567724075
91,0.141324822,0.586249104,0.328908231,0.351723575,0.784724489,0.809349827,0.332844963,0.350836826,0.460745229625,0.460745229625
92,0.316964405,0.515441674,0.290837287,0.390225799,0.682062972,0.838784915,0.330017529,0.206436535,0.4463463894999999,0.4463463894999999
93,0.1155909369999999,0.589730275,0.115419194,0.351723575,0.881063651,0.7916542459999999,0.3265005019999999,0.389901017,0.4451979246249999,0.44519792462499996
94,0.426741485,0.4661101929999999,0.4431187279999999,0.547512427,0.84482143,0.7841012540000001,0.324240637,0.231480243,0.5085157996249999,0.5085157996249999
95,0.436100008,0.568473749,0.397855596,0.351723575,0.8507710820000001,0.819967175,0.339185584,0.290770349,0.5068558897500001,0.5068558897500001
96,0.0452597759999999,0.596576718,0.424727727,0.351723575,0.873280238,0.620165366,0.343106664,0.4296471189999999,0.460560897875,0.460560897875
97,0.201689633,0.7319056420000001,0.270494433,0.352909927,0.777867028,0.790517701,0.328744963,0.211782912,0.458239029875,0.458239029875
98,0.284897817,0.579183432,0.278684233,0.396447619,0.6226221670000001,0.784834974,0.318161247,0.4521863989999999,0.4646272359999999,0.4646272359999999
99,0.1084245019999999,0.669639024,0.453778423,0.456348666,0.401911952,0.703651102,0.327093001,0.4158188129999999,0.442083185375,0.442083185375
100,0.3425731589999999,0.611412214,0.430633883,0.362458086,0.736754577,0.744595511,0.322721155,0.3657297379999999,0.4896097903749999,0.48960979037499996
101,0.307594606,0.64229515,0.354481742,0.534547737,0.911510795,0.798847572,0.32672466,0.29768048,0.5217103427500001,0.5217103427500001
102,0.739555823,0.4354724789999999,0.396469605,0.408503035,0.884158364,0.748197125,0.347663309,0.545331245,0.563168873125,0.563168873125
103,0.365647891,0.531783875,0.304267375,0.459416104,0.868197608,0.771976717,0.333433916,0.32310668,0.49472877075,0.49472877075
104,0.218254119,0.52334046,0.33421352,0.477215328,0.811207208,0.785842039,0.321400517,0.313968732,0.473180240375,0.47318024037500006
105,0.23783851,0.5669497720000001,0.374610777,0.528908743,0.8363231740000001,0.809277894,0.335096886,0.290880416,0.4974857715,0.49748577150000006
106,0.262287449,0.587313713,0.290926102,0.515173476,0.876746205,0.783552723,0.355504925,0.717720602,0.548653149375,0.548653149375
107,0.183045094,0.6593076139999999,0.283271342,0.351723575,0.8314989759999999,0.798847572,0.3265969,0.2950329989999999,0.466165509,0.46616550900000003
108,0.392500636,0.486518147,0.388450807,0.5733511379999999,0.809996064,0.77630369,0.326904716,0.330975111,0.5106250386250001,0.5106250386250001
109,0.6127880920000001,0.503674094,0.590998229,0.351723575,0.730046049,0.7259504109999999,0.332711226,0.466167892,0.539257446,0.539257446
110,0.332687419,0.545979208,0.307788631,0.351723575,0.670055949,0.7794255929999999,0.3249170389999999,0.331692239,0.455533706625,0.455533706625
111,0.229010529,0.8133595709999999,0.344406275,0.465838618,0.533649346,0.785436336,0.335600287,0.3062205289999999,0.476690186375,0.476690186375
112,0.407573449,0.363013195,0.504723082,0.4817256629999999,0.860632057,0.75748595,0.330760361,0.424197657,0.51626392675,0.51626392675
113,0.206032995,0.704317821,0.3941634,0.458697398,0.866303567,0.700885988,0.331141845,0.412162261,0.509213159375,0.509213159375
114,0.2048845269999999,0.730654825,0.339413322,0.351723575,0.8189175759999999,0.770362003,0.324964569,0.224685369,0.47070072075,0.47070072075
115,0.238592405,0.650590011,0.35405673,0.351723575,0.729704503,0.724914572,0.316803517,0.284745438,0.4563913438749999,0.45639134387499997
116,0.241555572,0.600807467,0.30794779,0.404188534,0.8396849129999999,0.79460351,0.326627801,0.391062452,0.4883097548749999,0.48830975487499995
117,0.466247527,0.61363266,0.305170132,0.457011217,0.869022124,0.724123306,0.330502525,0.212554398,0.497282986125,0.49728298612499994
118,0.619133467,0.54987081,0.4058173439999999,0.402052478,0.883946248,0.8101325420000001,0.333705313,0.534850695,0.567438612125,0.567438612125
119,0.337051425,0.409350636,0.4110749629999999,0.383985017,0.8449659829999999,0.792028299,0.318055761,0.369436841,0.483243615625,0.483243615625
120,0.598303166,0.460630584,0.444943531,0.493836614,0.872069497,0.818200085,0.330631705,0.458734677,0.5596687323749999,0.5596687323749999
121,0.401246934,0.488648635,0.277140893,0.417599449,0.8480610209999999,0.527371687,0.338938667,0.5717384179999999,0.4838432129999999,0.4838432129999999
122,0.633735198,0.3762910229999999,0.58993094,0.448132101,0.944731761,0.7375865290000001,0.3465163129999999,0.527233512,0.575519672125,0.575519672125
123,0.245395964,0.5701602410000001,0.387801187,0.351723575,0.8573386590000001,0.719059205,0.322612146,0.200645545,0.45684206525,0.45684206524999993
124,0.306607321,0.619754106,0.328564457,0.351723575,0.857375743,0.7961141079999999,0.318045174,0.464540743,0.505340653375,0.505340653375
125,0.366311526,0.560360169,0.339449964,0.351723575,0.856599661,0.741660634,0.338764067,0.337236785,0.486513297625,0.486513297625
126,0.141658259,0.413411844,0.304518709,0.448679241,0.872069497,0.7833205059999999,0.34200488,0.452075493,0.469717303625,0.4697173036250001
127,0.270869384,0.563538444,0.457110835,0.481382219,0.8196326620000001,0.7917261790000001,0.322163881,0.411443651,0.514733406875,0.514733406875
128,0.073054127,0.698038488,0.223345658,0.470842624,0.430297897,0.821823053,0.342152585,0.410820449,0.433796860125,0.433796860125
129,0.340957146,0.556763558,0.34618651,0.516022128,0.5465634629999999,0.7153014120000001,0.331612816,0.363985377,0.46467405125,0.46467405125
130,0.514349768,0.4736079929999999,0.349980164,0.46074453,0.826470494,0.789841528,0.3343761839999999,0.242489554,0.4989825268749999,0.49898252687499994
131,0.511832003,0.551580937,0.58917508,0.635769309,0.85312889,0.703418038,0.32104615,0.349420458,0.564421358125,0.564421358125
132,0.252766722,0.616953496,0.437819886,0.583137725,0.85069503,0.809277894,0.333124638,0.310667218,0.524305326125,0.524305326125
133,0.26596232,0.522077633,0.277135974,0.364516426,0.858252219,0.838525955,0.3176190239999999,0.476071411,0.4900201202499999,0.4900201202499999
134,0.362735366,0.465726221,0.4262129839999999,0.51144422,0.897519029,0.7128263770000001,0.328111566,0.51569941,0.527534396625,0.527534396625
135,0.624783537,0.59335182,0.3751250279999999,0.4448655829999999,0.8790855790000001,0.807427434,0.338277069,0.545957579,0.576109203625,0.576109203625
136,0.593412275,0.575493742,0.393921578,0.402052478,0.88499963,0.8101325420000001,0.331708116,0.529261202,0.565122695375,0.565122695375
137,0.34923725,0.628858877,0.2329512339999999,0.409255739,0.6612220560000001,0.8402955129999999,0.322391669,0.33844594,0.47283228475,0.47283228475000005
138,0.5648549970000001,0.444255289,0.407274005,0.43222712,0.909452956,0.760103918,0.329892288,0.390812552,0.5298591406250001,0.5298591406250001
139,0.089838355,0.848039335,0.372445526,0.364516426,0.81720117,0.831326875,0.3226630139999999,0.252971894,0.487375324375,0.487375324375
140,0.492186777,0.355157903,0.4360482,0.3988070139999999,0.895426587,0.793306873,0.346858194,0.357982382,0.50947174125,0.50947174125
141,0.4135520929999999,0.616946429,0.334212079,0.4582603839999999,0.855738502,0.792028299,0.321332442,0.4224988879999999,0.5268211395,0.5268211395
142,0.2906294789999999,0.612321359,0.305956668,0.384008245,0.729014368,0.826196595,0.319748565,0.346270724,0.4767682503749999,0.4767682503749999
143,0.12639674,0.603156035,0.472455599,0.448665814,0.81066929,0.837950489,0.328487896,0.522435246,0.518777138625,0.518777138625
144,0.405777371,0.529176488,0.231715338,0.438404756,0.872750452,0.831001038,0.343450925,0.431911292,0.5105234574999999,0.5105234574999999
145,0.267958529,0.667058005,0.420462345,0.351723575,0.8087101059999999,0.7750088909999999,0.309532619,0.38933925,0.498724165,0.498724165
146,0.568945346,0.3380936229999999,0.482547866,0.4652640489999999,0.848978205,0.725374945,0.337486998,0.477746872,0.530554738,0.530554738
147,0.176054853,0.55905967,0.2742679189999999,0.563842475,0.863105227,0.818554406,0.3113046,0.480524646,0.5058392245,0.5058392245
148,0.524891364,0.50585056,0.544621653,0.520308665,0.674596579,0.657035475,0.321433203,0.361111447,0.51373111825,0.51373111825
149,0.247667914,0.539140424,0.268095115,0.447479074,0.818631137,0.77548365,0.323925903,0.386113696,0.475817114125,0.47581711412500005
150,0.444008895,0.499689373,0.392606595,0.383506966,0.807719415,0.738509957,0.326098161,0.3752586029999999,0.495924745625,0.49592474562500005
151,0.287987604,0.52950837,0.48790169,0.351723575,0.7255893609999999,0.73012254,0.321417224,0.3570225999999999,0.4739091205,0.4739091205
152,0.314157315,0.606484414,0.308435585,0.4936402029999999,0.737464652,0.808213282,0.323114583,0.333675335,0.490648171125,0.490648171125
153,0.207928746,0.705990248,0.384093034,0.4236884979999999,0.914099624,0.734122029,0.346632821,0.446154156,0.5203386445,0.5203386445
154,0.615252502,0.4958421179999999,0.354062321,0.480516181,0.883966041,0.763816915,0.340927759,0.587106483,0.56518629,0.56518629
155,0.098265045,0.720840985,0.248846912,0.351723575,0.826233874,0.798847572,0.324998277,0.286619929,0.457047021125,0.457047021125
156,0.23539531,0.668800056,0.419440844,0.351723575,0.8352901,0.772376134,0.328775627,0.373650337,0.498181497875,0.49818149787500005
157,0.372137082,0.609408999,0.4076599179999999,0.528908743,0.888676688,0.764679276,0.338281855,0.34001879,0.531221418875,0.531221418875
158,0.261925653,0.74204468,0.395294066,0.6005402910000001,0.8655661859999999,0.820813111,0.336173125,0.341317527,0.545459329875,0.545459329875
159,0.3425555289999999,0.738906002,0.297749838,0.349918171,0.777908658,0.708931003,0.322458591,0.280850273,0.477409758125,0.4774097581250001
160,0.068300052,0.788100108,0.128557128,0.351723575,0.754925915,0.567867012,0.326623155,0.279405429,0.40818779675,0.40818779675
161,0.159367069,0.651030751,0.295233991,0.351723575,0.740101475,0.759384988,0.331786255,0.3047959939999999,0.44917801225,0.44917801225
162,0.156166071,0.778761057,0.235315756,0.4011377339999999,0.7296887559999999,0.684488083,0.3345193369999999,0.258978333,0.4473818908749999,0.44738189087499985
163,0.346477737,0.509284948,0.485003485,0.405585516,0.893282475,0.645829685,0.335862325,0.325508086,0.493354282125,0.493354282125
164,0.351229026,0.43914785,0.28858067,0.382014091,0.537282422,0.818643604,0.319322123,0.266151921,0.425296463375,0.42529646337500004
165,0.165591081,0.711266955,0.347722412,0.37324055,0.816326432,0.798847572,0.331167923,0.323972808,0.483516966625,0.48351696662500004
166,0.537350798,0.321534727,0.498829739,0.401174728,0.8904772459999999,0.731220835,0.373876373,0.467623733,0.527761022375,0.527761022375
167,0.367749076,0.647690655,0.6400933670000001,0.457562783,0.746926427,0.832728135,0.3383049079999999,0.418626745,0.556210262,0.556210262
168,0.395202486,0.59394706,0.440318146,0.461869281,0.863724167,0.574689704,0.352355333,0.442235664,0.515542730125,0.515542730125
169,0.18381529,0.666395024,0.282988616,0.351723575,0.843267167,0.798847572,0.329384875,0.282565974,0.467373511625,0.467373511625
170,0.671416575,0.485900304,0.492572515,0.442218787,0.898639649,0.793976534,0.3455118379999999,0.383651271,0.564235934125,0.564235934125
171,0.435459494,0.5073456279999999,0.383411272,0.452994379,0.860919318,0.827994927,0.334174582,0.134910829,0.492151303625,0.492151303625
172,0.122617328,0.615207893,0.509412666,0.351723575,0.728099808,0.6846463359999999,0.33000582,0.443070985,0.473098051375,0.473098051375
173,0.174891637,0.676847047,0.3739318379999999,0.522385364,0.923408747,0.669828085,0.329772298,0.303577334,0.49683029375,0.49683029374999993
174,0.202177374,0.721530764,0.160188006,0.351723575,0.77564333,0.8352141479999999,0.328779977,0.39253691,0.4709742605,0.4709742605
175,0.4602140879999999,0.4599540479999999,0.367515799,0.351723575,0.741123669,0.787784237,0.330635584,0.438516982,0.49218349775,0.4921834977499999
176,0.455519968,0.4343775629999999,0.305188522,0.4932009089999999,0.823936689,0.74176134,0.33747829,0.340329759,0.4914741299999999,0.49147413
177,0.4842730999999999,0.582176784,0.522711468,0.5938580210000001,0.848801551,0.750485981,0.331764471,0.35895847,0.5591287307499999,0.5591287307499999
178,0.140935766,0.7822059579999999,0.356027846,0.465007464,0.8139980240000001,0.6816826859999999,0.320447511,0.3057892869999999,0.4832618177499999,0.4832618177499999
179,0.491547855,0.550914383,0.450709545,0.351723575,0.786281775,0.761125773,0.32232008,0.412852778,0.5159344705,0.5159344705
180,0.0882692369999999,0.7716670859999999,0.24047004,0.4728299279999999,0.8892703759999999,0.7910327429999999,0.329445914,0.282373867,0.4831698988749999,0.4831698988749999
181,0.1785576539999999,0.6984899920000001,0.369764917,0.351723575,0.503265676,0.69893228,0.331547208,0.3733908829999999,0.438209023125,0.438209023125
182,0.3219032619999999,0.679522553,0.417507433,0.458697398,0.81665219,0.645600965,0.335921149,0.269141685,0.4931183293749999,0.4931183293749999
183,0.360217444,0.5606545629999999,0.372076175,0.595892886,0.876970062,0.79129458,0.331242801,0.211296962,0.512455684125,0.512455684125
184,0.218899665,0.6314523329999999,0.339060412,0.37031764,0.856246442,0.728352982,0.325519851,0.409292167,0.4848926864999999,0.4848926865
185,0.629271449,0.549094515,0.387165483,0.425813468,0.842314331,0.8259702529999999,0.333457668,0.5434603889999999,0.5670684444999999,0.5670684444999999
186,0.503270426,0.501178135,0.22307028,0.417746535,0.848153356,0.658478026,0.348870832,0.416224232,0.48962397775,0.48962397775
187,0.1175020869999999,0.7259007670000001,0.306514106,0.361493898,0.858701295,0.864620463,0.3283936269999999,0.401982011,0.49563853175,0.49563853174999994
188,0.650155575,0.512940895,0.333112225,0.6160886720000001,0.929486225,0.877953915,0.323187028,0.515217731,0.59476778325,0.59476778325
189,0.686555185,0.5764194460000001,0.365238255,0.537926519,0.927239932,0.7996830420000001,0.347918429,0.457476001,0.587307101125,0.587307101125
190,0.1141474999999999,0.723237294,0.283978372,0.37424934,0.85828155,0.801678865,0.325559751,0.352280973,0.479176705625,0.4791767056249999
191,0.425863955,0.557291315,0.289810413,0.409021866,0.89661774,0.7902834009999999,0.334103606,0.611954859,0.539368394375,0.539368394375
192,0.221714222,0.709900668,0.267737041,0.468220213,0.775798588,0.8067026829999999,0.337858489,0.227238157,0.476896257625,0.47689625762500004
193,0.24158608,0.621095886,0.348091161,0.48705064,0.483297626,0.8845632390000001,0.32785558,0.386900127,0.472555042375,0.472555042375
194,0.318189276,0.6195050679999999,0.3789620939999999,0.377210196,0.48047464,0.677568104,0.330605675,0.399328456,0.447730438625,0.44773043862500006
195,0.4305111579999999,0.296235816,0.5055605470000001,0.3752274129999999,0.842525635,0.7446409709999999,0.335721976,0.467531314,0.49974435375,0.49974435375
196,0.25874366,0.64873946,0.224828955,0.351723575,0.823813302,0.820441935,0.3221087489999999,0.2558550519999999,0.4632818359999999,0.46328183599999995
197,0.163646078,0.681022589,0.380801867,0.528496435,0.665017681,0.749645225,0.332931817,0.34597817,0.48094248275,0.48094248275
198,0.3916893429999999,0.472786329,0.256946422,0.3866127729999999,0.897205681,0.772351412,0.352191227,0.4489920839999999,0.497346908875,0.49734690887500005
199,0.3623775389999999,0.258400595,0.503060762,0.3585770139999999,0.897567087,0.7412447320000001,0.331394864,0.4651029889999999,0.48971569775,0.48971569775000007
200,0.365138853,0.531752728,0.344283609,0.351723575,0.86445121,0.692113008,0.325221705,0.358011637,0.479087040625,0.47908704062500007
201,0.422435346,0.519170452,0.304916508,0.434340086,0.838794832,0.8018785559999999,0.337521516,0.575171025,0.529278540125,0.529278540125
202,0.4384504489999999,0.6691554239999999,0.45840807,0.447737901,0.861346108,0.82431245,0.34141265,0.510260371,0.568885427875,0.568885427875
203,0.244157517,0.653655082,0.212924083,0.361493898,0.814722231,0.7643196090000001,0.327147504,0.3899392,0.4710448905,0.4710448905
204,0.463148056,0.66299642,0.5239890779999999,0.482348379,0.901699352,0.769009658,0.33765297,0.404075498,0.5681149263749999,0.5681149263749999
205,0.615252502,0.4958421179999999,0.354062321,0.480516181,0.883966041,0.763816915,0.340927759,0.587106483,0.56518629,0.56518629
206,0.7156720190000001,0.362848125,0.319610635,0.505076533,0.90622827,0.73585184,0.323808348,0.506175254,0.546908878,0.546908878
207,0.238623957,0.559580375,0.31263443,0.351723575,0.835442624,0.798847572,0.333048901,0.368806504,0.4748384922500001,0.4748384922500001
208,0.304377405,0.640204181,0.440152191,0.4476379129999999,0.861828154,0.7165847009999999,0.323203759,0.3940623929999999,0.516006337125,0.516006337125
209,0.481486582,0.481225657,0.187071093,0.39114776,0.8967541240000001,0.6420509179999999,0.339235862,0.373354397,0.4740407991249999,0.4740407991249999
210,0.032841043,0.775429626,0.414957189,0.364516426,0.8038878009999999,0.8442806159999999,0.327166275,0.368302355,0.491422666375,0.49142266637499993
211,0.431008552,0.5609687329999999,0.363541457,0.357790695,0.727494366,0.802458621,0.318558973,0.394377904,0.494524912625,0.494524912625
212,0.354743174,0.522367729,0.356539954,0.458002688,0.907286212,0.696716736,0.332511682,0.350086505,0.497281835,0.497281835
213,0.255065248,0.530417177,0.360717102,0.457778282,0.8647882370000001,0.7665178970000001,0.337626241,0.548204299,0.515139310375,0.515139310375
214,0.40932008,0.509948225,0.528164301,0.571062235,0.890623424,0.5195741620000001,0.329769739,0.490149309,0.5310764343750001,0.5310764343750001
215,0.45944385,0.432124268,0.240206988,0.411946895,0.8713677879999999,0.7842947929999999,0.336808702,0.5952471810000001,0.516430058125,0.516430058125
216,0.396140473,0.69099438,0.360027605,0.470466515,0.8028239209999999,0.728727035,0.327508346,0.208870213,0.498194811,0.498194811
217,0.41192706,0.573003307,0.195290766,0.442373295,0.916004669,0.669373137,0.32735014,0.5725708589999999,0.513486654125,0.513486654125
218,0.4062042979999999,0.490217357,0.348313445,0.4611390139999999,0.850766455,0.798847572,0.329640987,0.34067487,0.50322549975,0.50322549975
219,0.385761085,0.47632795,0.343058472,0.43703557,0.8790300999999999,0.7837939709999999,0.3300285169999999,0.545185933,0.5225276997499999,0.5225276997499999
220,0.37977605,0.516697875,0.316732912,0.47468935,0.778343945,0.72452901,0.335679733,0.343230849,0.4837099655,0.4837099655
221,0.333266388,0.601833629,0.162864631,0.516258705,0.737597033,0.828743033,0.326759464,0.485089611,0.4990515617499999,0.4990515617499999
222,0.424974615,0.765573411,0.231828564,0.455708875,0.8788196229999999,0.779521824,0.333206161,0.467899996,0.542191633625,0.542191633625
223,0.615252502,0.4958421179999999,0.354062321,0.480516181,0.883966041,0.763816915,0.340927759,0.587106483,0.56518629,0.56518629
224,0.407748615,0.596067041,0.4330816779999999,0.459127252,0.8366500170000001,0.725418105,0.329081318,0.201532708,0.49858834175,0.49858834174999994
225,0.16749284,0.6638735379999999,0.364537701,0.351723575,0.413824172,0.7212747490000001,0.334414384,0.307938907,0.41563498325,0.41563498325000003
226,0.287267137,0.613530656,0.274920323,0.360782451,0.806653928,0.701737677,0.327775598,0.4230842629999999,0.474469004125,0.47446900412500004
227,0.4926169039999999,0.473487826,0.351757121,0.373314007,0.860883556,0.710545544,0.328049099,0.579427483,0.5212601925,0.5212601925
228,0.664691959,0.603006146,0.367748859,0.4043012239999999,0.8316191070000001,0.654226235,0.336039388,0.549610169,0.551405385875,0.551405385875
229,0.430672609,0.439349728,0.320693216,0.57848763,0.842117772,0.8010631159999999,0.327348556,0.304810841,0.5055679335,0.5055679335
230,0.2183231689999999,0.586779355,0.454647312,0.516751417,0.761402549,0.709362602,0.316047217,0.5365721489999999,0.51248572125,0.51248572125
231,0.486029511,0.35294634,0.426923934,0.351723575,0.640363494,0.694931065,0.330809263,0.390126346,0.459231691,0.45923169100000005
232,0.58659138,0.337708571,0.505471745,0.428334659,0.902956831,0.769590168,0.337585086,0.5708583939999999,0.55488710425,0.55488710425
233,0.259360197,0.576848722,0.228231045,0.494437209,0.876251937,0.761442279,0.319088612,0.348151511,0.482976439,0.48297643900000004
234,0.615252502,0.4958421179999999,0.354062321,0.480516181,0.883966041,0.763816915,0.340927759,0.587106483,0.56518629,0.56518629
235,0.129386398,0.7648967190000001,0.312952685,0.401171986,0.884409048,0.677695288,0.339119615,0.423234717,0.491608307,0.491608307
236,0.615252502,0.4958421179999999,0.354062321,0.480516181,0.883966041,0.763816915,0.340927759,0.587106483,0.56518629,0.56518629
237,0.615252502,0.4958421179999999,0.354062321,0.480516181,0.883966041,0.763816915,0.340927759,0.587106483,0.56518629,0.56518629
238,0.278665435,0.499277571,0.353357227,0.461435982,0.901157469,0.831191827,0.3331284639999999,0.608492469,0.5333383055,0.5333383055
239,0.3479659579999999,0.582563014,0.299516125,0.402475051,0.889067926,0.78838814,0.348426375,0.353650686,0.5015066593749999,0.5015066593749999
240,0.318870127,0.509459267,0.468203514,0.392153883,0.905828132,0.731155384,0.343083959,0.761520311,0.5537843221250001,0.5537843221250001
241,0.38108852,0.446805403,0.346060915,0.476344214,0.888106183,0.726635767,0.333074331,0.548329226,0.518305569875,0.518305569875
242,0.5367538070000001,0.476965686,0.4595025279999999,0.479627884,0.875335148,0.824241914,0.334472863,0.522887285,0.563723389375,0.563723389375
243,0.495751091,0.26401661,0.390604014,0.404188534,0.6885175920000001,0.7840868679999999,0.3388492979999999,0.273480246,0.454936781625,0.454936781625
244,0.569569894,0.311503911,0.434866395,0.428762202,0.872835611,0.8511403909999999,0.329855912,0.625282572,0.5529771109999999,0.5529771109999999
245,0.480458897,0.505242718,0.357127078,0.605097244,0.864842876,0.7877554640000001,0.336493097,0.271885785,0.526112894875,0.526112894875
246,0.318215245,0.475964404,0.495923126,0.428212284,0.7437186729999999,0.8312319229999999,0.324558799,0.34567922,0.4954379592499999,0.49543795924999995
247,0.615252502,0.4958421179999999,0.354062321,0.480516181,0.883966041,0.763816915,0.340927759,0.587106483,0.56518629,0.56518629
248,0.615252502,0.4958421179999999,0.354062321,0.480516181,0.883966041,0.763816915,0.340927759,0.587106483,0.56518629,0.56518629
249,0.060429275,0.8057922470000001,0.191639261,0.364516426,0.801233987,0.696385843,0.330939865,0.167960102,0.42736212575,0.42736212575
250,0.232946922,0.371536439,0.362991784,0.230713805,0.861946112,0.809090755,0.324518546,0.51992505,0.464208676625,0.46420867662500004
251,0.547200519,0.367072603,0.418338067,0.434870572,0.8571036940000001,0.7914761659999999,0.32250888,0.3555090529999999,0.5117599442499999,0.5117599442499999
252,0.72296989,0.390555052,0.253328496,0.477426329,0.943591527,0.806198947,0.338145879,0.6101802270000001,0.5677995433749999,0.5677995433749999
253,0.4519810489999999,0.448731957,0.4808136189999999,0.410728042,0.891676714,0.8209933229999999,0.335887196,0.631792798,0.55907558725,0.55907558725
254,0.2388948239999999,0.471073168,0.324116711,0.399574012,0.868545208,0.743562842,0.345929214,0.311813031,0.4629386262499999,0.46293862624999993
255,0.633440686,0.368761073,0.498335608,0.554321928,0.7961569470000001,0.426723904,0.333044252,0.535397522,0.51827274,0.51827274
256,0.615252502,0.4958421179999999,0.354062321,0.480516181,0.883966041,0.763816915,0.340927759,0.587106483,0.56518629,0.56518629
257,0.193370791,0.484998377,0.2876718119999999,0.3907403829999999,0.843415412,0.501019392,0.340396986,0.554603875,0.4495271285,0.4495271285
258,0.461912807,0.3750011379999999,0.372890578,0.371699166,0.902455781,0.582071271,0.32829542,0.639126109,0.50418153375,0.50418153375
259,0.116866354,0.629642495,0.304545697,0.510599906,0.872278825,0.612868457,0.324136227,0.332061394,0.4628749193749999,0.46287491937499997
260,0.598110237,0.512328704,0.451516772,0.476771036,0.809484572,0.78166991,0.321273592,0.384231271,0.5419232617499999,0.5419232617499999
261,0.1496157619999999,0.619596783,0.330283985,0.351723575,0.8704598290000001,0.655700394,0.33047381,0.348519584,0.45704671525,0.45704671525
262,0.4313895439999999,0.457517569,0.481699011,0.447933914,0.830247993,0.817293466,0.329325209,0.560700312,0.54451337725,0.54451337725
263,0.615252502,0.4958421179999999,0.354062321,0.480516181,0.883966041,0.763816915,0.340927759,0.587106483,0.56518629,0.56518629
264,0.359726167,0.496485433,0.1551103519999999,0.476078422,0.892170827,0.7279367990000001,0.327808163,0.391652905,0.4783711335,0.4783711335
265,0.230098665,0.588438493,0.38575242,0.4482318,0.8806385859999999,0.7182550590000001,0.323510277,0.612041712,0.5233708765,0.5233708765
266,0.47816698,0.511982464,0.320581755,0.3585770139999999,0.8869529420000001,0.785120189,0.342485541,0.627097521,0.53887055075,0.53887055075
267,0.199362774,0.54441081,0.278655252,0.468220213,0.639413327,0.851499837,0.318636727,0.2404153489999999,0.4425767861249999,0.44257678612499995
268,0.474580514,0.404526985,0.310965501,0.38471319,0.629574302,0.70555647,0.321517361,0.540882481,0.4715396005,0.4715396005000001
269,0.308179146,0.598427918,0.312991584,0.482881917,0.713199885,0.818643604,0.323805255,0.340410601,0.4873174887499999,0.48731748874999997
270,0.065914611,0.7142267990000001,0.30244061,0.5007994410000001,0.787005381,0.809277894,0.3362881179999999,0.35383789,0.483723843,0.48372384300000004
271,0.050324315,0.673947629,0.157617609,0.351723575,0.8077629829999999,0.344240909,0.337885221,0.306129039,0.37870391,0.37870391
272,0.308179146,0.598427918,0.312991584,0.482881917,0.713199885,0.818643604,0.323805255,0.340410601,0.4873174887499999,0.48731748874999997
273,0.253467318,0.585563278,0.4272049089999999,0.351723575,0.8173871659999999,0.7906874629999999,0.3328083639999999,0.446975123,0.5007271495,0.5007271495
274,0.331109446,0.394885061,0.365409275,0.326398959,0.841440318,0.721533709,0.314588578,0.357937268,0.45666282675,0.45666282675
275,0.530380999,0.504127504,0.396117874,0.447080417,0.8439649790000001,0.761096999,0.3196393489999999,0.2382011989999999,0.505076165,0.505076165
276,0.3018667989999999,0.704124601,0.247380876,0.573311742,0.857246579,0.802458621,0.323801627,0.351476496,0.5202084176249999,0.5202084176249999
277,0.50718109,0.412294658,0.440820587,0.5909002729999999,0.936707324,0.722947462,0.335594052,0.483612895,0.553757292625,0.553757292625
278,0.316604394,0.609272328,0.298498633,0.462314607,0.924132733,0.7058091,0.324237127,0.300520444,0.4926736707499999,0.49267367074999985
279,0.392487936,0.3472755829999999,0.391332255,0.38979496,0.881669107,0.770351439,0.334223173,0.343529592,0.481333005625,0.481333005625
280,0.2135640419999999,0.65246135,0.386239138,0.351723575,0.7990149590000001,0.721533709,0.320215209,0.289682872,0.46680435675,0.46680435675
281,0.409813502,0.611105565,0.3808082679999999,0.5774610410000001,0.8406515290000001,0.78166991,0.3289179889999999,0.311253775,0.530210197375,0.530210197375
282,0.308179146,0.598427918,0.312991584,0.482881917,0.713199885,0.818643604,0.323805255,0.340410601,0.4873174887499999,0.48731748874999997
283,0.316877576,0.641582515,0.38127855,0.50149586,0.7304084809999999,0.761186197,0.33198402,0.336107416,0.500115076875,0.500115076875
284,0.278732358,0.673007785,0.354900356,0.46604338,0.8294577559999999,0.740233478,0.325165913,0.4504405929999999,0.514747702375,0.514747702375
285,0.302133736,0.4294638129999999,0.298174902,0.4517125979999999,0.569847372,0.8293184990000001,0.3314927,0.356540712,0.4460855415,0.44608554150000007
286,0.546385449,0.564694183,0.366119041,0.402052478,0.842314331,0.8199725640000001,0.3355627029999999,0.50563124,0.547841498625,0.547841498625
287,0.314721757,0.591590605,0.363358123,0.456304802,0.8369315759999999,0.728352982,0.330184215,0.283855305,0.488162420625,0.488162420625
288,0.260574862,0.47866397,0.275890291,0.434245434,0.917407898,0.764870307,0.326940159,0.25643661,0.464378691375,0.464378691375
289,0.614342321,0.4508705739999999,0.394196581,0.3623111679999999,0.907039691,0.865780325,0.341351368,0.464375707,0.550033466875,0.550033466875
290,0.464833191,0.571401979,0.309570692,0.506561635,0.78279453,0.802458621,0.325602108,0.333603343,0.5121032623749999,0.5121032623749999
291,0.090981944,0.785649413,0.217102417,0.351723575,0.726610603,0.816830886,0.349437247,0.446877406,0.473151686375,0.47315168637499994
292,0.266145559,0.613713332,0.354684668,0.532849852,0.834333697,0.728352982,0.3323692139999999,0.299223982,0.49520916075,0.49520916075
293,0.268428035,0.692135319,0.318945486,0.357790695,0.809720257,0.708931003,0.3333753989999999,0.246113051,0.466929905625,0.46692990562500003
294,0.615252502,0.4958421179999999,0.354062321,0.480516181,0.883966041,0.763816915,0.340927759,0.587106483,0.56518629,0.56518629
295,0.308179146,0.598427918,0.312991584,0.482881917,0.713199885,0.818643604,0.323805255,0.340410601,0.4873174887499999,0.48731748874999997
296,0.308179146,0.598427918,0.312991584,0.482881917,0.713199885,0.818643604,0.323805255,0.340410601,0.4873174887499999,0.48731748874999997
297,0.496907422,0.453708799,0.269326765,0.466714195,0.880227312,0.8424467040000001,0.336713581,0.4977077629999999,0.530469067625,0.530469067625
298,0.302585919,0.391973662,0.364451237,0.363007072,0.894414742,0.772974963,0.322859507,0.632470379,0.505592185125,0.505592185125
299,0.291783218,0.536947583,0.212742121,0.351723575,0.8587113690000001,0.7039100620000001,0.334229214,0.282321203,0.446546043125,0.446546043125
300,0.274249698,0.474212597,0.33246703,0.351723575,0.679389515,0.753529621,0.330469627,0.35768731,0.444216121625,0.444216121625
301,0.122121176,0.746085105,0.314816665,0.351723575,0.729877826,0.668792246,0.3227528,0.433527105,0.4612120622499999,0.46121206224999994
302,0.211476264,0.5408322720000001,0.336439997,0.351723575,0.8516307359999999,0.775109598,0.321782543,0.411362149,0.4750446417499999,0.47504464175
303,0.211925465,0.622220447,0.2585591539999999,0.561840503,0.835833033,0.7592842809999999,0.3319022769999999,0.275345932,0.4821138864999999,0.4821138864999999
304,0.162306111,0.666902521,0.335393532,0.4933551229999999,0.73750434,0.674978506,0.324496863,0.387870955,0.472850993875,0.472850993875
305,0.46030812,0.470518857,0.23686654,0.463365243,0.8740513540000001,0.82480109,0.330434706,0.2148212339999999,0.484395893,0.484395893
306,0.234981988,0.5621873820000001,0.27073022,0.351723575,0.8430112329999999,0.830929804,0.320249008,0.330894125,0.4680884168750001,0.468088416875
307,0.298957597,0.579375579,0.291644262,0.351723575,0.8327831929999999,0.757860003,0.33559349,0.433021007,0.4851198382499999,0.48511983824999994
308,0.524856282,0.551898621,0.350884508,0.364976949,0.8591032190000001,0.799968358,0.345289226,0.485102547,0.5352599637500001,0.5352599637500001
309,0.44927238,0.479611745,0.50441564,0.38262798,0.833684423,0.7406535679999999,0.324088656,0.362121435,0.5095594783749999,0.5095594783749999
310,0.3298397939999999,0.443020031,0.3246815269999999,0.48643668,0.8975824859999999,0.749718612,0.322528443,0.627757208,0.522695597625,0.522695597625
311,0.441182371,0.620419212,0.406225422,0.571136784,0.84372494,0.797854893,0.325292986,0.302870447,0.538588381875,0.538588381875
312,0.604245853,0.591317026,0.350115686,0.46325797,0.905343473,0.7723850440000001,0.325743598,0.6776956120000001,0.58626303275,0.58626303275
313,0.240002225,0.5377884620000001,0.40346485,0.4839498989999999,0.596073007,0.8007178359999999,0.338170342,0.415342162,0.476938597875,0.47693859787500004
314,0.32682865,0.338410592,0.4201102329999999,0.450283306,0.785450179,0.769139137,0.332755848,0.424176755,0.4808943375,0.48089433749999994
315,0.546690783,0.505421792,0.4505288739999999,0.456304802,0.8383248729999999,0.783036642,0.331376987,0.4071623889999999,0.53985589275,0.53985589275
316,0.403978122,0.58955484,0.283238852,0.464294266,0.8610052109999999,0.6935229,0.340466924,0.314139691,0.4937751007499999,0.49377510075
317,0.172032456,0.689361105,0.221686211,0.509104848,0.6756603170000001,0.837461343,0.322529338,0.40696499,0.4793500759999999,0.47935007599999996
318,0.108770399,0.60907379,0.126106294,0.351723575,0.755842103,0.7966895740000001,0.332501095,0.490182144,0.44636112175,0.44636112175
319,0.315810696,0.485779716,0.275914902,0.347198734,0.907900904,0.66655471,0.333894245,0.44419391,0.472155977125,0.47215597712500007
320,0.333895841,0.444492383,0.244365321,0.432999471,0.904925757,0.906808225,0.349198103,0.627890298,0.5305719248749999,0.5305719248749999
321,0.165795571,0.65986463,0.394842441,0.404188534,0.792835808,0.718843405,0.3226661289999999,0.4928297339999999,0.4939832815,0.4939832815
322,0.280356591,0.547604651,0.303458959,0.351723575,0.7045566,0.765110875,0.338067272,0.314838962,0.450714685625,0.45071468562500006
323,0.066349752,0.624543974,0.3301898139999999,0.351723575,0.952427944,0.7870505179999999,0.333927662,0.433658797,0.4849840044999999,0.48498400449999995
324,0.202679333,0.693721437,0.299042646,0.351723575,0.803449318,0.767628539,0.3405767389999999,0.403688008,0.482813699375,0.48281369937500007
325,0.419380676,0.455279912,0.369594631,0.593491439,0.922567193,0.73050908,0.3325113719999999,0.517742379,0.54263458525,0.54263458525
326,0.5556014229999999,0.528195207,0.325773867,0.427760222,0.909929932,0.72251338,0.345120794,0.641043712,0.556992317125,0.556992317125
327,0.429035952,0.544309815,0.394669369,0.351723575,0.857568329,0.875888088,0.34257554,0.321904816,0.5147094354999999,0.5147094354999999
328,0.147688544,0.36687031,0.4554991679999999,0.446165966,0.757746257,0.845298696,0.341995893,0.496893906,0.4822698425,0.48226984249999993
329,0.308179146,0.598427918,0.312991584,0.482881917,0.713199885,0.818643604,0.323805255,0.340410601,0.4873174887499999,0.48731748874999997
330,0.286714168,0.5181524279999999,0.271674256,0.478640761,0.857247997,0.801019956,0.317063752,0.3010385869999999,0.478943988125,0.478943988125
331,0.363846742,0.553541281,0.389021415,0.49249669,0.71426985,0.76277736,0.3321515889999999,0.386408412,0.499314167375,0.499314167375
332,0.072849349,0.680865845,0.3889199889999999,0.5084475310000001,0.7865992409999999,0.728352982,0.341803344,0.39464588,0.487810520125,0.487810520125
333,0.490733794,0.453126109,0.329217379,0.468976312,0.875770353,0.71061844,0.33542945,0.727456683,0.548916065,0.548916065
334,0.227750927,0.5307700639999999,0.258611911,0.364516426,0.692431377,0.730683619,0.338145841,0.524280862,0.458398878375,0.45839887837499993
335,0.574685687,0.480239421,0.337215284,0.5794549929999999,0.88732477,0.802600847,0.329752371,0.569658123,0.570116437,0.570116437
336,0.333382973,0.518214321,0.3444964029999999,0.468220213,0.800919885,0.792028299,0.331734993,0.135709053,0.4655882675,0.4655882675
337,0.615252502,0.4958421179999999,0.354062321,0.480516181,0.883966041,0.763816915,0.340927759,0.587106483,0.56518629,0.56518629
338,0.430544064,0.589497912,0.415740201,0.4042067,0.7672774370000001,0.8833835329999999,0.329064521,0.529827422,0.54369272375,0.54369272375
339,0.379848185,0.567383848,0.4977880939999999,0.351723575,0.90953635,0.620640125,0.322324171,0.40896564,0.5072762485,0.5072762485
340,0.494345312,0.540834005,0.330847784,0.400561645,0.875829638,0.753358485,0.3328590389999999,0.617394405,0.543253789125,0.543253789125
341,0.473497057,0.680786149,0.53054634,0.469107756,0.826033427,0.760737333,0.332738798,0.449658038,0.5653881122500001,0.5653881122500001
342,0.386028108,0.596720892,0.3953072689999999,0.509518064,0.8093259859999999,0.8621488359999999,0.31625358,0.370472219,0.53072186925,0.53072186925
343,0.615252502,0.4958421179999999,0.354062321,0.480516181,0.883966041,0.763816915,0.340927759,0.587106483,0.56518629,0.56518629
344,0.546385449,0.564694183,0.366119041,0.402052478,0.842314331,0.8199725640000001,0.3355627029999999,0.50563124,0.547841498625,0.547841498625
345,0.4948906179999999,0.512911585,0.35015304,0.456425506,0.8869529420000001,0.785120189,0.344206556,0.634302785,0.558120402625,0.558120402625
346,0.368063312,0.622446475,0.592629163,0.446460264,0.8322594879999999,0.778058861,0.328342845,0.49904362,0.5584130035,0.5584130035
347,0.4480095999999999,0.474097734,0.313172816,0.528976749,0.8788095659999999,0.805335951,0.328376118,0.366183261,0.517870224375,0.517870224375
348,0.276452753,0.43253093,0.263243668,0.351723575,0.8693790570000001,0.5934177039999999,0.322551178,0.3645524129999999,0.4342314097499999,0.43423140974999996
349,0.370086253,0.461695863,0.264650916,0.351723575,0.6323416270000001,0.7783897540000001,0.33662731,0.4339857729999999,0.453687633875,0.453687633875
350,0.360144522,0.525026335,0.3497119829999999,0.490175806,0.852993165,0.767916272,0.330348973,0.410140419,0.510807184375,0.510807184375
351,0.348904415,0.5618450779999999,0.369214332,0.532849852,0.838351968,0.728352982,0.333789095,0.282810251,0.4995147466249999,0.4995147466249999
352,0.3831947579999999,0.625126859,0.313085836,0.36930885,0.8546423479999999,0.728727035,0.331296426,0.257514716,0.4828621035,0.4828621035
353,0.441251447,0.470739216,0.5902939229999999,0.460933561,0.848134707,0.749501359,0.32544917,0.314994797,0.5251622725,0.5251622725
354,0.546385449,0.564694183,0.366119041,0.402052478,0.842314331,0.8199725640000001,0.3355627029999999,0.50563124,0.547841498625,0.547841498625
355,0.419623773,0.474984361,0.5060920870000001,0.3948794879999999,0.875037713,0.845878558,0.337918139,0.509473105,0.545485903,0.545485903
356,0.348092682,0.6199305860000001,0.272419775,0.473926419,0.906263171,0.788228948,0.33804831,0.54033009,0.535904997625,0.535904997625
357,0.426177274,0.4875974629999999,0.276480032,0.4497429579999999,0.873749743,0.583522566,0.325555706,0.241514051,0.458042474125,0.45804247412499993
358,0.314903226,0.403744587,0.236180796,0.514179727,0.907746317,0.841311872,0.318954918,0.49689179,0.504239154125,0.504239154125
359,0.323792525,0.7779690029999999,0.353062917,0.351723575,0.613278576,0.778893287,0.336170525,0.440351762,0.49690527125,0.49690527124999995
360,0.6047959270000001,0.53023479,0.411686222,0.555902286,0.848822408,0.700500425,0.3444976389999999,0.621622729,0.57725780325,0.57725780325
361,0.324854016,0.296982498,0.27591698,0.44978826,0.8820142809999999,0.7873193909999999,0.351316557,0.5773798520000001,0.493196479375,0.49319647937500005
362,0.26471182,0.596077008,0.228367442,0.504230622,0.8584603999999999,0.767700472,0.339324576,0.429625566,0.4985622382499999,0.49856223825
363,0.165283949,0.55059714,0.346502061,0.54390077,0.738799772,0.7204834840000001,0.330656793,0.340514701,0.46709233375,0.46709233375000003
364,0.405906593,0.3829130529999999,0.235240265,0.4068524289999999,0.896959466,0.8212427809999999,0.339684901,0.299093501,0.473486623625,0.47348662362500005
365,0.168958415,0.588384198,0.353621732,0.516022128,0.694727372,0.719361325,0.325584626,0.292128267,0.457348507875,0.457348507875
366,0.49972846,0.562668656,0.360933779,0.383199596,0.8600667259999999,0.8442374559999999,0.3318539669999999,0.2215130239999999,0.508025208,0.508025208
367,0.3697600129999999,0.5868323320000001,0.243356906,0.384868194,0.732189833,0.740279515,0.322592592,0.413807541,0.47421086575,0.47421086575000004
368,0.57364042,0.5280936860000001,0.508685129,0.509754516,0.486765121,0.8402955129999999,0.333360807,0.4120683639999999,0.5240829445,0.5240829445
369,0.455840039,0.628005527,0.409214129,0.452028027,0.900455074,0.7344673079999999,0.3362106379999999,0.474725837,0.5488683223749999,0.5488683223749999
370,0.615252502,0.4958421179999999,0.354062321,0.480516181,0.883966041,0.763816915,0.340927759,0.587106483,0.56518629,0.56518629
371,0.271048148,0.549043404,0.4081499429999999,0.474494728,0.688214454,0.761628155,0.335055592,0.346079792,0.4792142769999999,0.4792142769999999
372,0.478407683,0.5480897229999999,0.351016239,0.386055381,0.8724472259999999,0.771121983,0.338284656,0.496267541,0.5302113039999999,0.5302113039999999
373,0.328116329,0.5623755579999999,0.318049607,0.351723575,0.7089705079999999,0.792028299,0.33179443,0.403965343,0.474627956125,0.4746279561249999
374,0.272753298,0.6424731779999999,0.300125571,0.4750789279999999,0.85035027,0.708177142,0.332667772,0.595902045,0.5221910255,0.5221910255
375,0.420517488,0.573391117,0.44221778,0.351723575,0.835773304,0.7906327940000001,0.314284875,0.4046413379999999,0.5166477838750001,0.5166477838750001
376,0.19173476,0.600051529,0.25305782,0.399443292,0.684399407,0.847984315,0.320436863,0.3199412219999999,0.4521311509999999,0.45213115099999995
377,0.493873933,0.5233696529999999,0.4942068979999999,0.443456082,0.8555101140000001,0.70275913,0.32756297,0.441201699,0.5352425598749999,0.5352425598749999
378,0.554528417,0.3376564629999999,0.54365021,0.4769955329999999,0.862489739,0.826813495,0.329108043,0.437088822,0.5460413402500001,0.5460413402500001
379,0.140241729,0.710278727,0.338870292,0.358502143,0.6784856229999999,0.811076225,0.336878371,0.347972877,0.465288248375,0.46528824837500005
380,0.401993336,0.701538958,0.151387574,0.4236851339999999,0.913997596,0.7897889109999999,0.347042872,0.3855277079999999,0.514370261125,0.514370261125
381,0.429174112,0.604481299,0.264380654,0.52519251,0.776480145,0.83236411,0.3335243539999999,0.589857306,0.54443181125,0.54443181125
382,0.615252502,0.4958421179999999,0.354062321,0.480516181,0.883966041,0.763816915,0.340927759,0.587106483,0.56518629,0.56518629
383,0.45735223,0.329048318,0.277455003,0.3522749429999999,0.905302452,0.5897732960000001,0.343026586,0.546439322,0.47508401875,0.47508401875
384,0.56646464,0.462973986,0.493785567,0.4144871979999999,0.8626742559999999,0.8194330259999999,0.338918836,0.487410707,0.5557685269999999,0.5557685269999999
385,0.244498658,0.594916369,0.355250307,0.534547737,0.8482116140000001,0.7826625890000001,0.328413488,0.305867917,0.499296084875,0.49929608487499993
386,0.331947506,0.419765511,0.488130437,0.39114776,0.919580375,0.849632591,0.326267576,0.582815775,0.538660941375,0.538660941375
387,0.481428763,0.510957956,0.32820515,0.333680102,0.8869529420000001,0.785120189,0.346351185,0.619540071,0.53652954475,0.53652954475
388,0.0,0.827633253,0.041467195,0.51795659,0.818677199,0.7865009479999999,0.33188301,0.240208244,0.445540804875,0.44554080487500003
389,0.098622659,0.639845341,0.217229819,0.351723575,0.777251027,0.830170764,0.333122381,0.406651312,0.45682710975,0.45682710975000007
390,0.187868862,0.696520633,0.127033431,0.35752479,0.830865272,0.78166991,0.320951624,0.356976715,0.457426404625,0.45742640462500006
391,0.215580357,0.491612052,0.290638578,0.351723575,0.772888373,0.799581291,0.327668839,0.451518437,0.4626514377499999,0.46265143774999995
392,0.31911538,0.34415144,0.397141298,0.351723575,0.820817082,0.769095977,0.3338414819999999,0.460339379,0.474528201625,0.47452820162500003
393,0.138643461,0.7921891120000001,0.375269252,0.509171363,0.866633263,0.771872601,0.331005091,0.380462092,0.520655779375,0.520655779375
394,0.493305704,0.497026515,0.337944464,0.3585770139999999,0.8869529420000001,0.792810967,0.3346813819999999,0.62492894,0.540778491,0.540778491
395,0.615252502,0.4958421179999999,0.354062321,0.480516181,0.883966041,0.763816915,0.340927759,0.587106483,0.56518629,0.56518629
396,0.105525434,0.7844839570000001,0.152863706,0.351723575,0.839653432,0.8475866679999999,0.329113288,0.383075546,0.47425320075,0.47425320075
397,0.287114268,0.647470392,0.271199336,0.440845538,0.828624006,0.797854893,0.329818522,0.369823881,0.4965938545,0.4965938545
398,0.348418226,0.602394066,0.3723303089999999,0.509922949,0.8599684240000001,0.7941930709999999,0.3255238139999999,0.56560813,0.547294873625,0.547294873625
399,0.385233576,0.637774356,0.260415417,0.525387513,0.77324108,0.810040386,0.330494541,0.326237124,0.506102999125,0.506102999125
400,0.299733449,0.5747723260000001,0.286487478,0.452503224,0.874162474,0.6338614579999999,0.323214658,0.452516467,0.48715644175,0.48715644175000006
401,0.309738929,0.413483494,0.318260577,0.499536141,0.617112295,0.692386354,0.317282053,0.42539586,0.449149462875,0.449149462875
402,0.312631594,0.545554597,0.355829191,0.482137515,0.739263124,0.767628539,0.331458605,0.3119187089999999,0.48080273425,0.48080273425
403,0.136969336,0.716706134,0.284396759,0.351723575,0.795485714,0.810400053,0.332555673,0.36305425,0.47391143675,0.47391143675
404,0.39220366,0.50807195,0.380639434,0.448829534,0.585619277,0.884102866,0.317007905,0.304660477,0.477641887875,0.477641887875
405,0.24621732,0.524191386,0.404229191,0.509104848,0.612718576,0.710801267,0.325457346,0.654756404,0.4984345422499999,0.49843454224999995
406,0.125200564,0.643672904,0.256570372,0.512317597,0.913495191,0.732712137,0.3193203639999999,0.399047279,0.4877920509999999,0.48779205099999995
407,0.615252502,0.4958421179999999,0.354062321,0.480516181,0.883966041,0.763816915,0.340927759,0.587106483,0.56518629,0.56518629
408,0.615252502,0.4958421179999999,0.354062321,0.480516181,0.883966041,0.763816915,0.340927759,0.587106483,0.56518629,0.56518629
409,0.340956879,0.4182501529999999,0.3811762979999999,0.367325885,0.855737603,0.802458621,0.318975104,0.34362467,0.478563151625,0.47856315162500007
410,0.253142378,0.6651765239999999,0.367932807,0.351723575,0.844714168,0.879381167,0.325592878,0.4396929029999999,0.51591955,0.51591955
411,0.23669331,0.623307524,0.343902231,0.423009491,0.943150074,0.753210237,0.326612866,0.327659098,0.497193103875,0.497193103875
412,0.0,0.735924283,0.288568736,0.351723575,0.7696787690000001,0.764679276,0.330820658,0.407079088,0.456059298125,0.456059298125
413,0.615252502,0.4958421179999999,0.354062321,0.480516181,0.883966041,0.763816915,0.340927759,0.587106483,0.56518629,0.56518629
414,0.4906517479999999,0.487569004,0.20106631,0.4401638329999999,0.88313416,0.923400374,0.342161451,0.5794707060000001,0.54345219825,0.54345219825
415,0.250804973,0.625465858,0.1752816989999999,0.448159475,0.612351666,0.675539586,0.326136152,0.234215762,0.4184943963749999,0.41849439637499997
416,0.615252502,0.4958421179999999,0.354062321,0.480516181,0.883966041,0.763816915,0.340927759,0.587106483,0.56518629,0.56518629
417,0.125977161,0.726927296,0.2739047639999999,0.364516426,0.624681099,0.792799424,0.328022838,0.299422845,0.442031481625,0.442031481625
418,0.145137783,0.622650013,0.2315960319999999,0.351723575,0.8841921229999999,0.758892965,0.3191237939999999,0.351082901,0.4580498982499999,0.4580498982499999
419,0.098292165,0.704614785,0.276113485,0.362458086,0.887685671,0.848579347,0.340175565,0.4792132229999999,0.4996415408749999,0.49964154087499996
420,0.308179146,0.598427918,0.312991584,0.482881917,0.713199885,0.818643604,0.323805255,0.340410601,0.4873174887499999,0.48731748874999997
421,0.231954222,0.457500592,0.160369503,0.4478969829999999,0.7881834329999999,0.718929725,0.31970375,0.4011481879999999,0.4407107994999999,0.4407107994999999
422,0.615252502,0.4958421179999999,0.354062321,0.480516181,0.883966041,0.763816915,0.340927759,0.587106483,0.56518629,0.56518629
423,0.355749897,0.523866574,0.358430763,0.424792475,0.6889776959999999,0.764693662,0.317471288,0.438169731,0.48401901075,0.48401901075
424,0.11683856,0.7881440959999999,0.45162321,0.523345418,0.923637869,0.660330018,0.333868687,0.425645936,0.52792922425,0.52792922425
425,0.615252502,0.4958421179999999,0.354062321,0.480516181,0.883966041,0.763816915,0.340927759,0.587106483,0.56518629,0.56518629
426,0.615252502,0.4958421179999999,0.354062321,0.480516181,0.883966041,0.763816915,0.340927759,0.587106483,0.56518629,0.56518629
427,0.615252502,0.4958421179999999,0.354062321,0.480516181,0.883966041,0.763816915,0.340927759,0.587106483,0.56518629,0.56518629
428,0.615252502,0.4958421179999999,0.354062321,0.480516181,0.883966041,0.763816915,0.340927759,0.587106483,0.56518629,0.56518629
429,0.284825626,0.524887125,0.368744455,0.439506075,0.904580749,0.820067882,0.333834014,0.3534223139999999,0.5037335299999999,0.5037335299999999
430,0.615252502,0.4958421179999999,0.354062321,0.480516181,0.883966041,0.763816915,0.340927759,0.587106483,0.56518629,0.56518629
431,0.308179146,0.598427918,0.312991584,0.482881917,0.713199885,0.818643604,0.323805255,0.340410601,0.4873174887499999,0.48731748874999997
432,0.13873567,0.664247455,0.222126415,0.390060047,0.819754931,0.681179153,0.321928982,0.3046568739999999,0.442836190875,0.44283619087500004
433,0.481141626,0.497382592,0.3332551139999999,0.3585770139999999,0.8841841640000001,0.785120189,0.338657737,0.618353543,0.537083997375,0.537083997375
434,0.615252502,0.4958421179999999,0.354062321,0.480516181,0.883966041,0.763816915,0.340927759,0.587106483,0.56518629,0.56518629
435,0.615252502,0.4958421179999999,0.354062321,0.480516181,0.883966041,0.763816915,0.340927759,0.587106483,0.56518629,0.56518629
436,0.615252502,0.4958421179999999,0.354062321,0.480516181,0.883966041,0.763816915,0.340927759,0.587106483,0.56518629,0.56518629
437,0.004162449,0.779900431,0.226108716,0.351723575,0.781639145,0.669367712,0.336708141,0.374715255,0.440540678,0.440540678
438,0.279500868,0.562297802,0.358796486,0.364516426,0.764778113,0.774447812,0.328322971,0.4562570589999999,0.4861146921249999,0.48611469212499997
439,0.615252502,0.4958421179999999,0.354062321,0.480516181,0.883966041,0.763816915,0.340927759,0.587106483,0.56518629,0.56518629
440,0.615252502,0.4958421179999999,0.354062321,0.480516181,0.883966041,0.763816915,0.340927759,0.587106483,0.56518629,0.56518629
441,0.277267279,0.522512679,0.309391536,0.351723575,0.8123663729999999,0.795265296,0.327682044,0.485117771,0.485165819125,0.485165819125
442,0.308179146,0.598427918,0.312991584,0.482881917,0.713199885,0.818643604,0.323805255,0.340410601,0.4873174887499999,0.48731748874999997
443,0.615252502,0.4958421179999999,0.354062321,0.480516181,0.883966041,0.763816915,0.340927759,0.587106483,0.56518629,0.56518629
444,0.615252502,0.4958421179999999,0.354062321,0.480516181,0.883966041,0.763816915,0.340927759,0.587106483,0.56518629,0.56518629
445,0.615252502,0.4958421179999999,0.354062321,0.480516181,0.883966041,0.763816915,0.340927759,0.587106483,0.56518629,0.56518629
446,0.615252502,0.4958421179999999,0.354062321,0.480516181,0.883966041,0.763816915,0.340927759,0.587106483,0.56518629,0.56518629
447,0.364013766,0.6414931110000001,0.17560815,0.45963717,0.833713857,0.654259701,0.346330547,0.479454214,0.4943138145,0.4943138145
448,0.615252502,0.4958421179999999,0.354062321,0.480516181,0.883966041,0.763816915,0.340927759,0.587106483,0.56518629,0.56518629
449,0.510488568,0.270932684,0.478637377,0.419881315,0.8864158790000001,0.770479017,0.331648362,0.591694129,0.532522166375,0.532522166375
450,0.615252502,0.4958421179999999,0.354062321,0.480516181,0.883966041,0.763816915,0.340927759,0.587106483,0.56518629,0.56518629
451,0.044420734,0.723340752,0.127923748,0.351723575,0.741123915,0.670144592,0.325496985,0.287976086,0.409018798375,0.40901879837500005
452,0.2211821219999999,0.543242541,0.35980351,0.51535429,0.8250210570000001,0.7276768090000001,0.335258636,0.378008667,0.4881934539999999,0.4881934539999999
453,0.615252502,0.4958421179999999,0.354062321,0.480516181,0.883966041,0.763816915,0.340927759,0.587106483,0.56518629,0.56518629
454,0.430747935,0.453964975,0.415593348,0.351723575,0.8141954659999999,0.587047295,0.322446893,0.362400356,0.4672649803749999,0.46726498037499997
455,0.243226295,0.5942300220000001,0.266766178,0.443815442,0.846855093,0.7826625890000001,0.329385294,0.472990922,0.497491479375,0.49749147937500005
456,0.253214408,0.581296754,0.347632868,0.351723575,0.77651797,0.855142537,0.319801612,0.341846321,0.478397005625,0.478397005625
457,0.350124251,0.594549187,0.292990428,0.36930885,0.869453283,0.728727035,0.328591029,0.296309511,0.47875669675,0.47875669674999993
458,0.354318512,0.565469827,0.446050712,0.428003706,0.566402936,0.696702349,0.322873095,0.478458132,0.482284908625,0.48228490862499995
459,0.317433344,0.499053095,0.336885072,0.351723575,0.696141282,0.745775216,0.31923917,0.372457827,0.454838572625,0.454838572625
460,0.615252502,0.4958421179999999,0.354062321,0.480516181,0.883966041,0.763816915,0.340927759,0.587106483,0.56518629,0.56518629
461,0.302128056,0.56007298,0.4390969729999999,0.375147093,0.884843665,0.8155792470000001,0.334859594,0.3062742089999999,0.502250227125,0.502250227125
462,0.788842107,0.607388448,0.415687495,0.50017555,0.885890003,0.769430252,0.345073861,0.706065891,0.627319200875,0.627319200875
463,0.615252502,0.4958421179999999,0.354062321,0.480516181,0.883966041,0.763816915,0.340927759,0.587106483,0.56518629,0.56518629
464,0.368280724,0.565323311,0.212456143,0.386264687,0.8943111029999999,0.5207932120000001,0.329946235,0.537604457,0.476872484,0.476872484
465,0.615252502,0.4958421179999999,0.354062321,0.480516181,0.883966041,0.763816915,0.340927759,0.587106483,0.56518629,0.56518629
466,0.615252502,0.4958421179999999,0.354062321,0.480516181,0.883966041,0.763816915,0.340927759,0.587106483,0.56518629,0.56518629
467,0.615252502,0.4958421179999999,0.354062321,0.480516181,0.883966041,0.763816915,0.340927759,0.587106483,0.56518629,0.56518629
468,0.538926966,0.564850607,0.6231811270000001,0.478664176,0.87188334,0.750634792,0.343687512,0.457340872,0.578646174,0.578646174
469,0.615252502,0.4958421179999999,0.354062321,0.480516181,0.883966041,0.763816915,0.340927759,0.587106483,0.56518629,0.56518629
470,0.519894906,0.449994347,0.302403574,0.4506133879999999,0.85022673,0.8100068709999999,0.354365956,0.549715739,0.535902688875,0.535902688875
471,0.108607894,0.727557155,0.282116994,0.351723575,0.8321124320000001,0.808213282,0.336230459,0.187765414,0.454290900625,0.454290900625
472,0.615252502,0.4958421179999999,0.354062321,0.480516181,0.883966041,0.763816915,0.340927759,0.587106483,0.56518629,0.56518629
473,0.615252502,0.4958421179999999,0.354062321,0.480516181,0.883966041,0.763816915,0.340927759,0.587106483,0.56518629,0.56518629
474,0.342976238,0.756176312,0.192428205,0.4488767039999999,0.898165742,0.729869578,0.335961105,0.433252302,0.5172132732499999,0.5172132732499999
475,0.185847135,0.6276420620000001,0.277250132,0.364516426,0.423904319,0.7607344559999999,0.323564041,0.261039501,0.403062259,0.403062259
476,0.615252502,0.4958421179999999,0.354062321,0.480516181,0.883966041,0.763816915,0.340927759,0.587106483,0.56518629,0.56518629
477,0.615252502,0.4958421179999999,0.354062321,0.480516181,0.883966041,0.763816915,0.340927759,0.587106483,0.56518629,0.56518629
478,0.46554275,0.382240134,0.4118226679999999,0.440536956,0.8707881,0.6936723229999999,0.348634947,0.565385073,0.5223278688749999,0.5223278688749999
479,0.245611295,0.571526477,0.4122699589999999,0.443418187,0.86192164,0.798847572,0.331584848,0.369536085,0.504339507875,0.504339507875
480,0.243013537,0.451165762,0.273596621,0.351723575,0.6637452770000001,0.609663111,0.3427872979999999,0.52466035,0.432544441375,0.432544441375
481,0.308179146,0.598427918,0.312991584,0.482881917,0.713199885,0.818643604,0.323805255,0.340410601,0.4873174887499999,0.48731748874999997
482,0.615252502,0.4958421179999999,0.354062321,0.480516181,0.883966041,0.763816915,0.340927759,0.587106483,0.56518629,0.56518629
483,0.143636724,0.820448497,0.213116426,0.357790695,0.826728702,0.798847572,0.334235797,0.2222716189999999,0.464634504,0.46463450399999995
484,0.615252502,0.4958421179999999,0.354062321,0.480516181,0.883966041,0.763816915,0.340927759,0.587106483,0.56518629,0.56518629
485,0.615252502,0.4958421179999999,0.354062321,0.480516181,0.883966041,0.763816915,0.340927759,0.587106483,0.56518629,0.56518629
486,0.255693519,0.589599177,0.303839605,0.348816686,0.8775201859999999,0.720569804,0.325111091,0.324847581,0.468249706125,0.4682497061250001
487,0.615252502,0.4958421179999999,0.354062321,0.480516181,0.883966041,0.763816915,0.340927759,0.587106483,0.56518629,0.56518629
488,0.110697652,0.713328651,0.276322593,0.351723575,0.634646302,0.729086701,0.334329765,0.391788805,0.4427405055,0.44274050550000005
489,0.5445731460000001,0.574310537,0.321364805,0.428019032,0.868552283,0.681077486,0.359464642,0.622341981,0.549962989,0.549962989
490,0.308179146,0.598427918,0.312991584,0.482881917,0.713199885,0.818643604,0.323805255,0.340410601,0.4873174887499999,0.48731748874999997
491,0.288365739,0.7364545090000001,0.427663129,0.431405052,0.751561302,0.768506125,0.328151917,0.397976903,0.5162605845000001,0.5162605845000001
492,0.38730597,0.591593732,0.409776655,0.527630395,0.80915098,0.8157662729999999,0.329281311,0.485180322,0.54446070475,0.54446070475
493,0.422477528,0.558130424,0.3582158029999999,0.364516426,0.8884267809999999,0.64111233,0.319889646,0.489296234,0.5052581465,0.5052581465
494,0.615252502,0.4958421179999999,0.354062321,0.480516181,0.883966041,0.763816915,0.340927759,0.587106483,0.56518629,0.56518629
495,0.28593954,0.637988395,0.295156078,0.452363694,0.8318192320000001,0.85856656,0.325257971,0.446154024,0.51665568675,0.51665568675
496,0.615252502,0.4958421179999999,0.354062321,0.480516181,0.883966041,0.763816915,0.340927759,0.587106483,0.56518629,0.56518629
497,0.615252502,0.4958421179999999,0.354062321,0.480516181,0.883966041,0.763816915,0.340927759,0.587106483,0.56518629,0.56518629
498,0.615252502,0.4958421179999999,0.354062321,0.480516181,0.883966041,0.763816915,0.340927759,0.587106483,0.56518629,0.56518629
499,0.2153784339999999,0.6272531370000001,0.340656237,0.364516426,0.8114448670000001,0.7880690929999999,0.320649963,0.502978815,0.4963683715,0.4963683715
500,0.615252502,0.4958421179999999,0.354062321,0.480516181,0.883966041,0.763816915,0.340927759,0.587106483,0.56518629,0.56518629
501,0.615252502,0.4958421179999999,0.354062321,0.480516181,0.883966041,0.763816915,0.340927759,0.587106483,0.56518629,0.56518629
502,0.411079422,0.485912479,0.47195724,0.443296795,0.859067701,0.588946645,0.34367737,0.406335156,0.501284101,0.501284101
503,0.615252502,0.4958421179999999,0.354062321,0.480516181,0.883966041,0.763816915,0.340927759,0.587106483,0.56518629,0.56518629
504,0.272193403,0.7628922140000001,0.2315532039999999,0.3883815779999999,0.8752900929999999,0.73372644,0.338831389,0.284616632,0.485935619125,0.485935619125
505,0.27678208,0.5928325520000001,0.312430204,0.534195692,0.796597186,0.795265296,0.33436596,0.470963115,0.5141790106249999,0.5141790106249999
506,0.615252502,0.4958421179999999,0.354062321,0.480516181,0.883966041,0.763816915,0.340927759,0.587106483,0.56518629,0.56518629
507,0.253165272,0.466385631,0.296299052,0.468610323,0.789427735,0.830929804,0.32790966,0.465630591,0.4872947585,0.48729475850000004
508,0.308179146,0.598427918,0.312991584,0.482881917,0.713199885,0.818643604,0.323805255,0.340410601,0.4873174887499999,0.48731748874999997
509,0.180669331,0.7088981659999999,0.363130111,0.351723575,0.846188314,0.750335784,0.326761232,0.338879135,0.483323206,0.48332320599999995
510,0.239898147,0.613437074,0.415981713,0.351723575,0.861665573,0.84924401,0.326740047,0.308062696,0.495844104375,0.4958441043749999
511,0.181437519,0.78261218,0.330716298,0.351723575,0.720185512,0.838410862,0.33007836,0.26739033,0.4753193295,0.47531932949999994
512,0.359381652,0.708810136,0.207137468,0.469761379,0.894005849,0.725477099,0.344900919,0.498389195,0.525982962125,0.525982962125
513,0.292873717,0.6814601370000001,0.3573737729999999,0.514132927,0.870592569,0.756522044,0.32853582,0.457884996,0.532421997875,0.532421997875
514,0.294817771,0.590226368,0.481787246,0.351723575,0.64891582,0.756217047,0.324674295,0.42609518,0.4843071627499999,0.4843071627499999
515,0.615252502,0.4958421179999999,0.354062321,0.480516181,0.883966041,0.763816915,0.340927759,0.587106483,0.56518629,0.56518629
516,0.0,0.792664487,0.3472500779999999,0.4975362,0.789161404,0.748160523,0.332675826,0.551409122,0.507357205,0.507357205
517,0.078803214,0.598343781,0.1805984169999999,0.364516426,0.751640559,0.754320887,0.328970328,0.318447125,0.421955092125,0.421955092125
518,0.331759122,0.508698454,0.35069129,0.5004088720000001,0.8165004920000001,0.7888200759999999,0.334238608,0.396630773,0.5034684608750001,0.5034684608750001
519,0.615252502,0.4958421179999999,0.354062321,0.480516181,0.883966041,0.763816915,0.340927759,0.587106483,0.56518629,0.56518629
520,0.227009456,0.432444575,0.230635281,0.30103667,0.879514983,0.79202171,0.34552129,0.58293709,0.473890131875,0.473890131875
521,0.615252502,0.4958421179999999,0.354062321,0.480516181,0.883966041,0.763816915,0.340927759,0.587106483,0.56518629,0.56518629
522,0.395442845,0.54782207,0.3526095039999999,0.351723575,0.7135426840000001,0.829419205,0.326107008,0.303557648,0.477528067375,0.477528067375
523,0.279784835,0.571173141,0.375786367,0.3620598,0.789802753,0.708931003,0.326990034,0.348931061,0.47043237425,0.47043237425
524,0.615252502,0.4958421179999999,0.354062321,0.480516181,0.883966041,0.763816915,0.340927759,0.587106483,0.56518629,0.56518629
525,0.294133368,0.488123406,0.145440678,0.420628733,0.628920141,0.792028299,0.3241089789999999,0.351156251,0.430567481875,0.430567481875
526,0.615252502,0.4958421179999999,0.354062321,0.480516181,0.883966041,0.763816915,0.340927759,0.587106483,0.56518629,0.56518629
527,0.123220549,0.697987934,0.286687648,0.483754127,0.774993732,0.758921738,0.318518174,0.406835358,0.4813649074999999,0.48136490749999994
528,0.0,0.796919264,0.175255009,0.364516426,0.641475706,0.698166911,0.324352113,0.387545222,0.4235288313749999,0.42352883137499997
529,0.488908252,0.5957427479999999,0.317154781,0.464390708,0.859967712,0.756852937,0.325755396,0.474790875,0.535445426125,0.535445426125
530,0.308179146,0.598427918,0.312991584,0.482881917,0.713199885,0.818643604,0.323805255,0.340410601,0.4873174887499999,0.48731748874999997
531,0.615252502,0.4958421179999999,0.354062321,0.480516181,0.883966041,0.763816915,0.340927759,0.587106483,0.56518629,0.56518629
532,0.3918075579999999,0.582364229,0.40016054,0.416167534,0.78099436,0.7309138059999999,0.325992845,0.316213501,0.493076796625,0.4930767966249999
533,0.308179146,0.598427918,0.312991584,0.482881917,0.713199885,0.818643604,0.323805255,0.340410601,0.4873174887499999,0.48731748874999997
534,0.232849083,0.6515086720000001,0.2226038789999999,0.387,0.810083175,0.8380511959999999,0.326158306,0.460030657,0.491035621,0.491035621
535,0.129844479,0.6983525190000001,0.328364056,0.351723575,0.830150301,0.8139075179999999,0.329525509,0.381390392,0.4829072936249999,0.48290729362499996
536,0.138788131,0.6242332829999999,0.260126607,0.351723575,0.550523997,0.678733422,0.328352416,0.293863231,0.40329308275,0.40329308275
537,0.169824601,0.747413542,0.310391684,0.404188534,0.75595482,0.734421271,0.337908455,0.422243225,0.4852932665,0.4852932665
538,0.308179146,0.598427918,0.312991584,0.482881917,0.713199885,0.818643604,0.323805255,0.340410601,0.4873174887499999,0.48731748874999997
539,0.111861814,0.746008295,0.272445909,0.351723575,0.74674629,0.76324061,0.325132823,0.3384125879999999,0.456946488,0.45694648800000004
540,0.615252502,0.4958421179999999,0.354062321,0.480516181,0.883966041,0.763816915,0.340927759,0.587106483,0.56518629,0.56518629
541,0.213311565,0.657468381,0.212015692,0.455355366,0.850861533,0.7812670840000001,0.321659484,0.32737767,0.477414596875,0.47741459687500004
542,0.036036006,0.851366195,0.158245432,0.351723575,0.865078425,0.5367630729999999,0.32177099,0.29683915,0.42722785575,0.42722785575
543,0.292765833,0.47117104,0.43585051,0.44158338,0.8893119159999999,0.736305922,0.329773806,0.408860991,0.50070292475,0.50070292475
544,0.615252502,0.4958421179999999,0.354062321,0.480516181,0.883966041,0.763816915,0.340927759,0.587106483,0.56518629,0.56518629
545,0.310611455,0.5339639629999999,0.225289806,0.443483571,0.646774297,0.828095633,0.316914658,0.419972966,0.465638293625,0.465638293625
546,0.177575973,0.624539205,0.393979926,0.473859207,0.821948122,0.793452578,0.336756736,0.4930895079999999,0.514400156875,0.514400156875
547,0.615252502,0.4958421179999999,0.354062321,0.480516181,0.883966041,0.763816915,0.340927759,0.587106483,0.56518629,0.56518629
548,0.236587705,0.574071663,0.256612483,0.4632332629999999,0.691811128,0.7899997809999999,0.320426692,0.432960303,0.4707128772499999,0.47071287724999983
549,0.308179146,0.598427918,0.312991584,0.482881917,0.713199885,0.818643604,0.323805255,0.340410601,0.4873174887499999,0.48731748874999997
550,0.308179146,0.598427918,0.312991584,0.482881917,0.713199885,0.818643604,0.323805255,0.340410601,0.4873174887499999,0.48731748874999997
551,0.083498689,0.6424274999999999,0.2287435169999999,0.364516426,0.827328748,0.826254142,0.325803656,0.278833515,0.447175774125,0.447175774125
552,0.615252502,0.4958421179999999,0.354062321,0.480516181,0.883966041,0.763816915,0.340927759,0.587106483,0.56518629,0.56518629
553,0.615252502,0.4958421179999999,0.354062321,0.480516181,0.883966041,0.763816915,0.340927759,0.587106483,0.56518629,0.56518629
554,0.402171396,0.588630102,0.367877049,0.526731911,0.6382672420000001,0.7784760740000001,0.323635427,0.444995374,0.508848071875,0.508848071875
555,0.615252502,0.4958421179999999,0.354062321,0.480516181,0.883966041,0.763816915,0.340927759,0.587106483,0.56518629,0.56518629
556,0.008123003,0.7434055890000001,0.36043005,0.348623334,0.751824933,0.860808,0.329996645,0.375207329,0.472302360375,0.47230236037500006
557,0.615252502,0.4958421179999999,0.354062321,0.480516181,0.883966041,0.763816915,0.340927759,0.587106483,0.56518629,0.56518629
558,0.283351297,0.529911438,0.338434426,0.351723575,0.674589232,0.7323524709999999,0.331479978,0.403956792,0.4557249011249999,0.4557249011249999
559,0.308179146,0.598427918,0.312991584,0.482881917,0.713199885,0.818643604,0.323805255,0.340410601,0.4873174887499999,0.48731748874999997
560,0.405482671,0.5933203220000001,0.3254498489999999,0.523029582,0.803628701,0.784834974,0.31754069,0.3898959179999999,0.517897838375,0.517897838375
561,0.345455901,0.5407142229999999,0.282855786,0.3800989829999999,0.8169714459999999,0.852192762,0.35155609,0.632431477,0.5252845835,0.5252845835
562,0.308179146,0.598427918,0.312991584,0.482881917,0.713199885,0.818643604,0.323805255,0.340410601,0.4873174887499999,0.48731748874999997
563,0.247594133,0.566340007,0.3827184829999999,0.351723575,0.847789036,0.7930929109999999,0.333570211,0.4666335929999999,0.498682743625,0.49868274362500004
564,0.223366991,0.7487180840000001,0.251827611,0.351723575,0.742540095,0.794977563,0.332785824,0.505497939,0.49392971025,0.49392971025000004
565,0.615252502,0.4958421179999999,0.354062321,0.480516181,0.883966041,0.763816915,0.340927759,0.587106483,0.56518629,0.56518629
566,0.180016126,0.813856855,0.140595114,0.4660541929999999,0.7893503040000001,0.8636018879999999,0.3393174989999999,0.276216299,0.4836260347499999,0.48362603474999993
567,0.243085031,0.731392954,0.355215552,0.350629619,0.655702651,0.84344619,0.31626235,0.334662376,0.478799590375,0.478799590375
568,0.615252502,0.4958421179999999,0.354062321,0.480516181,0.883966041,0.763816915,0.340927759,0.587106483,0.56518629,0.56518629
569,0.165777298,0.796612567,0.38463485,0.364516426,0.747821465,0.914168089,0.314040832,0.291753858,0.4974156731249999,0.49741567312499996
570,0.5510540970000001,0.4456822029999999,0.493879356,0.384862261,0.8972541629999999,0.774319003,0.347428901,0.534960627,0.553680076375,0.553680076375
571,0.615252502,0.4958421179999999,0.354062321,0.480516181,0.883966041,0.763816915,0.340927759,0.587106483,0.56518629,0.56518629
572,0.105244827,0.884399157,0.259405615,0.454150697,0.8024572759999999,0.8070623490000001,0.33279322,0.302097298,0.493451304875,0.493451304875
573,0.529949523,0.465590857,0.4156531329999999,0.544124527,0.869102968,0.7909126890000001,0.321694611,0.717009535,0.581754730375,0.581754730375
574,0.409217934,0.557001964,0.460716623,0.334048051,0.8589536809999999,0.776012868,0.350149091,0.4874650279999999,0.529195655,0.529195655
575,0.1770066119999999,0.590894929,0.163884276,0.4847192979999999,0.69226132,0.808213282,0.329648913,0.365091622,0.4514650315,0.4514650315
576,0.025950225,0.85777645,0.234582428,0.462341051,0.8647596359999999,0.848579347,0.324383411,0.456932436,0.5094131230000001,0.5094131230000001
577,0.320201306,0.710585659,0.2061142489999999,0.464671821,0.903319806,0.81606888,0.335718066,0.491387476,0.531008407875,0.531008407875
578,0.142834244,0.6339417070000001,0.199960615,0.454079356,0.836940841,0.79129458,0.329910418,0.518993729,0.48849443625,0.48849443625
579,0.284721513,0.70232214,0.278312035,0.439488153,0.898916217,0.571837728,0.324619098,0.4170141189999999,0.489653875375,0.489653875375
580,0.179010636,0.715402755,0.256667213,0.351723575,0.6475597670000001,0.810400053,0.3212824139999999,0.508999984,0.4738807996249999,0.473880799625
581,0.308179146,0.598427918,0.312991584,0.482881917,0.713199885,0.818643604,0.323805255,0.340410601,0.4873174887499999,0.48731748874999997
582,0.29734224,0.545269572,0.2435894569999999,0.353621375,0.7976713790000001,0.639126972,0.328810616,0.253008453,0.432305008,0.43230500800000005
583,0.615252502,0.4958421179999999,0.354062321,0.480516181,0.883966041,0.763816915,0.340927759,0.587106483,0.56518629,0.56518629
584,0.615252502,0.4958421179999999,0.354062321,0.480516181,0.883966041,0.763816915,0.340927759,0.587106483,0.56518629,0.56518629
585,0.0,0.7865712229999999,0.142334073,0.351723575,0.615917287,0.811838718,0.321455108,0.339842773,0.421210344625,0.421210344625
586,0.423254843,0.569949435,0.472311195,0.374201765,0.851847865,0.768953254,0.35683923,0.4414141479999999,0.532346466875,0.532346466875
587,0.615252502,0.4958421179999999,0.354062321,0.480516181,0.883966041,0.763816915,0.340927759,0.587106483,0.56518629,0.56518629
588,0.224285053,0.65149557,0.415491899,0.446953536,0.809135633,0.744250231,0.320877348,0.463706634,0.509524488,0.509524488
589,0.615252502,0.4958421179999999,0.354062321,0.480516181,0.883966041,0.763816915,0.340927759,0.587106483,0.56518629,0.56518629
590,0.615252502,0.4958421179999999,0.354062321,0.480516181,0.883966041,0.763816915,0.340927759,0.587106483,0.56518629,0.56518629
591,0.615252502,0.4958421179999999,0.354062321,0.480516181,0.883966041,0.763816915,0.340927759,0.587106483,0.56518629,0.56518629
592,0.461592232,0.4129428979999999,0.262455448,0.417002222,0.878050491,0.7565610859999999,0.336553189,0.490188445,0.501918251375,0.501918251375
593,0.615252502,0.4958421179999999,0.354062321,0.480516181,0.883966041,0.763816915,0.340927759,0.587106483,0.56518629,0.56518629
594,0.105709839,0.722761485,0.195621951,0.351723575,0.834350155,0.621891764,0.328870612,0.385287735,0.4432771395,0.4432771395
595,0.40255231,0.542610369,0.3904682539999999,0.366492282,0.8575636640000001,0.72128201,0.339799917,0.15327806,0.47175585825,0.47175585825
596,0.615252502,0.4958421179999999,0.354062321,0.480516181,0.883966041,0.763816915,0.340927759,0.587106483,0.56518629,0.56518629
597,0.246857695,0.532740295,0.261160619,0.351723575,0.754324427,0.789150969,0.332033022,0.4245251379999999,0.4615644675,0.46156446749999996
598,0.3443898039999999,0.52346268,0.46773382,0.351723575,0.6816052509999999,0.820338351,0.330007486,0.219450037,0.4673388755,0.46733887550000003
599,0.349587952,0.480462411,0.21686312,0.448494447,0.859116801,0.6855266729999999,0.315128218,0.39337052,0.46856876775,0.46856876775
600,0.122859077,0.7670882259999999,0.210172471,0.351723575,0.813747845,0.8417600740000001,0.317535532,0.322684885,0.468446460625,0.468446460625
601,0.168058663,0.610566983,0.28600395,0.351723575,0.712167805,0.712542052,0.323404172,0.359490828,0.4404947535,0.4404947535
602,0.447914846,0.6615266089999999,0.303133375,0.375494349,0.881389585,0.8154449090000001,0.341867506,0.540835814,0.545950874125,0.545950874125
603,0.126181767,0.791887977,0.199937814,0.352909927,0.784950707,0.8132601190000001,0.329819904,0.442042656,0.480123858875,0.48012385887500003
604,0.317899237,0.59339789,0.362880806,0.351723575,0.846496557,0.77870626,0.325442007,0.5084561670000001,0.510625312375,0.510625312375
605,0.36780793,0.652739586,0.3971445779999999,0.351723575,0.78137119,0.787784237,0.3237261039999999,0.49666948,0.519870835,0.519870835
606,0.615252502,0.4958421179999999,0.354062321,0.480516181,0.883966041,0.763816915,0.340927759,0.587106483,0.56518629,0.56518629
607,0.348566951,0.5772139000000001,0.4729617779999999,0.349918171,0.816675754,0.7575003370000001,0.3375202879999999,0.300929433,0.4951608265,0.4951608265
608,0.615252502,0.4958421179999999,0.354062321,0.480516181,0.883966041,0.763816915,0.340927759,0.587106483,0.56518629,0.56518629
609,0.219572232,0.696624802,0.279876465,0.351723575,0.669448881,0.836986584,0.332756178,0.425537067,0.476565723,0.476565723
610,0.186162461,0.653980475,0.297117123,0.351723575,0.854478084,0.798847572,0.329140585,0.326813249,0.4747828905,0.4747828905
611,0.090535794,0.617312785,0.1887050689999999,0.40016475,0.83094843,0.815964809,0.3235155819999999,0.5287222420000001,0.4744836826249999,0.474483682625
612,0.172036311,0.587997501,0.278584864,0.501796928,0.852860574,0.798847572,0.326317718,0.530281937,0.5060904256250001,0.5060904256250001
613,0.245542139,0.570692552,0.325786425,0.4013547529999999,0.669989222,0.8067026829999999,0.328761673,0.447748052,0.474572187375,0.47457218737499995
614,0.3578276589999999,0.657276076,0.394477242,0.4815348,0.873396191,0.734674342,0.349317381,0.4158208879999999,0.533040572375,0.533040572375
615,0.142921414,0.734054855,0.158280734,0.410062145,0.92473022,0.739396175,0.3294551289999999,0.329043241,0.470992989125,0.47099298912499993
616,0.308179146,0.598427918,0.312991584,0.482881917,0.713199885,0.818643604,0.323805255,0.340410601,0.4873174887499999,0.48731748874999997
617,0.340585171,0.547597439,0.277864456,0.375815017,0.887380064,0.8083560000000001,0.346059109,0.31540537,0.48738282825,0.48738282825000007
618,0.308179146,0.598427918,0.312991584,0.482881917,0.713199885,0.818643604,0.323805255,0.340410601,0.4873174887499999,0.48731748874999997
619,0.615252502,0.4958421179999999,0.354062321,0.480516181,0.883966041,0.763816915,0.340927759,0.587106483,0.56518629,0.56518629
620,0.615252502,0.4958421179999999,0.354062321,0.480516181,0.883966041,0.763816915,0.340927759,0.587106483,0.56518629,0.56518629
621,0.222287347,0.6389706470000001,0.334061724,0.462200496,0.7183901770000001,0.802458621,0.320325549,0.363133284,0.4827284806249999,0.48272848062499996
622,0.120228536,0.596727413,0.318337131,0.403434372,0.782038963,0.6935229,0.313419917,0.352051493,0.447470090625,0.447470090625
623,0.350966569,0.352062876,0.369154112,0.437777497,0.882386627,0.771167655,0.327558902,0.459143346,0.493777198,0.493777198
624,0.357695414,0.551594012,0.375009051,0.351723575,0.823285385,0.844597122,0.324217166,0.491688068,0.514976224125,0.514976224125
625,0.122715718,0.699200783,0.220606914,0.351723575,0.766444659,0.643025754,0.3432707989999999,0.342290757,0.436159869875,0.436159869875
626,0.4136006679999999,0.640934633,0.464019442,0.52090147,0.933742846,0.7373807790000001,0.341592758,0.58110801,0.5791600757500001,0.5791600757500001
627,0.308179146,0.598427918,0.312991584,0.482881917,0.713199885,0.818643604,0.323805255,0.340410601,0.4873174887499999,0.48731748874999997
628,0.615252502,0.4958421179999999,0.354062321,0.480516181,0.883966041,0.763816915,0.340927759,0.587106483,0.56518629,0.56518629
629,0.488717191,0.6033914770000001,0.23155251,0.422158729,0.930395243,0.775513772,0.3377068239999999,0.622097647,0.551441674125,0.551441674125
630,0.308179146,0.598427918,0.312991584,0.482881917,0.713199885,0.818643604,0.323805255,0.340410601,0.4873174887499999,0.48731748874999997
