,Role_Supplier,Character_Facet_Cont_Activity,Temperament_Stable,Personal_Values_Facet_Cont_PowerResources,Self_Esteem_Cont_SEDiscrepancyAchievements,Temperament_Melancholic,Character_Cont_Openness,Character_Facet_Cont_Anxiety,Mean,Mean_RoleSupplier
0,0.50951376,0.6911450379999999,0.75,0.317288981,0.544263081,0.0,0.519794076,0.771031494,0.51287955375,0.51287955375
1,0.098237059,0.554196648,0.625,0.317427428,0.583342415,0.25,0.665508866,0.462166375,0.444484848875,0.444484848875
2,0.360728332,0.546109251,0.0,0.2161322839999999,0.573285324,1.0,0.491614771,0.536447486,0.465539681,0.465539681
3,0.1700674589999999,0.657481616,0.5,0.314787969,0.466592647,0.0,0.694243603,0.558339029,0.4201890403749999,0.42018904037499993
4,0.376473817,0.401775813,0.25,0.239326711,0.445069311,0.5,0.45815701,0.3548095529999999,0.3782015268749999,0.37820152687499997
5,0.30099569,0.632777602,0.375,0.3190574539999999,0.53507279,0.0,0.664397668,0.585956809,0.426657251625,0.426657251625
6,0.3955796079999999,0.722479855,0.625,0.317227658,0.52868131,0.0,0.5845938820000001,0.622908135,0.474558806,0.474558806
7,0.160924358,0.6058598000000001,0.5,0.3197717089999999,0.529194966,0.0,0.740231557,0.643564585,0.437443371875,0.437443371875
8,0.217586458,0.581234722,0.5,0.204776506,0.639329744,0.5,0.517008457,0.5466642829999999,0.4633250212499999,0.46332502124999997
9,0.518295128,0.550334122,0.375,0.209312794,0.553511469,0.25,0.475691222,0.4958421179999999,0.4284983566249999,0.4284983566249999
10,0.4406624839999999,0.577948579,0.75,0.323743162,0.547097246,0.0,0.585250809,0.624917568,0.4812024809999999,0.4812024809999999
11,0.258767685,0.613478176,1.0,0.308335558,0.510777861,0.0,0.628177069,0.433694432,0.469153847625,0.469153847625
12,0.239640771,0.634398511,0.5,0.30494247,0.499784516,0.0,0.66503663,0.7178180690000001,0.445202620875,0.445202620875
13,0.5419904520000001,0.650715434,0.125,0.206489322,0.5976531270000001,0.25,0.6101549479999999,0.444651112,0.428331799375,0.428331799375
14,0.263558375,0.569831434,0.625,0.310557448,0.513663158,0.0,0.659399066,0.642754539,0.4480955024999999,0.44809550249999996
15,0.328080831,0.576196229,0.125,0.318366422,0.556337499,0.0,0.812707203,0.579959376,0.412080945,0.41208094500000003
16,0.319889302,0.574137593,0.125,0.314372403,0.586935085,0.25,0.7249195490000001,0.678524352,0.4467222855,0.44672228550000004
17,0.324664255,0.574163918,0.375,0.311627935,0.56703019,0.0,0.664491852,0.651334221,0.4335390463749999,0.43353904637499996
18,0.254545571,0.541104504,0.375,0.306610449,0.534654678,0.25,0.44589984,0.590566649,0.412297711375,0.412297711375
19,0.387643133,0.6974788000000001,0.5,0.331732604,0.4497162179999999,0.5,0.5953752139999999,0.569366577,0.50391406825,0.50391406825
20,0.4025244229999999,0.580485381,0.375,0.196836655,0.547511734,0.25,0.5674068170000001,0.608823903,0.441073614125,0.441073614125
21,0.239473518,0.65390273,0.25,0.325518984,0.565817635,0.0,0.7446488370000001,0.652371273,0.428966622125,0.42896662212500003
22,0.185602656,0.661605539,0.375,0.32397325,0.582246733,0.0,0.7407744159999999,0.734291848,0.4504368052499999,0.45043680524999996
23,0.2442434919999999,0.63115245,0.625,0.3112744719999999,0.556337499,0.0,0.701552985,0.67800007,0.4684451209999999,0.46844512099999996
24,0.1973211319999999,0.5305713670000001,0.375,0.312245863,0.560880929,0.25,0.444550662,0.564312302,0.404360281875,0.40436028187500006
25,0.25265872,0.671882394,0.25,0.3098656489999999,0.631931104,0.0,0.7270328009999999,0.6973340840000001,0.442588094,0.442588094
26,0.19056566,0.5238045139999999,0.25,0.184490628,0.419250597,0.5,0.6082804310000001,0.601075268,0.40968338725,0.40968338725
27,0.562686711,0.5601612539999999,0.125,0.212772945,0.462924564,0.25,0.544005564,0.439271837,0.394602859375,0.394602859375
28,0.303576095,0.657440696,0.0,0.322199441,0.58061665,0.0,0.6943036579999999,0.79468687,0.41910292625,0.41910292625
29,0.39185851,0.6107208279999999,0.125,0.3127108489999999,0.617123031,0.0,0.649190838,0.528496627,0.4043875853749999,0.40438758537499997
30,0.289127971,0.59152034,0.375,0.31789365,0.496126106,0.0,0.732946042,0.550812553,0.41917833275,0.41917833275
31,0.187445128,0.61721285,0.5,0.320697462,0.482545781,0.0,0.747892992,0.559181987,0.426872025,0.42687202500000004
32,0.27961001,0.642838779,0.375,0.312467421,0.53507279,0.0,0.683027018,0.6241044170000001,0.4315150543749999,0.43151505437499993
33,0.518295128,0.550334122,0.375,0.209312794,0.553511469,0.25,0.475691222,0.4958421179999999,0.4284983566249999,0.4284983566249999
34,0.326327855,0.544095518,0.125,0.322614946,0.558039459,0.0,0.611980721,0.494132662,0.372773895125,0.37277389512500003
35,0.35546466,0.497574439,0.125,0.318514189,0.541959226,0.25,0.501589424,0.529385257,0.389935899375,0.389935899375
36,0.4630966729999999,0.603374919,0.25,0.200352434,0.552946322,0.5,0.4064063539999999,0.631376186,0.450944111,0.450944111
37,0.393593672,0.544413355,0.5,0.325321397,0.64361955,0.25,0.566862234,0.648320301,0.4840163136249999,0.48401631362499997
38,0.195642013,0.6835073970000001,0.25,0.305637827,0.577395344,0.0,0.73766513,0.720901327,0.43384362975,0.43384362975
39,0.178209797,0.497811849,0.375,0.211939251,0.84080198,0.25,0.585507718,0.767282861,0.463319182,0.463319182
40,0.1300976969999999,0.493269617,0.25,0.215265575,0.562496173,0.5,0.474794992,0.6390557720000001,0.40812247825,0.40812247825000003
41,0.427053752,0.596499112,0.5,0.311467276,0.540916429,0.25,0.452138791,0.660041903,0.467264657875,0.46726465787500004
42,0.265519744,0.7989380840000001,0.25,0.32170503,0.56703019,0.0,0.681142054,0.7518586759999999,0.45452422225,0.45452422225
43,0.351923116,0.632192999,0.125,0.325649427,0.482545781,0.0,0.693281121,0.7587670059999999,0.4211699312499999,0.42116993124999996
44,0.35918589,0.628866565,0.375,0.317468563,0.4817726679999999,0.0,0.6242675679999999,0.683512137,0.433759173875,0.433759173875
45,0.4380127239999999,0.49436314,0.5,0.30851792,0.453910198,0.5,0.597020753,0.717359125,0.5011479824999999,0.5011479824999999
46,0.3688894239999999,0.627431699,0.0,0.201162757,0.4693021429999999,0.75,0.503053795,0.5202721920000001,0.43001400125,0.43001400125
47,0.346711703,0.548226282,0.0,0.190259946,0.463502297,0.5,0.408534183,0.534133716,0.373921015875,0.373921015875
48,0.411958001,0.456374447,0.125,0.315567745,0.462010942,0.25,0.519212806,0.507036602,0.380895067875,0.38089506787500005
49,0.125177504,0.793178565,0.5,0.3219348939999999,0.595102739,0.0,0.767938373,0.829508668,0.491605092875,0.491605092875
50,0.48136033,0.5458486229999999,0.125,0.180365873,0.472433277,0.25,0.494944458,0.357394138,0.3634183373749999,0.36341833737499996
51,0.280621673,0.639287863,0.0,0.310971489,0.55376513,0.0,0.690482837,0.631536687,0.388333209875,0.38833320987500003
52,0.416620152,0.649699436,0.25,0.208447131,0.430403461,0.5,0.5208915470000001,0.441023671,0.42713567475,0.42713567475
53,0.3732920079999999,0.4661527339999999,0.125,0.314008487,0.581479755,0.25,0.496192002,0.5448942170000001,0.3938774003749999,0.39387740037499996
54,0.499315609,0.629753647,0.5,0.221788307,0.615364725,0.0,0.5411960579999999,0.2845352419999999,0.4114941984999999,0.41149419849999996
55,0.2185164869999999,0.422807864,0.25,0.2145086389999999,0.428235301,0.5,0.485358662,0.530133337,0.3811950362499999,0.38119503624999995
56,0.495987235,0.579702874,0.625,0.322126933,0.5265892870000001,0.0,0.409844836,0.54676164,0.438251600625,0.438251600625
57,0.636301369,0.531635491,0.75,0.318415795,0.44823135,0.0,0.466400163,0.528674438,0.45995732575,0.45995732575
58,0.2656680289999999,0.785807473,0.5,0.324716934,0.531121029,0.0,0.624583587,0.592789693,0.453085843125,0.453085843125
59,0.418571792,0.396835083,0.125,0.20671477,0.656431566,0.25,0.433964665,0.532829206,0.37754338525,0.37754338525
60,0.3680326579999999,0.365368996,0.0,0.301756846,0.520026589,0.75,0.418769464,0.547948122,0.4089878343749999,0.40898783437499997
61,0.449369264,0.507618036,0.375,0.318265561,0.489183863,0.25,0.420306966,0.59008353,0.4249784024999999,0.42497840249999996
62,0.421948701,0.420835967,0.5,0.194329055,0.572832016,0.0,0.5708714739999999,0.541660961,0.40280977175,0.40280977175
63,0.425560776,0.492363305,0.375,0.322196787,0.527569265,0.25,0.5215175360000001,0.477122366,0.423916254375,0.423916254375
64,0.2368054319999999,0.69318066,0.5,0.322294088,0.457711485,0.0,0.616011993,0.688142377,0.439268254375,0.439268254375
65,0.224446511,0.650123318,0.25,0.319553666,0.507352028,0.0,0.84817326,0.593821281,0.424183758,0.424183758
66,0.398644487,0.6011694120000001,0.5,0.3146381339999999,0.5051139139999999,0.25,0.533513428,0.53744751,0.455065860625,0.455065860625
67,0.335326179,0.650109528,0.375,0.315469297,0.536012155,0.0,0.636214618,0.7312897859999999,0.447427695375,0.447427695375
68,0.372826198,0.588417638,0.125,0.318147346,0.53507279,0.0,0.6352055839999999,0.670071074,0.40559257875,0.40559257875
69,0.273324639,0.661122902,0.375,0.314716516,0.53507279,0.0,0.685814843,0.6150153389999999,0.432508378625,0.432508378625
70,0.370926331,0.7294404720000001,0.25,0.312856838,0.514818445,0.0,0.6269682639999999,0.672821227,0.434728947125,0.434728947125
71,0.091842465,0.707630665,0.5,0.322078123,0.521990343,0.0,0.787770573,0.500645374,0.4289946928749999,0.42899469287499997
72,0.306432748,0.508227209,0.5,0.315514474,0.4913813629999999,0.0,0.55343608,0.499411147,0.396800377625,0.396800377625
73,0.090157193,0.749739375,0.5,0.320257155,0.505844369,0.0,0.752008001,0.7289121120000001,0.455864775625,0.45586477562500005
74,0.090157193,0.749739375,0.5,0.320257155,0.505844369,0.0,0.752008001,0.7289121120000001,0.455864775625,0.45586477562500005
75,0.3426805999999999,0.6093102539999999,0.625,0.313067529,0.528305856,0.0,0.6562885,0.618931264,0.461698000375,0.461698000375
76,0.233817637,0.605822367,0.375,0.310241662,0.576591844,0.0,0.733205126,0.636798286,0.43393461525,0.43393461525
77,0.429515805,0.568010935,0.0,0.203886368,0.60638002,0.0,0.6898197420000001,0.300605381,0.349777281375,0.349777281375
78,0.57010097,0.61878271,0.125,0.331317486,0.566143418,0.0,0.546309575,0.470889377,0.403567942,0.403567942
79,0.394991271,0.550897514,1.0,0.3254965489999999,0.509877649,0.0,0.529334668,0.5853799479999999,0.4869971998749999,0.4869971998749999
80,0.19884801,0.620854551,0.25,0.30842389,0.565635021,0.0,0.733265292,0.702705719,0.4224665603749999,0.42246656037499997
81,0.516978189,0.641092926,0.75,0.314521446,0.666325301,0.0,0.512216278,0.375899172,0.472129164,0.47212916399999993
82,0.394766367,0.457199252,0.625,0.310243831,0.560113951,0.25,0.434787331,0.521988563,0.444262411875,0.444262411875
83,0.485273904,0.589944896,0.5,0.30613204,0.560822492,0.25,0.6088129210000001,0.569494349,0.4838100752500001,0.4838100752500001
84,0.317080398,0.590187982,0.75,0.31350782,0.48976998,0.0,0.59593866,0.631803524,0.4610360455,0.4610360455
85,0.2877020269999999,0.614911267,0.375,0.318191812,0.53507279,0.0,0.676514217,0.598589301,0.4257476767499999,0.42574767674999997
86,0.375079167,0.69853834,0.0,0.312525955,0.46918284,0.25,0.667290523,0.664456478,0.429634162875,0.429634162875
87,0.215287401,0.507979431,0.125,0.319133328,0.5302979529999999,0.0,0.760603872,0.628939392,0.385905172125,0.385905172125
88,0.339464312,0.754950586,0.25,0.318543623,0.61504737,0.0,0.626347325,0.766318183,0.4588339248749999,0.45883392487499997
89,0.3398140129999999,0.629682239,0.125,0.320364821,0.5650883489999999,0.0,0.620761268,0.6872243509999999,0.4109918801249999,0.41099188012499993
90,0.271439022,0.510377228,0.125,0.308794421,0.574152125,0.25,0.432965531,0.6028084779999999,0.3844421006249999,0.38444210062499995
91,0.3132169039999999,0.766660577,0.0,0.318967774,0.665156573,0.0,0.6967796390000001,0.7279898779999999,0.436096418125,0.436096418125
92,0.3417197329999999,0.513596453,0.75,0.323337967,0.470782536,0.0,0.6484475820000001,0.558212842,0.450762139125,0.450762139125
93,0.174686236,0.57437111,0.625,0.326371585,0.567100313,0.0,0.705296587,0.465824154,0.4298312481249999,0.42983124812499995
94,0.454367249,0.603612981,0.75,0.320925134,0.452896619,0.0,0.5235735260000001,0.719208253,0.47807297025,0.47807297025
95,0.423340676,0.473897124,0.75,0.30684229,0.495445614,0.0,0.5628488739999999,0.563656753,0.447003916375,0.4470039163750001
96,0.096318318,0.619485234,0.625,0.316216368,0.514643136,0.0,0.710391842,0.4958386729999999,0.422236696375,0.422236696375
97,0.239681996,0.5653806929999999,0.125,0.327981309,0.524073308,0.25,0.751045072,0.626796907,0.426244910625,0.42624491062500003
98,0.258590327,0.5464767620000001,0.125,0.312051916,0.583801433,0.5,0.587997502,0.529861479,0.4304724273749999,0.43047242737499997
99,0.218676263,0.652013313,0.5,0.313675628,0.53504474,0.0,0.750109716,0.66221442,0.4539667599999999,0.4539667599999999
100,0.469461526,0.578887849,0.0,0.3231597969999999,0.496557074,0.0,0.6244867470000001,0.648268647,0.392602705,0.392602705
101,0.4019729689999999,0.676497186,0.375,0.312408421,0.5168114189999999,0.0,0.658655248,0.562183283,0.4379410657499999,0.43794106574999997
102,0.625489348,0.657642229,0.375,0.207822821,0.664195485,0.25,0.461089361,0.4354724789999999,0.459588965375,0.459588965375
103,0.355875994,0.498909428,0.5,0.189483497,0.5730400999999999,0.25,0.585736698,0.531783875,0.4356036989999999,0.43560369899999996
104,0.297752855,0.645770285,0.625,0.31805308,0.633933719,0.0,0.635537384,0.7276594009999999,0.4854633404999999,0.48546334049999995
105,0.300995056,0.62348669,0.375,0.31505324,0.53507279,0.0,0.645865317,0.609948199,0.4256776615000001,0.4256776615000001
106,0.149138578,0.584400596,0.25,0.203701317,0.489646098,0.5,0.538078971,0.587313713,0.412784909125,0.412784909125
107,0.248232231,0.61649839,0.375,0.313406638,0.5446344439999999,0.0,0.72036642,0.651339473,0.4336846995,0.4336846995
108,0.408510754,0.5854490179999999,0.5,0.315139599,0.614134301,0.0,0.542095295,0.63873575,0.4505080896249999,0.4505080896249999
109,0.55156662,0.590356939,0.125,0.321027918,0.609240254,0.25,0.42444853,0.628021235,0.4374576869999999,0.43745768699999993
110,0.314014976,0.565591466,0.375,0.3153076039999999,0.576509741,0.25,0.545005749,0.503852053,0.430660198625,0.430660198625
111,0.319927055,0.7286717429999999,0.375,0.320720406,0.529294892,0.0,0.690525085,0.676400752,0.455067491625,0.45506749162500004
112,0.312553488,0.40891143,0.375,0.310554222,0.5120105770000001,0.25,0.426575779,0.419364867,0.376871295375,0.376871295375
113,0.346698654,0.717616397,0.0,0.319862426,0.6215484179999999,0.0,0.8145006109999999,0.683080805,0.437913413875,0.437913413875
114,0.254464499,0.567513802,0.375,0.322569893,0.5928456329999999,0.0,0.6878334070000001,0.8380206659999999,0.4547809875,0.4547809875
115,0.307466325,0.592223655,0.375,0.322130403,0.5051910510000001,0.0,0.660464322,0.666864016,0.4286674715,0.4286674715
116,0.271406655,0.513055984,1.0,0.307992382,0.545620558,0.0,0.6475602220000001,0.597186673,0.48535280925,0.48535280925
117,0.509049688,0.512190162,0.5,0.31557704,0.521250831,0.0,0.53741837,0.723254132,0.452342527875,0.452342527875
118,0.462521489,0.539933476,0.0,0.21392005,0.505324031,0.5,0.4700218439999999,0.54987081,0.4051989625,0.4051989625
119,0.306904727,0.492509013,0.125,0.314097503,0.464567534,0.5,0.475488143,0.558495544,0.4046328079999999,0.40463280799999995
120,0.543454477,0.506775925,0.125,0.214409521,0.472487001,0.5,0.36035278,0.460630584,0.397888786,0.397888786
121,0.366690261,0.513505428,0.125,0.207479097,0.588713052,0.5,0.4947601789999999,0.488648635,0.4105995815,0.41059958150000003
122,0.4806799779999999,0.385766305,0.25,0.202738019,0.427726473,0.5,0.328272018,0.3762910229999999,0.3689342269999999,0.36893422699999995
123,0.31244095,0.473470414,0.125,0.310747007,0.443420866,0.0,0.666224503,0.545362944,0.3595833355,0.3595833355
124,0.3374026779999999,0.622857048,0.75,0.3271578739999999,0.5866630629999999,0.0,0.6164481479999999,0.646924346,0.485931644625,0.485931644625
125,0.43337702,0.58899316,0.375,0.30106361,0.512120145,0.0,0.5311591720000001,0.741093282,0.435350798625,0.43535079862500004
126,0.1796362219999999,0.559528249,0.125,0.179121542,0.480455846,0.25,0.666723686,0.413411844,0.356734673625,0.356734673625
127,0.264711522,0.5180080979999999,1.0,0.313658218,0.564904566,0.0,0.505633424,0.44076316,0.4509598735,0.45095987350000005
128,0.200326436,0.810525134,0.25,0.323757281,0.616281839,0.0,0.698660695,0.870432051,0.4712479295,0.4712479295
129,0.373482786,0.528068494,0.75,0.309810815,0.561069678,0.0,0.540175246,0.55896642,0.452696679875,0.452696679875
130,0.531901313,0.515733706,0.5,0.312119689,0.497344797,0.0,0.4913928489999999,0.54181551,0.4237884829999999,0.42378848299999994
131,0.599300761,0.53354635,0.125,0.310560631,0.4734224,0.0,0.527162338,0.596723943,0.395714552875,0.395714552875
132,0.312878358,0.698304362,0.625,0.2909542519999999,0.518345374,0.0,0.6309751929999999,0.666977444,0.4679293728749999,0.4679293728749999
133,0.221575843,0.578220076,0.375,0.325103887,0.559682983,0.25,0.498506875,0.455046464,0.407892016,0.407892016
134,0.358143157,0.4621376239999999,1.0,0.210463046,0.663389229,0.0,0.664501641,0.465726221,0.4780451147499999,0.47804511474999994
135,0.488643208,0.5365049129999999,0.0,0.209600351,0.505324031,0.5,0.476413265,0.59335182,0.4137296985,0.4137296985
136,0.428462203,0.544027388,0.0,0.218331757,0.5808064629999999,0.5,0.471142751,0.575493742,0.414783038,0.414783038
137,0.429285795,0.684248794,0.125,0.318066476,0.694196244,0.0,0.600743103,0.77560267,0.45339288525,0.45339288525000004
138,0.4587028979999999,0.542668704,0.125,0.209962425,0.438800381,0.25,0.504841467,0.444255289,0.3717788955,0.3717788955
139,0.224658487,0.7764563059999999,0.25,0.315189858,0.542377338,0.0,0.7702608470000001,0.722616418,0.45019490675,0.45019490674999996
140,0.450998525,0.530754043,0.375,0.2062853439999999,0.589536009,0.25,0.47353547,0.355157903,0.4039084117499999,0.4039084117499999
141,0.338362152,0.568098591,0.375,0.317438141,0.601753092,0.25,0.545672403,0.5217672839999999,0.439761457875,0.439761457875
142,0.366121873,0.5895079289999999,0.125,0.319530931,0.53507279,0.0,0.646255124,0.667129772,0.406077302375,0.406077302375
143,0.2472572069999999,0.7064038220000001,0.5,0.314484991,0.507125587,0.0,0.662728422,0.59174834,0.441218546125,0.44121854612500006
144,0.253812291,0.6501924960000001,0.0,0.1947444519999999,0.7998880970000001,1.0,0.61842005,0.529176488,0.50577923425,0.50577923425
145,0.357350656,0.566344254,0.375,0.315334205,0.523123717,0.0,0.654013196,0.8058743340000001,0.44963004525,0.44963004525000005
146,0.451280701,0.449099795,0.125,0.313956665,0.520935567,0.5,0.323198443,0.420745053,0.388027028,0.388027028
147,0.33652429,0.8111159640000001,0.0,0.314883955,0.446129685,0.25,0.677526766,0.671025448,0.4384007635,0.4384007635
148,0.470234052,0.489909142,0.375,0.32708479,0.4500314829999999,0.25,0.46024888,0.422110408,0.405577344375,0.405577344375
149,0.333107727,0.629012016,0.375,0.318153145,0.558513086,0.0,0.6999109840000001,0.606582569,0.440034940875,0.44003494087500006
150,0.518969786,0.626211363,0.375,0.307948933,0.4377294539999999,0.0,0.517555854,0.720862971,0.438034795125,0.438034795125
151,0.3794576739999999,0.556917835,0.625,0.31004004,0.757462108,0.0,0.537241859,0.654780236,0.477612469,0.47761246900000004
152,0.381986024,0.589319215,0.125,0.31708165,0.522180262,0.0,0.640132057,0.676298831,0.4064997548749999,0.40649975487499995
153,0.351472509,0.7742420409999999,0.0,0.315233078,0.538020906,0.0,0.654498823,0.68374288,0.414651279625,0.414651279625
154,0.518295128,0.550334122,0.375,0.209312794,0.553511469,0.25,0.475691222,0.4958421179999999,0.4284983566249999,0.4284983566249999
155,0.180615442,0.642192294,0.375,0.309356988,0.5446344439999999,0.0,0.768425095,0.61634435,0.429571076625,0.429571076625
156,0.3049058619999999,0.6803659320000001,0.625,0.322877298,0.557601186,0.0,0.622734244,0.611698855,0.4656479221249999,0.46564792212499995
157,0.377609773,0.499711619,1.0,0.3147188939999999,0.435248829,0.0,0.6026726729999999,0.597707682,0.47845868375,0.47845868375000006
158,0.3894838879999999,0.7548713840000001,0.25,0.315101051,0.5168114189999999,0.0,0.676167755,0.810673366,0.464138607875,0.464138607875
159,0.381989894,0.6795321320000001,0.75,0.32133042,0.5365337,0.0,0.633163695,0.6113032420000001,0.489231635375,0.48923163537500003
160,0.196272455,0.7379663129999999,0.0,0.324263718,0.581114528,0.0,0.8049620270000001,0.756710845,0.42516123575,0.42516123575
161,0.208882228,0.681178658,0.625,0.331198603,0.543874771,0.0,0.648174492,0.656587815,0.461862070875,0.461862070875
162,0.279382687,0.79509317,0.0,0.320480311,0.585181993,0.0,0.6703659479999999,0.692766808,0.417908864625,0.417908864625
163,0.395004902,0.60450202,0.125,0.2198550289999999,0.606873003,0.5,0.6662458179999999,0.509284948,0.4533457149999999,0.4533457149999999
164,0.331207382,0.502409859,0.125,0.31956684,0.45649893,0.25,0.599895674,0.518295066,0.3878592188749999,0.38785921887499997
165,0.311225993,0.774633929,0.25,0.31168496,0.449901754,0.0,0.706556672,0.612328407,0.427041464375,0.427041464375
166,0.5598264820000001,0.505991249,0.5,0.1944134119999999,0.564605362,0.0,0.464998302,0.321534727,0.38892119175,0.38892119175
167,0.412689942,0.538948025,0.625,0.323231715,0.6337438,0.0,0.631988519,0.558679614,0.4655352018749999,0.465535201875
168,0.330733322,0.600424793,0.125,0.201759311,0.472477907,0.25,0.787825535,0.59394706,0.420270991,0.420270991
169,0.24494796,0.603690031,0.375,0.313947267,0.576591844,0.0,0.7306715,0.662083678,0.438366535,0.43836653500000006
170,0.535883982,0.565408199,0.125,0.219767131,0.556077457,0.5,0.4003666329999999,0.485900304,0.4235504632499999,0.42355046324999995
171,0.35680746,0.454140182,0.125,0.31527497,0.5915600320000001,0.5,0.555746364,0.664658475,0.445398435375,0.445398435375
172,0.248618239,0.659742567,0.5,0.3201324989999999,0.540493934,0.0,0.7458493270000001,0.729875685,0.468089031375,0.4680890313750001
173,0.281546026,0.698406812,0.5,0.317098448,0.525649922,0.0,0.667886091,0.7719762920000001,0.4703204488749999,0.47032044887499996
174,0.2442788889999999,0.658387315,0.375,0.3140117089999999,0.597195053,0.0,0.668932823,0.631857724,0.436207939125,0.436207939125
175,0.478152206,0.5283944970000001,0.5,0.306953986,0.5439112939999999,0.0,0.547984476,0.509394773,0.426848904,0.426848904
176,0.393710446,0.404336259,0.375,0.317825906,0.414129627,0.25,0.556412101,0.611178526,0.415324108125,0.415324108125
177,0.567458382,0.634504985,0.125,0.312577885,0.465387397,0.0,0.5818269620000001,0.585619002,0.4090468266249999,0.40904682662499997
178,0.28668729,0.651916312,0.0,0.305187775,0.551508024,0.0,0.844430091,0.666977904,0.4133384244999999,0.41333842449999997
179,0.520100253,0.5112301929999999,0.5,0.315973908,0.523966954,0.5,0.6034675039999999,0.64057476,0.5144141965,0.5144141965
180,0.217911525,0.709798684,0.25,0.324338568,0.500120525,0.0,0.839266238,0.7205893059999999,0.44525310575,0.44525310575
181,0.19491647,0.62221114,1.0,0.320415426,0.594379588,0.0,0.638172061,0.653051101,0.5028932232500001,0.5028932232500001
182,0.435140745,0.620023568,0.0,0.316108947,0.55424723,0.25,0.66255183,0.700655921,0.442341030125,0.44234103012500003
183,0.430779941,0.5882231370000001,0.375,0.314655191,0.497882411,0.0,0.602104408,0.5537394170000001,0.420298063125,0.42029806312500007
184,0.261152315,0.62364759,0.375,0.32415925,0.542835772,0.0,0.6991671690000001,0.55258509,0.42231839825,0.42231839825000006
185,0.478267851,0.54092157,0.0,0.207906039,0.631565826,0.5,0.464637264,0.549094515,0.421549133125,0.421549133125
186,0.374532671,0.495237739,0.0,0.195735324,0.470826082,0.5,0.4570773379999999,0.501178135,0.374323411125,0.374323411125
187,0.26023816,0.861847118,0.25,0.320052618,0.537220327,0.0,0.705739197,0.7141920559999999,0.4561611845,0.4561611845
188,0.436973215,0.351229302,0.0,0.184759463,0.28791098,0.5,0.399790996,0.512940895,0.334200606375,0.334200606375
189,0.557378116,0.522599367,0.125,0.206304165,0.54791571,0.5,0.350813266,0.5764194460000001,0.42330375875,0.42330375875
190,0.257587102,0.876248679,0.25,0.3198225389999999,0.666800096,0.0,0.718072033,0.662817255,0.4689184629999999,0.4689184629999999
191,0.331146495,0.517182059,0.5,0.196565981,0.471899217,0.5,0.532193836,0.557291315,0.450784862875,0.450784862875
192,0.346663866,0.702389149,0.0,0.323665902,0.6793376240000001,0.0,0.663167211,0.7590290270000001,0.434281597375,0.434281597375
193,0.321380783,0.587140039,0.625,0.323524853,0.610482027,0.0,0.655999581,0.591319419,0.46435583775,0.46435583775000006
194,0.43015304,0.7151646740000001,0.125,0.309655151,0.5489514320000001,0.25,0.615272507,0.657202023,0.456424853375,0.45642485337500005
195,0.379693895,0.557167211,0.125,0.217465202,0.531720545,0.75,0.61354818,0.296235816,0.433853856125,0.433853856125
196,0.334935146,0.630758246,0.125,0.317987828,0.482545781,0.0,0.654653722,0.715878123,0.4077198557499999,0.40771985574999997
197,0.279963643,0.7132094940000001,0.5,0.326689167,0.535935895,0.0,0.7175094890000001,0.605804336,0.459889003,0.459889003
198,0.284968766,0.616078778,0.0,0.191768193,0.648269819,0.5,0.5305442220000001,0.472786329,0.4055520133749999,0.40555201337499996
199,0.1963401789999999,0.291081192,0.25,0.218040245,0.4703172539999999,0.5,0.538344099,0.258400595,0.3403154455,0.3403154455
200,0.343711425,0.524552901,0.125,0.306855577,0.609148217,0.75,0.590840989,0.496905442,0.468376818875,0.46837681887500004
201,0.4142911829999999,0.570822494,0.5,0.1910440839999999,0.5730400999999999,0.5,0.529701463,0.519170452,0.4747587219999999,0.4747587219999999
202,0.527841213,0.580036509,0.125,0.176713631,0.598218273,0.0,0.5783312589999999,0.6691554239999999,0.4069120386249999,0.40691203862499997
203,0.28626631,0.660800125,0.625,0.313311551,0.49137698,0.0,0.580123525,0.565732068,0.440326319875,0.440326319875
204,0.602547746,0.6851724229999999,0.125,0.318134075,0.49234235,0.25,0.537562876,0.7516649390000001,0.470303051125,0.470303051125
205,0.518295128,0.550334122,0.375,0.209312794,0.553511469,0.25,0.475691222,0.4958421179999999,0.4284983566249999,0.4284983566249999
206,0.578765732,0.60953135,0.125,0.2131916489999999,0.310757379,0.25,0.498889621,0.362848125,0.368622982,0.368622982
207,0.2218603989999999,0.537628805,0.625,0.324997411,0.521001308,0.25,0.5579407989999999,0.574104184,0.4515666132499999,0.45156661325
208,0.422752663,0.689116229,0.25,0.318955919,0.506468178,0.0,0.674842727,0.662239582,0.44054691225,0.44054691225
209,0.44509419,0.7324112079999999,0.125,0.222418241,0.639329744,0.75,0.5379291039999999,0.481225657,0.4916760179999999,0.49167601799999994
210,0.162126475,0.7647182990000001,0.5,0.315225657,0.519814757,0.0,0.750377946,0.559016692,0.44640997825,0.44640997824999995
211,0.486479037,0.6720448659999999,0.125,0.306962797,0.517860352,0.0,0.5302362279999999,0.647054095,0.410704671875,0.410704671875
212,0.367575171,0.551536065,0.75,0.31201991,0.53507279,0.0,0.563209414,0.582677644,0.45776137425,0.45776137425
213,0.107382655,0.5642261279999999,0.25,0.210429826,0.580551305,0.5,0.285424902,0.530417177,0.3785539991249999,0.37855399912499993
214,0.23169863,0.40217226,0.5,0.191666158,0.539362573,0.5,0.445637257,0.509948225,0.415060637875,0.415060637875
215,0.4359706439999999,0.615376001,0.375,0.190407624,0.404969922,0.25,0.565438554,0.432124268,0.4086608766249999,0.40866087662499995
216,0.4854550729999999,0.597175041,0.125,0.320449962,0.444480026,0.25,0.6229030489999999,0.649291551,0.43684433775,0.43684433775
217,0.27226413,0.5460985429999999,0.25,0.216532336,0.5304224989999999,0.5,0.35327745,0.573003307,0.405199783125,0.405199783125
218,0.286354078,0.448867119,0.25,0.309224202,0.459783055,0.5,0.474795855,0.477024797,0.4007561382499999,0.40075613824999995
219,0.289397544,0.635141335,0.25,0.211432979,0.648314449,0.5,0.685251451,0.47632795,0.4619832135,0.46198321350000005
220,0.383840632,0.560611961,0.75,0.327114203,0.543785363,0.0,0.526334028,0.5319099310000001,0.45294951475,0.45294951475
221,0.3400838029999999,0.611128271,0.75,0.324769293,0.513946282,0.0,0.58358629,0.544987695,0.45856270425,0.45856270425
222,0.290028391,0.640265666,0.25,0.202457214,0.522735841,0.5,0.54526945,0.765573411,0.464541246625,0.46454124662500007
223,0.518295128,0.550334122,0.375,0.209312794,0.553511469,0.25,0.475691222,0.4958421179999999,0.4284983566249999,0.4284983566249999
224,0.5045431420000001,0.621509735,0.125,0.307339786,0.429511837,0.0,0.553666994,0.69857292,0.40501805175,0.40501805175
225,0.284591742,0.7550886659999999,0.25,0.310983942,0.539345951,0.0,0.6899823270000001,0.7677550409999999,0.449718458625,0.44971845862500004
226,0.292944402,0.679539791,0.75,0.319333896,0.603719184,0.0,0.555699585,0.62525939,0.478312031,0.478312031
227,0.44171473,0.56952307,0.125,0.213620276,0.5280805820000001,0.25,0.541905768,0.473487826,0.3929165314999999,0.39291653149999994
228,0.536608912,0.5975634329999999,0.125,0.201422481,0.5730400999999999,0.5,0.500773929,0.603006146,0.454676875125,0.454676875125
229,0.390841855,0.485616175,0.125,0.321687353,0.47103206,0.25,0.511354967,0.5457018220000001,0.3876542789999999,0.38765427899999993
230,0.309893483,0.812741497,0.625,0.322331486,0.505505146,0.0,0.564725495,0.780822865,0.4901274965,0.4901274964999999
231,0.345367954,0.400415071,0.0,0.3171154639999999,0.522390341,0.75,0.239063185,0.644951037,0.4024128815,0.4024128815
232,0.552719535,0.521967628,0.125,0.202794278,0.570671363,0.5,0.464677381,0.337708571,0.4094423445,0.4094423445
233,0.276221863,0.549377311,0.75,0.319284096,0.474282584,0.0,0.572568664,0.647192233,0.448615843875,0.44861584387500003
234,0.518295128,0.550334122,0.375,0.209312794,0.553511469,0.25,0.475691222,0.4958421179999999,0.4284983566249999,0.4284983566249999
235,0.0034434659999999,0.327867824,0.5,0.204899544,0.5556206570000001,0.5,0.522073516,0.7648967190000001,0.42235021575,0.42235021575
236,0.518295128,0.550334122,0.375,0.209312794,0.553511469,0.25,0.475691222,0.4958421179999999,0.4284983566249999,0.4284983566249999
237,0.518295128,0.550334122,0.375,0.209312794,0.553511469,0.25,0.475691222,0.4958421179999999,0.4284983566249999,0.4284983566249999
238,0.329068236,0.616975696,0.375,0.185144361,0.60638002,0.0,0.604570462,0.499277571,0.40205204325,0.40205204325
239,0.184402814,0.4333443939999999,0.25,0.2117703389999999,0.498380624,0.5,0.494466757,0.582563014,0.3943659927499999,0.39436599274999995
240,0.2965762839999999,0.7475226159999999,0.625,0.203675154,0.488358943,0.25,0.5306013829999999,0.509459267,0.456399205875,0.45639920587500005
241,0.214247738,0.4411872739999999,0.25,0.1979372989999999,0.428235301,0.5,0.561536589,0.446805403,0.3799937005,0.3799937005
242,0.424426672,0.4983368479999999,0.375,0.210543562,0.5730400999999999,0.25,0.421476517,0.476965686,0.403723673125,0.403723673125
243,0.5196058720000001,0.4689339289999999,0.5,0.320567363,0.524342408,0.25,0.377542185,0.53683245,0.4372280258749999,0.4372280258749999
244,0.426591805,0.518050008,0.0,0.2259124519999999,0.530499759,0.75,0.421933287,0.311503911,0.39806140275,0.39806140275
245,0.363386999,0.462854802,0.0,0.31176994,0.444059284,0.75,0.46440276,0.555987389,0.41905764675,0.41905764675
246,0.369816889,0.518790667,0.125,0.312589497,0.477077012,0.25,0.701823674,0.7715350059999999,0.4408290931249999,0.44082909312499996
247,0.518295128,0.550334122,0.375,0.209312794,0.553511469,0.25,0.475691222,0.4958421179999999,0.4284983566249999,0.4284983566249999
248,0.518295128,0.550334122,0.375,0.209312794,0.553511469,0.25,0.475691222,0.4958421179999999,0.4284983566249999,0.4284983566249999
249,0.159325798,0.6148876910000001,0.25,0.31663071,0.5168114189999999,0.0,0.806946175,0.6436743220000001,0.413534514375,0.413534514375
250,0.29402821,0.724912358,0.125,0.198720535,0.455017327,0.5,0.724899435,0.371536439,0.424264288,0.42426428800000004
251,0.444416414,0.550789391,0.125,0.215276328,0.7070482579999999,0.25,0.3618903639999999,0.367072603,0.3776866697499999,0.3776866697499999
252,0.534695189,0.44240707,0.0,0.201369016,0.462429162,1.0,0.551526077,0.390555052,0.44787269575,0.44787269575
253,0.336092392,0.396173311,0.5,0.1880172999999999,0.522280737,0.5,0.526743791,0.448731957,0.427254936,0.427254936
254,0.2079422239999999,0.4745884829999999,0.125,0.214187522,0.430579662,0.25,0.35569049,0.471073168,0.3161326936249999,0.31613269362499996
255,0.382810481,0.505215765,0.0,0.198011997,0.386498461,0.5,0.429128586,0.368761073,0.346303295375,0.346303295375
256,0.518295128,0.550334122,0.375,0.209312794,0.553511469,0.25,0.475691222,0.4958421179999999,0.4284983566249999,0.4284983566249999
257,0.0916897719999999,0.62097165,0.25,0.2127206639999999,0.545372359,0.5,0.681267561,0.484998377,0.423377547875,0.423377547875
258,0.348459796,0.701438158,0.5,0.217118333,0.597888299,0.5,0.4712044629999999,0.3750011379999999,0.4638887733749999,0.46388877337499995
259,0.182412166,0.646075022,0.625,0.317172189,0.533568053,0.0,0.750800886,0.684242221,0.467408817125,0.467408817125
260,0.4946789629999999,0.43722755,0.125,0.313982857,0.4821817229999999,0.5,0.544970859,0.621264897,0.439913356125,0.439913356125
261,0.228899241,0.565864307,0.375,0.321487173,0.53507279,0.0,0.687682887,0.603440518,0.4146808645000001,0.4146808645000001
262,0.403232462,0.5986259589999999,0.125,0.201789653,0.469554856,0.25,0.52076168,0.457517569,0.378310272375,0.37831027237500003
263,0.518295128,0.550334122,0.375,0.209312794,0.553511469,0.25,0.475691222,0.4958421179999999,0.4284983566249999,0.4284983566249999
264,0.210545609,0.563348608,0.5,0.208182915,0.5050688729999999,0.5,0.407476762,0.496485433,0.423888525,0.423888525
265,0.165735068,0.63686186,0.625,0.2040347239999999,0.623656792,0.25,0.5962235779999999,0.588438493,0.4612438143749999,0.46124381437499995
266,0.350353229,0.6140512260000001,0.0,0.197039787,0.563847312,0.5,0.549234899,0.511982464,0.410813614625,0.410813614625
267,0.319527441,0.684263058,0.25,0.321240116,0.519441056,0.0,0.6329777879999999,0.598194331,0.41570547375,0.41570547375
268,0.4338049,0.486222079,0.125,0.317767285,0.495143206,0.25,0.530061421,0.320854139,0.36985662875,0.36985662875
269,0.363287636,0.574829763,0.125,0.318191261,0.53507279,0.0,0.640271374,0.662307773,0.4023700746249999,0.40237007462499996
270,0.209063997,0.666958093,0.5,0.329816765,0.530251788,0.0,0.71488366,0.6108586189999999,0.44522911525,0.44522911525
271,0.197983943,0.844227666,0.25,0.309692542,0.553041979,0.0,0.7349789840000001,0.683101737,0.446628356375,0.446628356375
272,0.363287636,0.574829763,0.125,0.318191261,0.53507279,0.0,0.640271374,0.662307773,0.4023700746249999,0.40237007462499996
273,0.336062119,0.751504033,0.125,0.3319907119999999,0.551508024,0.0,0.660591747,0.510160091,0.4083520907499999,0.40835209074999995
274,0.306381052,0.54015464,0.125,0.318886701,0.496524934,0.25,0.472697465,0.566185811,0.384478825375,0.384478825375
275,0.498706005,0.519279884,0.125,0.3116122719999999,0.5439112939999999,0.25,0.523039131,0.454014728,0.4031954142499999,0.40319541424999994
276,0.308499174,0.553357288,0.5,0.313568927,0.473997706,0.25,0.7001148909999999,0.549480764,0.4561273437499999,0.4561273437499999
277,0.3612866729999999,0.303457628,0.5,0.2370152689999999,0.26937896,0.5,0.454159416,0.412294658,0.3796990754999999,0.3796990754999999
278,0.410824246,0.583466765,0.375,0.306284585,0.432947897,0.0,0.6263389229999999,0.6087758560000001,0.4179547839999999,0.41795478399999997
279,0.467105039,0.512745524,0.125,0.177980275,0.480636162,0.25,0.66124823,0.3472755829999999,0.3777488516249999,0.37774885162499994
280,0.251162559,0.636926251,0.125,0.325734139,0.540727679,0.0,0.7187817679999999,0.61151122,0.401230452,0.401230452
281,0.3923555929999999,0.452637375,0.125,0.306438261,0.524073308,0.25,0.6273932289999999,0.667409535,0.418163412625,0.418163412625
282,0.363287636,0.574829763,0.125,0.318191261,0.53507279,0.0,0.640271374,0.662307773,0.4023700746249999,0.40237007462499996
283,0.421476885,0.652753309,0.375,0.31852126,0.600092914,0.0,0.671446331,0.7682189770000001,0.4759387095,0.4759387095
284,0.3622276929999999,0.635842899,0.375,0.321104398,0.469762821,0.0,0.72370133,0.58352251,0.433895206375,0.433895206375
285,0.337756489,0.559931531,0.75,0.316958323,0.68061592,0.0,0.49859781,0.64869789,0.474069745375,0.474069745375
286,0.380273665,0.5524547439999999,0.0,0.216643476,0.639329744,0.5,0.460295726,0.564694183,0.4142114422499999,0.41421144224999995
287,0.384189752,0.615245913,0.375,0.316658647,0.544203476,0.0,0.600599985,0.641499829,0.43467470025,0.43467470025
288,0.193182164,0.520583859,0.125,0.2128153589999999,0.572832016,0.25,0.588633741,0.47866397,0.367713888625,0.367713888625
289,0.532015153,0.657742011,0.125,0.2114304,0.598141012,0.75,0.505146627,0.4508705739999999,0.478793222125,0.47879322212500003
290,0.44407218,0.544491145,0.125,0.307934195,0.4670206939999999,0.25,0.520942846,0.667500915,0.4158702468749999,0.41587024687499996
291,0.205433819,0.85214312,0.5,0.310370361,0.5305074470000001,0.0,0.603346567,0.80234997,0.4755189105,0.47551891050000006
292,0.344649626,0.6298358829999999,0.625,0.3138939,0.544203476,0.0,0.6215384829999999,0.675032671,0.469269254875,0.46926925487500004
293,0.335702362,0.6944775409999999,0.625,0.317335671,0.511953894,0.0,0.650045799,0.59158345,0.4657623396249999,0.4657623396249999
294,0.518295128,0.550334122,0.375,0.209312794,0.553511469,0.25,0.475691222,0.4958421179999999,0.4284983566249999,0.4284983566249999
295,0.363287636,0.574829763,0.125,0.318191261,0.53507279,0.0,0.640271374,0.662307773,0.4023700746249999,0.40237007462499996
296,0.363287636,0.574829763,0.125,0.318191261,0.53507279,0.0,0.640271374,0.662307773,0.4023700746249999,0.40237007462499996
297,0.363982306,0.631718997,0.0,0.2048722589999999,0.565466137,0.75,0.5764168000000001,0.453708799,0.44327066225,0.44327066225
298,0.227543396,0.582040209,0.625,0.209074327,0.26255491,0.25,0.684673665,0.391973662,0.404107521125,0.404107521125
299,0.255222365,0.547706933,0.125,0.314819208,0.559273928,0.5,0.486652274,0.501978771,0.411331684875,0.411331684875
300,0.255178653,0.572754065,0.375,0.317064697,0.498351071,0.25,0.524858817,0.545129772,0.417292134375,0.417292134375
301,0.234514448,0.692597592,0.25,0.315077221,0.572232197,0.0,0.806860948,0.7189992070000001,0.4487852016249999,0.44878520162499996
302,0.303157746,0.63999036,0.375,0.324797281,0.5368989270000001,0.0,0.613378399,0.676089559,0.433664034,0.433664034
303,0.262213276,0.630408994,0.375,0.316156105,0.5439112939999999,0.0,0.6552665129999999,0.650603668,0.42919498125,0.42919498125
304,0.260727517,0.716868046,0.25,0.319586871,0.654202672,0.0,0.707135755,0.638727446,0.443406038375,0.443406038375
305,0.3857964989999999,0.41912229,0.125,0.319648733,0.5170609420000001,0.5,0.546680909,0.4892499489999999,0.41281991525,0.41281991525
306,0.242792411,0.469667537,1.0,0.3207931189999999,0.533120722,0.0,0.652176756,0.42097911,0.454941206875,0.454941206875
307,0.396426155,0.620356554,0.375,0.3239952239999999,0.522535263,0.0,0.6538516320000001,0.717641793,0.451225827625,0.451225827625
308,0.348443531,0.445560833,0.0,0.197349962,0.3458664629999999,0.5,0.609569487,0.551898621,0.3748361121249999,0.3748361121249999
309,0.496352261,0.4732253039999999,0.75,0.30544918,0.480966246,0.0,0.544581329,0.615678663,0.4582816228749999,0.45828162287499996
310,0.313559457,0.780524027,0.375,0.203792766,0.487013741,0.25,0.689918246,0.443020031,0.4428535335,0.4428535335
311,0.419693886,0.425924232,0.125,0.310894603,0.5655923620000001,0.25,0.6181979989999999,0.700566481,0.4269836953749999,0.4269836953749999
312,0.381798364,0.57903239,0.25,0.1980287889999999,0.578047235,0.5,0.423476535,0.591317026,0.4377125423749999,0.43771254237499996
313,0.346855755,0.6824059640000001,0.25,0.315634528,0.5102531029999999,0.0,0.565348602,0.724947468,0.4244306774999999,0.42443067749999996
314,0.24625742,0.3963266379999999,0.375,0.30696283,0.525899446,0.25,0.46262249,0.50002681,0.38288695425,0.38288695425
315,0.425894532,0.427288771,0.125,0.316656899,0.58068356,0.5,0.521178451,0.59518471,0.436485865375,0.436485865375
316,0.452058859,0.569069705,0.125,0.314191531,0.568564145,0.25,0.57468527,0.6950632390000001,0.443579093625,0.443579093625
317,0.25788813,0.738236131,0.125,0.3240714269999999,0.570090796,0.0,0.710896965,0.7652582059999999,0.4364302068749999,0.43643020687499995
318,0.177099943,0.7615607809999999,0.625,0.32212049,0.521024974,0.0,0.651063947,0.781898202,0.4799710421249999,0.479971042125
319,0.273094703,0.640253024,0.125,0.1923397489999999,0.572787386,0.25,0.5751501170000001,0.485779716,0.389300586875,0.389300586875
320,0.358411792,0.601592099,0.5,0.207001625,0.455605111,0.25,0.7230627959999999,0.444492383,0.4425207257499999,0.44252072574999995
321,0.340434426,0.800641105,0.0,0.314866653,0.53773895,0.5,0.7222887579999999,0.595831036,0.476475116,0.476475116
322,0.2455896839999999,0.41083515,0.625,0.309706577,0.6321064129999999,0.25,0.625945208,0.540652525,0.454979444625,0.454979444625
323,0.158323128,0.74662089,0.5,0.32540649,0.530434402,0.0,0.684378341,0.704238996,0.456175280875,0.456175280875
324,0.216381039,0.65661428,1.0,0.315342122,0.558952528,0.0,0.5592309010000001,0.7361889709999999,0.505338730125,0.505338730125
325,0.4213282789999999,0.709477998,0.5,0.219497575,0.598476083,0.25,0.722480593,0.455279912,0.484567555,0.48456755500000004
326,0.335874257,0.5530795239999999,0.0,0.2204472019999999,0.5144968329999999,0.5,0.497204414,0.528195207,0.3936621796249999,0.39366217962499994
327,0.466772618,0.618528544,0.75,0.318053166,0.528305856,0.0,0.57574038,0.58956338,0.480870493,0.480870493
328,0.161344344,0.587400535,0.5,0.195091588,0.419838381,0.0,0.725058049,0.36687031,0.369450400875,0.369450400875
329,0.363287636,0.574829763,0.125,0.318191261,0.53507279,0.0,0.640271374,0.662307773,0.4023700746249999,0.40237007462499996
330,0.371283961,0.599921307,0.125,0.31261659,0.5104199389999999,0.0,0.6513468720000001,0.698301849,0.40861131475,0.40861131475
331,0.38268339,0.5258290170000001,1.0,0.317837221,0.451315914,0.0,0.542392411,0.4931881489999999,0.46415576275,0.46415576275000003
332,0.184195063,0.7513697229999999,0.5,0.327681941,0.257214776,0.0,0.6828972640000001,0.5400322320000001,0.405423874875,0.40542387487500003
333,0.41031948,0.580474184,0.125,0.205630856,0.464545186,0.25,0.654831831,0.453126109,0.39299095575,0.39299095575
334,0.2200602189999999,0.576382384,1.0,0.305733743,0.487108202,0.0,0.53760439,0.488055921,0.4518681073749999,0.45186810737499994
335,0.526606181,0.4852463589999999,0.375,0.196944553,0.472487001,0.25,0.3634791329999999,0.480239421,0.3937503309999999,0.39375033099999995
336,0.33321046,0.452394641,0.5,0.3219591189999999,0.496557074,0.0,0.65349395,0.629218371,0.423354201875,0.423354201875
337,0.518295128,0.550334122,0.375,0.209312794,0.553511469,0.25,0.475691222,0.4958421179999999,0.4284983566249999,0.4284983566249999
338,0.392583326,0.559066793,0.125,0.313119902,0.558986129,0.5,0.548436478,0.672375249,0.4586959846249999,0.45869598462499994
339,0.4491457,0.603354501,0.125,0.320025331,0.446316389,0.25,0.628989337,0.7640620090000001,0.4483616583749999,0.44836165837499997
340,0.418124585,0.51491959,0.375,0.191575031,0.471899217,0.25,0.513695963,0.540834005,0.409506048875,0.409506048875
341,0.4848693329999999,0.400434155,0.5,0.322595373,0.452880257,0.25,0.711208864,0.483842923,0.450728863125,0.450728863125
342,0.473451391,0.653629124,0.375,0.317989138,0.496348456,0.0,0.568745573,0.6081530079999999,0.43666458625,0.43666458625
343,0.518295128,0.550334122,0.375,0.209312794,0.553511469,0.25,0.475691222,0.4958421179999999,0.4284983566249999,0.4284983566249999
344,0.380273665,0.5524547439999999,0.0,0.216643476,0.639329744,0.5,0.460295726,0.564694183,0.4142114422499999,0.41421144224999995
345,0.367480471,0.613487185,0.0,0.198833346,0.5280805820000001,0.5,0.532449087,0.512911585,0.4066552819999999,0.40665528199999995
346,0.408660416,0.633969275,0.75,0.316695657,0.479216076,0.0,0.5088827770000001,0.494213284,0.448954685625,0.44895468562500007
347,0.508811135,0.5359094529999999,0.125,0.313563595,0.463989306,0.0,0.46977156,0.5190529770000001,0.36701225325,0.36701225325
348,0.266629892,0.540185181,0.75,0.325183826,0.525899446,0.0,0.612687944,0.537058281,0.44470557125,0.44470557125
349,0.387682524,0.475897185,0.75,0.297552053,0.53507279,0.0,0.477578289,0.562599442,0.4357977853749999,0.4357977853749999
350,0.352786947,0.604031581,1.0,0.326676758,0.4650160339999999,0.0,0.5513961860000001,0.720511027,0.502552316625,0.502552316625
351,0.414322649,0.5959275279999999,0.375,0.316890478,0.538970497,0.0,0.6032987320000001,0.604040661,0.431056318125,0.431056318125
352,0.42857441,0.577750361,0.125,0.314908253,0.494698797,0.0,0.59341391,0.6646255520000001,0.399871410375,0.399871410375
353,0.4826994429999999,0.554716267,0.75,0.301000448,0.526745605,0.0,0.503406965,0.6525091679999999,0.4713847369999999,0.47138473699999994
354,0.380273665,0.5524547439999999,0.0,0.216643476,0.639329744,0.5,0.460295726,0.564694183,0.4142114422499999,0.41421144224999995
355,0.37084103,0.616527901,0.125,0.207837512,0.464002031,0.25,0.515885403,0.474984361,0.37813477975,0.37813477975
356,0.2800851789999999,0.564847318,0.125,0.211026629,0.363486751,0.25,0.63641251,0.6199305860000001,0.381348621625,0.381348621625
357,0.390244131,0.429895463,0.125,0.320621127,0.495848533,0.5,0.580952681,0.645795262,0.4360446496249999,0.43604464962499995
358,0.217607335,0.479733052,0.0,0.2041362089999999,0.512480708,0.5,0.558116603,0.403744587,0.35947731175,0.35947731175
359,0.374403402,0.615231324,0.125,0.317503398,0.612501004,0.5,0.688353601,0.600918542,0.479238908875,0.47923890887500004
360,0.623842636,0.509031652,0.5,0.325670924,0.492879964,0.25,0.447951451,0.563427792,0.464100552375,0.4641005523749999
361,0.243681931,0.7026558509999999,0.25,0.223038696,0.30496347,0.5,0.643877744,0.296982498,0.39565002375,0.39565002375
362,0.280957515,0.563657686,0.75,0.306987871,0.718922141,0.0,0.56351041,0.652544799,0.47957255275,0.47957255274999994
363,0.283404118,0.675163335,0.5,0.316338656,0.4890439079999999,0.0,0.6977748109999999,0.59603276,0.4447196985,0.4447196984999999
364,0.3763595729999999,0.5033126760000001,0.125,0.199316923,0.6156888460000001,0.5,0.371467893,0.3829130529999999,0.3842573705,0.38425737050000003
365,0.254449417,0.6399692920000001,0.625,0.326414218,0.521001308,0.0,0.660991475,0.648530637,0.4595445433749999,0.459544543375
366,0.418786669,0.419907091,0.375,0.311019859,0.457711485,0.25,0.512723081,0.640422707,0.4231963614999999,0.42319636149999995
367,0.33261911,0.59700326,0.125,0.318603877,0.670456461,0.25,0.4731410029999999,0.63590313,0.425340855125,0.425340855125
368,0.5744469720000001,0.58080332,0.5,0.315754907,0.439632727,0.25,0.501485741,0.6336159720000001,0.4744674548749999,0.4744674548749999
369,0.49426058,0.604400025,1.0,0.3208176339999999,0.56084762,0.0,0.491982832,0.527930828,0.500029939875,0.500029939875
370,0.518295128,0.550334122,0.375,0.209312794,0.553511469,0.25,0.475691222,0.4958421179999999,0.4284983566249999,0.4284983566249999
371,0.291337005,0.530197651,1.0,0.3146270539999999,0.439412422,0.0,0.497642779,0.547755998,0.452621613625,0.45262161362500003
372,0.34887415,0.543816607,0.5,0.198642388,0.5730400999999999,0.5,0.433392202,0.5480897229999999,0.45573189625,0.45573189624999993
373,0.306344766,0.515776161,0.125,0.318309642,0.5297667660000001,0.25,0.595998665,0.488274321,0.391183790125,0.391183790125
374,0.379694708,0.6552999820000001,0.5,0.304082966,0.62988583,0.0,0.605500253,0.4750980179999999,0.4436952196249999,0.4436952196249999
375,0.473007867,0.5693209260000001,0.125,0.3139411569999999,0.498698476,0.25,0.611616907,0.749681027,0.448908295,0.44890829500000007
376,0.2921314439999999,0.7120095209999999,0.25,0.320790773,0.5405012379999999,0.0,0.660570721,0.7079373940000001,0.4354926363749999,0.43549263637499996
377,0.397675991,0.492325675,0.375,0.32248812,0.546013251,0.25,0.384637272,0.595658951,0.4204749075,0.4204749075
378,0.404119376,0.454757511,0.0,0.316252265,0.509307894,1.0,0.432206392,0.485246965,0.450236300375,0.45023630037500006
379,0.227630641,0.6511818429999999,0.375,0.318675465,0.526373073,0.0,0.763111745,0.7542621079999999,0.452029359375,0.45202935937500005
380,0.338567587,0.582866874,0.125,0.219694022,0.615274878,0.75,0.513126265,0.701538958,0.480758573,0.480758573
381,0.3594460779999999,0.764107187,0.375,0.1964799119999999,0.589744092,0.25,0.538381758,0.604481299,0.4597050407499999,0.45970504075
382,0.518295128,0.550334122,0.375,0.209312794,0.553511469,0.25,0.475691222,0.4958421179999999,0.4284983566249999,0.4284983566249999
383,0.445636629,0.56983031,0.5,0.203967179,0.472477907,0.5,0.571441578,0.329048318,0.4490502401249999,0.4490502401249999
384,0.638775946,0.7316518809999999,0.125,0.21898142,0.470826082,0.25,0.552255071,0.462973986,0.4313080482499999,0.43130804824999996
385,0.296315487,0.599674671,0.375,0.3137921939999999,0.53507279,0.0,0.655526517,0.589691072,0.4206340913749999,0.42063409137499996
386,0.211023881,0.503944652,0.25,0.2168038689999999,0.605417045,0.5,0.58736827,0.419765511,0.4117904035,0.4117904035
387,0.35756807,0.593490816,0.0,0.198097956,0.5280805820000001,0.5,0.529409605,0.510957956,0.402200623125,0.40220062312500005
388,0.080004181,0.880643347,0.5,0.327409471,0.580726218,0.0,0.805053515,0.8089705340000001,0.49785090825,0.49785090825
389,0.206135913,0.6178087720000001,0.25,0.333524987,0.558513086,0.0,0.752814985,0.646866698,0.420708055125,0.420708055125
390,0.2446356019999999,0.692641662,0.125,0.319333383,0.571148202,0.25,0.7140564009999999,0.737837913,0.456831645375,0.456831645375
391,0.201535873,0.574283145,0.125,0.315859197,0.595501567,0.25,0.537910616,0.59710691,0.3996496635,0.3996496635
392,0.242838098,0.48447003,0.375,0.325264775,0.526656197,0.25,0.537924648,0.39647932,0.3923291335,0.3923291335
393,0.270791076,0.773903538,0.25,0.313385395,0.564927648,0.0,0.7846435159999999,0.6872412090000001,0.45561154775,0.45561154775
394,0.361681377,0.598914882,0.0,0.1977215239999999,0.563847312,0.5,0.534490914,0.497026515,0.4067103155,0.40671031550000003
395,0.518295128,0.550334122,0.375,0.209312794,0.553511469,0.25,0.475691222,0.4958421179999999,0.4284983566249999,0.4284983566249999
396,0.219784617,0.7674849009999999,0.0,0.321864529,0.595700543,0.25,0.7688458440000001,0.6454437510000001,0.4461405231250001,0.4461405231250001
397,0.344621396,0.608088715,0.375,0.314680871,0.462458273,0.0,0.6687800279999999,0.6759498840000001,0.431197395875,0.431197395875
398,0.223395981,0.391331742,0.5,0.214192196,0.453367197,0.5,0.302198852,0.602394066,0.39836000425,0.39836000425
399,0.38231109,0.6079704260000001,0.75,0.31434462,0.450944551,0.0,0.5893452339999999,0.543767375,0.454835412,0.45483541199999994
400,0.307048688,0.576509717,0.75,0.327831433,0.497156047,0.0,0.587554019,0.6986803079999999,0.4680975265,0.4680975265
401,0.352863012,0.60245469,0.625,0.313685869,0.521917298,0.0,0.49347735,0.589126841,0.4373156325,0.4373156325
402,0.3591071289999999,0.586217642,0.625,0.308451002,0.450757555,0.0,0.554785627,0.580767035,0.4331357487499999,0.43313574874999994
403,0.2073888139999999,0.607696872,0.375,0.320245795,0.5783753220000001,0.0,0.7723061290000001,0.7581539070000001,0.452395854875,0.452395854875
404,0.369408611,0.561489994,0.125,0.322449782,0.525899446,0.25,0.5747753489999999,0.61431907,0.4179177815,0.4179177815
405,0.292893064,0.633778506,0.625,0.316420315,0.411433079,0.0,0.6077717779999999,0.583874844,0.4338964482499999,0.43389644824999996
406,0.182114622,0.724149479,0.625,0.316258639,0.469829731,0.0,0.637924258,0.5780464329999999,0.44166539525,0.44166539525
407,0.518295128,0.550334122,0.375,0.209312794,0.553511469,0.25,0.475691222,0.4958421179999999,0.4284983566249999,0.4284983566249999
408,0.518295128,0.550334122,0.375,0.209312794,0.553511469,0.25,0.475691222,0.4958421179999999,0.4284983566249999,0.4284983566249999
409,0.299975248,0.52569995,0.125,0.31650496,0.496524934,0.25,0.509410293,0.552922009,0.38450467425,0.38450467425000007
410,0.304963128,0.638913708,0.125,0.319912486,0.53166887,0.25,0.730736688,0.554521655,0.4319645668749999,0.43196456687499996
411,0.3280850839999999,0.716084087,0.125,0.321862515,0.519441056,0.0,0.626134671,0.592366678,0.403621761375,0.403621761375
412,0.067732906,0.6824374120000001,0.5,0.321496552,0.5143205670000001,0.0,0.7791739129999999,0.695924997,0.445135793375,0.445135793375
413,0.518295128,0.550334122,0.375,0.209312794,0.553511469,0.25,0.475691222,0.4958421179999999,0.4284983566249999,0.4284983566249999
414,0.416204257,0.6966138000000001,0.125,0.193138697,0.396826672,0.75,0.637753124,0.487569004,0.46288819425,0.46288819425
415,0.36417673,0.6003889579999999,0.0,0.318808757,0.55376513,0.0,0.6608037529999999,0.651359216,0.3936628179999999,0.3936628179999999
416,0.518295128,0.550334122,0.375,0.209312794,0.553511469,0.25,0.475691222,0.4958421179999999,0.4284983566249999,0.4284983566249999
417,0.161514019,0.574284957,0.625,0.305481323,0.560777496,0.0,0.762456725,0.541958807,0.441434165875,0.441434165875
418,0.2072898239999999,0.606891281,0.375,0.321157113,0.522793844,0.0,0.6951551290000001,0.5967233510000001,0.41562631775,0.41562631775000003
419,0.181179133,0.715911381,0.625,0.313713458,0.563699316,0.0,0.699406451,0.748317272,0.4809033763749999,0.4809033763749999
420,0.363287636,0.574829763,0.125,0.318191261,0.53507279,0.0,0.640271374,0.662307773,0.4023700746249999,0.40237007462499996
421,0.1942514239999999,0.451490151,0.375,0.3032598019999999,0.538382919,0.25,0.546342407,0.559357717,0.4022605525,0.40226055250000003
422,0.518295128,0.550334122,0.375,0.209312794,0.553511469,0.25,0.475691222,0.4958421179999999,0.4284983566249999,0.4284983566249999
423,0.353437736,0.620109576,0.75,0.31301429,0.55632289,0.0,0.486855927,0.700042278,0.472472837125,0.472472837125
424,0.275666718,0.867847402,0.25,0.308785741,0.5305074470000001,0.0,0.70528434,0.8403064929999999,0.472299767625,0.472299767625
425,0.518295128,0.550334122,0.375,0.209312794,0.553511469,0.25,0.475691222,0.4958421179999999,0.4284983566249999,0.4284983566249999
426,0.518295128,0.550334122,0.375,0.209312794,0.553511469,0.25,0.475691222,0.4958421179999999,0.4284983566249999,0.4284983566249999
427,0.518295128,0.550334122,0.375,0.209312794,0.553511469,0.25,0.475691222,0.4958421179999999,0.4284983566249999,0.4284983566249999
428,0.518295128,0.550334122,0.375,0.209312794,0.553511469,0.25,0.475691222,0.4958421179999999,0.4284983566249999,0.4284983566249999
429,0.280256322,0.6777051890000001,0.75,0.314894461,0.5001935710000001,0.0,0.5818758039999999,0.605377345,0.4637878365,0.4637878365000001
430,0.518295128,0.550334122,0.375,0.209312794,0.553511469,0.25,0.475691222,0.4958421179999999,0.4284983566249999,0.4284983566249999
431,0.363287636,0.574829763,0.125,0.318191261,0.53507279,0.0,0.640271374,0.662307773,0.4023700746249999,0.40237007462499996
432,0.2682800999999999,0.732581223,0.0,0.329497282,0.556000321,0.25,0.7065987909999999,0.853545743,0.4620629324999999,0.4620629325
433,0.349788276,0.600717654,0.0,0.201223053,0.563847312,0.5,0.551791651,0.497382592,0.40809381725,0.40809381725000005
434,0.518295128,0.550334122,0.375,0.209312794,0.553511469,0.25,0.475691222,0.4958421179999999,0.4284983566249999,0.4284983566249999
435,0.518295128,0.550334122,0.375,0.209312794,0.553511469,0.25,0.475691222,0.4958421179999999,0.4284983566249999,0.4284983566249999
436,0.518295128,0.550334122,0.375,0.209312794,0.553511469,0.25,0.475691222,0.4958421179999999,0.4284983566249999,0.4284983566249999
437,0.149422355,0.758085355,0.25,0.316136848,0.558952528,0.0,0.857428405,0.883384707,0.4716762747499999,0.47167627474999996
438,0.303684481,0.5683102210000001,0.5,0.312823873,0.542698739,0.25,0.625926651,0.491882587,0.449415819,0.449415819
439,0.518295128,0.550334122,0.375,0.209312794,0.553511469,0.25,0.475691222,0.4958421179999999,0.4284983566249999,0.4284983566249999
440,0.518295128,0.550334122,0.375,0.209312794,0.553511469,0.25,0.475691222,0.4958421179999999,0.4284983566249999,0.4284983566249999
441,0.230219012,0.516732802,0.125,0.3196254639999999,0.5908368820000001,0.5,0.58393688,0.463893128,0.416280521,0.416280521
442,0.363287636,0.574829763,0.125,0.318191261,0.53507279,0.0,0.640271374,0.662307773,0.4023700746249999,0.40237007462499996
443,0.518295128,0.550334122,0.375,0.209312794,0.553511469,0.25,0.475691222,0.4958421179999999,0.4284983566249999,0.4284983566249999
444,0.518295128,0.550334122,0.375,0.209312794,0.553511469,0.25,0.475691222,0.4958421179999999,0.4284983566249999,0.4284983566249999
445,0.518295128,0.550334122,0.375,0.209312794,0.553511469,0.25,0.475691222,0.4958421179999999,0.4284983566249999,0.4284983566249999
446,0.518295128,0.550334122,0.375,0.209312794,0.553511469,0.25,0.475691222,0.4958421179999999,0.4284983566249999,0.4284983566249999
447,0.322628786,0.569175801,0.625,0.184063126,0.6818624529999999,0.25,0.440906529,0.6414931110000001,0.4643912257499999,0.4643912257499999
448,0.518295128,0.550334122,0.375,0.209312794,0.553511469,0.25,0.475691222,0.4958421179999999,0.4284983566249999,0.4284983566249999
449,0.323775264,0.517148386,0.0,0.212295437,0.514053577,0.75,0.493122058,0.270932684,0.3851659257499999,0.38516592574999997
450,0.518295128,0.550334122,0.375,0.209312794,0.553511469,0.25,0.475691222,0.4958421179999999,0.4284983566249999,0.4284983566249999
451,0.196131376,0.6722886029999999,0.0,0.317394971,0.544203476,0.0,0.7433994840000001,0.682633178,0.394506386,0.39450638600000004
452,0.273591138,0.625472257,0.625,0.317600083,0.528973492,0.0,0.545249216,0.663283731,0.4473962396249999,0.44739623962499997
453,0.518295128,0.550334122,0.375,0.209312794,0.553511469,0.25,0.475691222,0.4958421179999999,0.4284983566249999,0.4284983566249999
454,0.379143235,0.4644684329999999,0.375,0.317196214,0.50950687,0.25,0.47123065,0.49120039,0.4072182239999999,0.40721822399999996
455,0.26002075,0.660548751,0.75,0.323488583,0.533677621,0.0,0.670501654,0.606447363,0.47558559025,0.47558559024999997
456,0.245455036,0.639767247,0.5,0.326379369,0.5706325010000001,0.0,0.558250145,0.636453449,0.434617218375,0.434617218375
457,0.41156352,0.597333904,0.125,0.3172745819999999,0.489883931,0.0,0.605179846,0.616105111,0.3952926117499999,0.39529261174999997
458,0.322592367,0.575804686,0.625,0.31399755,0.645182723,0.25,0.50175402,0.522590982,0.469615291,0.469615291
459,0.238792046,0.453974606,0.125,0.305879126,0.599555591,0.25,0.4579021829999999,0.558212154,0.3736644632499999,0.37366446324999997
460,0.518295128,0.550334122,0.375,0.209312794,0.553511469,0.25,0.475691222,0.4958421179999999,0.4284983566249999,0.4284983566249999
461,0.419233556,0.6955038590000001,0.25,0.313898662,0.619445877,0.0,0.6447112079999999,0.66904448,0.45147970525,0.45147970525
462,0.594141382,0.591502156,0.125,0.2008620519999999,0.5304224989999999,0.75,0.301648543,0.607388448,0.4626206349999999,0.4626206349999999
463,0.518295128,0.550334122,0.375,0.209312794,0.553511469,0.25,0.475691222,0.4958421179999999,0.4284983566249999,0.4284983566249999
464,0.272378563,0.453172894,0.0,0.206052213,0.57084428,0.5,0.404561092,0.565323311,0.371541544125,0.37154154412500007
465,0.518295128,0.550334122,0.375,0.209312794,0.553511469,0.25,0.475691222,0.4958421179999999,0.4284983566249999,0.4284983566249999
466,0.518295128,0.550334122,0.375,0.209312794,0.553511469,0.25,0.475691222,0.4958421179999999,0.4284983566249999,0.4284983566249999
467,0.518295128,0.550334122,0.375,0.209312794,0.553511469,0.25,0.475691222,0.4958421179999999,0.4284983566249999,0.4284983566249999
468,0.415397776,0.480374914,0.25,0.2006078389999999,0.504979026,0.5,0.4339399679999999,0.564850607,0.41876876625,0.41876876625
469,0.518295128,0.550334122,0.375,0.209312794,0.553511469,0.25,0.475691222,0.4958421179999999,0.4284983566249999,0.4284983566249999
470,0.311319816,0.648117153,0.0,0.195250025,0.288000827,0.75,0.6307412960000001,0.449994347,0.409177933,0.409177933
471,0.2353292139999999,0.652136549,0.0,0.317801417,0.546275046,0.25,0.89232292,0.66855618,0.4453026657499999,0.44530266575
472,0.518295128,0.550334122,0.375,0.209312794,0.553511469,0.25,0.475691222,0.4958421179999999,0.4284983566249999,0.4284983566249999
473,0.518295128,0.550334122,0.375,0.209312794,0.553511469,0.25,0.475691222,0.4958421179999999,0.4284983566249999,0.4284983566249999
474,0.179432038,0.615916356,0.0,0.207808347,0.564878352,0.75,0.477718327,0.756176312,0.4439912164999999,0.44399121649999995
475,0.260323343,0.497298349,0.375,0.315003987,0.512246076,0.0,0.7033273,0.591701417,0.4068625589999999,0.40686255899999996
476,0.518295128,0.550334122,0.375,0.209312794,0.553511469,0.25,0.475691222,0.4958421179999999,0.4284983566249999,0.4284983566249999
477,0.518295128,0.550334122,0.375,0.209312794,0.553511469,0.25,0.475691222,0.4958421179999999,0.4284983566249999,0.4284983566249999
478,0.400251769,0.559646545,0.375,0.19676175,0.7400055390000001,0.25,0.2501731,0.382240134,0.394259854625,0.394259854625
479,0.293918973,0.588592243,0.625,0.323801843,0.59658264,0.0,0.640586911,0.56398177,0.4540580475,0.4540580475
480,0.309932779,0.79308069,0.375,0.313699893,0.655843274,0.0,0.526547337,0.619771208,0.449234397625,0.44923439762499995
481,0.363287636,0.574829763,0.125,0.318191261,0.53507279,0.0,0.640271374,0.662307773,0.4023700746249999,0.40237007462499996
482,0.518295128,0.550334122,0.375,0.209312794,0.553511469,0.25,0.475691222,0.4958421179999999,0.4284983566249999,0.4284983566249999
483,0.255390932,0.688445009,0.25,0.315173247,0.460201167,0.0,0.735978437,0.7274943540000001,0.42908539325,0.42908539325
484,0.518295128,0.550334122,0.375,0.209312794,0.553511469,0.25,0.475691222,0.4958421179999999,0.4284983566249999,0.4284983566249999
485,0.518295128,0.550334122,0.375,0.209312794,0.553511469,0.25,0.475691222,0.4958421179999999,0.4284983566249999,0.4284983566249999
486,0.339160227,0.655844781,0.125,0.316382055,0.555299085,0.25,0.660183844,0.7069243690000001,0.451099295125,0.451099295125
487,0.518295128,0.550334122,0.375,0.209312794,0.553511469,0.25,0.475691222,0.4958421179999999,0.4284983566249999,0.4284983566249999
488,0.2179080219999999,0.659921585,0.0,0.319760488,0.583896392,0.0,0.78400542,0.617327263,0.3978523962499999,0.39785239624999996
489,0.383684785,0.483693161,0.25,0.205675403,0.598141012,0.5,0.382089503,0.574310537,0.422199300125,0.422199300125
490,0.363287636,0.574829763,0.125,0.318191261,0.53507279,0.0,0.640271374,0.662307773,0.4023700746249999,0.40237007462499996
491,0.42217071,0.552168645,0.0,0.313819421,0.468883354,0.5,0.755114677,0.4912614389999999,0.43792728075,0.43792728075
492,0.410725219,0.6439305160000001,0.5,0.311927009,0.584813844,0.5,0.542285649,0.505033022,0.499839407375,0.499839407375
493,0.373684179,0.525770245,0.125,0.304095389,0.514537951,0.75,0.505049978,0.556065615,0.4567754196249999,0.4567754196249999
494,0.518295128,0.550334122,0.375,0.209312794,0.553511469,0.25,0.475691222,0.4958421179999999,0.4284983566249999,0.4284983566249999
495,0.325132007,0.594881703,0.125,0.320952921,0.521841331,0.0,0.6824848179999999,0.6024977220000001,0.39659881275,0.39659881275
496,0.518295128,0.550334122,0.375,0.209312794,0.553511469,0.25,0.475691222,0.4958421179999999,0.4284983566249999,0.4284983566249999
497,0.518295128,0.550334122,0.375,0.209312794,0.553511469,0.25,0.475691222,0.4958421179999999,0.4284983566249999,0.4284983566249999
498,0.518295128,0.550334122,0.375,0.209312794,0.553511469,0.25,0.475691222,0.4958421179999999,0.4284983566249999,0.4284983566249999
499,0.303516412,0.757360134,0.125,0.313487627,0.567578031,0.25,0.668839734,0.617543501,0.450415679875,0.45041567987500003
500,0.518295128,0.550334122,0.375,0.209312794,0.553511469,0.25,0.475691222,0.4958421179999999,0.4284983566249999,0.4284983566249999
501,0.518295128,0.550334122,0.375,0.209312794,0.553511469,0.25,0.475691222,0.4958421179999999,0.4284983566249999,0.4284983566249999
502,0.347266586,0.5698178629999999,0.125,0.206128556,0.531720545,0.5,0.610579131,0.485912479,0.422053145,0.422053145
503,0.518295128,0.550334122,0.375,0.209312794,0.553511469,0.25,0.475691222,0.4958421179999999,0.4284983566249999,0.4284983566249999
504,0.28363273,0.658333403,0.5,0.202092723,0.606873003,0.5,0.629682485,0.7628922140000001,0.51793831975,0.51793831975
505,0.266387892,0.587303571,0.125,0.31604924,0.587988108,0.25,0.6671546110000001,0.5407669079999999,0.41758129125,0.41758129125
506,0.518295128,0.550334122,0.375,0.209312794,0.553511469,0.25,0.475691222,0.4958421179999999,0.4284983566249999,0.4284983566249999
507,0.221356948,0.5525243670000001,0.625,0.317684427,0.480966246,0.25,0.46657848,0.544537353,0.432330977625,0.432330977625
508,0.363287636,0.574829763,0.125,0.318191261,0.53507279,0.0,0.640271374,0.662307773,0.4023700746249999,0.40237007462499996
509,0.262274638,0.654422053,0.375,0.323272847,0.546279136,0.0,0.7224230490000001,0.754281986,0.454744213625,0.45474421362499995
510,0.319502059,0.623414616,0.375,0.310664428,0.571845056,0.0,0.676586105,0.7007859940000001,0.44722478225,0.44722478225000006
511,0.235442049,0.661096702,0.625,0.318423878,0.547192205,0.0,0.667182244,0.59709098,0.45642850725,0.45642850724999995
512,0.192079508,0.635786958,0.0,0.2051357039999999,0.648269819,0.75,0.44129408,0.708810136,0.4476720256249999,0.44767202562499997
513,0.364703632,0.712226131,0.125,0.317082373,0.593232774,0.25,0.663899714,0.75283555,0.4723725217499999,0.47237252174999994
514,0.295079665,0.6006589960000001,0.75,0.321169787,0.575834508,0.0,0.620574704,0.559053699,0.465296419875,0.4652964198749999
515,0.518295128,0.550334122,0.375,0.209312794,0.553511469,0.25,0.475691222,0.4958421179999999,0.4284983566249999,0.4284983566249999
516,0.112797155,0.775244576,0.5,0.318172835,0.5380761279999999,0.0,0.8502500540000001,0.6343741999999999,0.4661143685,0.46611436849999993
517,0.20203745,0.709041822,0.5,0.323770244,0.53507279,0.0,0.720021153,0.76331921,0.469157833625,0.46915783362499996
518,0.276568279,0.541226278,0.375,0.313795637,0.501163322,0.25,0.506245619,0.503608559,0.40845096175,0.40845096175
519,0.518295128,0.550334122,0.375,0.209312794,0.553511469,0.25,0.475691222,0.4958421179999999,0.4284983566249999,0.4284983566249999
520,0.086556552,0.549474314,0.0,0.2018699,0.51426166,0.5,0.463529684,0.432444575,0.343517085625,0.343517085625
521,0.518295128,0.550334122,0.375,0.209312794,0.553511469,0.25,0.475691222,0.4958421179999999,0.4284983566249999,0.4284983566249999
522,0.359789394,0.388460345,0.375,0.302536652,0.490947181,0.25,0.5662614460000001,0.4961114029999999,0.403638302625,0.403638302625
523,0.280607117,0.48333925,1.0,0.317820714,0.521841331,0.0,0.62488927,0.47171206,0.46252621775,0.46252621775
524,0.518295128,0.550334122,0.375,0.209312794,0.553511469,0.25,0.475691222,0.4958421179999999,0.4284983566249999,0.4284983566249999
525,0.256913135,0.461537937,0.375,0.313525488,0.586230926,0.25,0.5847169870000001,0.491456046,0.414922564875,0.41492256487500007
526,0.518295128,0.550334122,0.375,0.209312794,0.553511469,0.25,0.475691222,0.4958421179999999,0.4284983566249999,0.4284983566249999
527,0.188327522,0.634648084,0.625,0.3210786639999999,0.686409595,0.0,0.710620734,0.586055468,0.4690175083749999,0.4690175083749999
528,0.094594724,0.7703133809999999,0.5,0.307574356,0.554237003,0.0,0.7433383840000001,0.757134325,0.4658990216249999,0.46589902162499996
529,0.481211502,0.513539882,0.5,0.311342826,0.464531012,0.25,0.605312456,0.515416613,0.455169286375,0.455169286375
530,0.363287636,0.574829763,0.125,0.318191261,0.53507279,0.0,0.640271374,0.662307773,0.4023700746249999,0.40237007462499996
531,0.518295128,0.550334122,0.375,0.209312794,0.553511469,0.25,0.475691222,0.4958421179999999,0.4284983566249999,0.4284983566249999
532,0.427195201,0.609735868,0.75,0.328359705,0.446129685,0.0,0.62821208,0.58634457,0.471997138625,0.471997138625
533,0.363287636,0.574829763,0.125,0.318191261,0.53507279,0.0,0.640271374,0.662307773,0.4023700746249999,0.40237007462499996
534,0.284833927,0.617918276,0.375,0.327280729,0.565884544,0.0,0.640693236,0.708053807,0.439958064875,0.439958064875
535,0.20402251,0.61580134,0.375,0.320071637,0.581110438,0.0,0.728183247,0.5045767720000001,0.416095743,0.416095743
536,0.2437507619999999,0.6219269629999999,0.0,0.315000919,0.562786247,0.0,0.760273465,0.7734786309999999,0.409652123375,0.409652123375
537,0.253732019,0.610585863,0.625,0.305622928,0.52988656,0.0,0.72535168,0.509245642,0.4449280865,0.44492808650000004
538,0.363287636,0.574829763,0.125,0.318191261,0.53507279,0.0,0.640271374,0.662307773,0.4023700746249999,0.40237007462499996
539,0.157120646,0.612045409,0.625,0.316967014,0.571845056,0.0,0.685271909,0.664741835,0.454123983625,0.45412398362499995
540,0.518295128,0.550334122,0.375,0.209312794,0.553511469,0.25,0.475691222,0.4958421179999999,0.4284983566249999,0.4284983566249999
541,0.311843522,0.7241592309999999,0.25,0.314500095,0.542377338,0.0,0.608995553,0.7082015890000001,0.432509666,0.432509666
542,0.17554411,0.80257527,0.0,0.312026725,0.5170609420000001,0.0,0.8378219240000001,0.682630345,0.4159574145,0.4159574145
543,0.267682445,0.547895053,0.375,0.321659529,0.5405012379999999,0.25,0.5227200670000001,0.635081541,0.432567484125,0.432567484125
544,0.518295128,0.550334122,0.375,0.209312794,0.553511469,0.25,0.475691222,0.4958421179999999,0.4284983566249999,0.4284983566249999
545,0.281417239,0.491829709,0.375,0.314916084,0.547805787,0.25,0.648998211,0.572268486,0.4352794395,0.4352794395
546,0.226083598,0.663275855,0.625,0.314946087,0.5168114189999999,0.0,0.701598915,0.559663142,0.4509223769999999,0.4509223769999999
547,0.518295128,0.550334122,0.375,0.209312794,0.553511469,0.25,0.475691222,0.4958421179999999,0.4284983566249999,0.4284983566249999
548,0.317866009,0.60383489,0.375,0.321658895,0.529294892,0.0,0.591886867,0.53853515,0.409759587875,0.409759587875
549,0.363287636,0.574829763,0.125,0.318191261,0.53507279,0.0,0.640271374,0.662307773,0.4023700746249999,0.40237007462499996
550,0.363287636,0.574829763,0.125,0.318191261,0.53507279,0.0,0.640271374,0.662307773,0.4023700746249999,0.40237007462499996
551,0.202914622,0.660516116,0.25,0.321395583,0.542377338,0.0,0.747770425,0.743868018,0.43360526275,0.43360526275
552,0.518295128,0.550334122,0.375,0.209312794,0.553511469,0.25,0.475691222,0.4958421179999999,0.4284983566249999,0.4284983566249999
553,0.518295128,0.550334122,0.375,0.209312794,0.553511469,0.25,0.475691222,0.4958421179999999,0.4284983566249999,0.4284983566249999
554,0.388654675,0.570273397,0.5,0.311703275,0.463654466,0.0,0.62308902,0.485935365,0.41791377475,0.41791377475
555,0.518295128,0.550334122,0.375,0.209312794,0.553511469,0.25,0.475691222,0.4958421179999999,0.4284983566249999,0.4284983566249999
556,0.15391281,0.722614168,0.5,0.325792724,0.665641595,0.0,0.82034572,0.7163254490000001,0.48807905825,0.48807905825000003
557,0.518295128,0.550334122,0.375,0.209312794,0.553511469,0.25,0.475691222,0.4958421179999999,0.4284983566249999,0.4284983566249999
558,0.2938399,0.569574784,0.75,0.31936241,0.545620558,0.0,0.609389747,0.599645711,0.4609291387499999,0.46092913874999997
559,0.363287636,0.574829763,0.125,0.318191261,0.53507279,0.0,0.640271374,0.662307773,0.4023700746249999,0.40237007462499996
560,0.407181337,0.641157985,0.5,0.3301784769999999,0.459783055,0.0,0.594572254,0.5827090070000001,0.439447764375,0.439447764375
561,0.259541161,0.637361684,0.0,0.190540563,0.597892355,1.0,0.47205173,0.5407142229999999,0.4622627145,0.46226271449999995
562,0.363287636,0.574829763,0.125,0.318191261,0.53507279,0.0,0.640271374,0.662307773,0.4023700746249999,0.40237007462499996
563,0.28809754,0.652498513,0.375,0.319533663,0.576118217,0.0,0.6104926620000001,0.604816934,0.428319691125,0.428319691125
564,0.2968574,0.7706050040000001,0.125,0.314441563,0.580470559,0.0,0.678522563,0.6490245720000001,0.426865207625,0.426865207625
565,0.518295128,0.550334122,0.375,0.209312794,0.553511469,0.25,0.475691222,0.4958421179999999,0.4284983566249999,0.4284983566249999
566,0.286023394,0.734078514,0.0,0.320492819,0.452199765,0.25,0.7317215990000001,0.775211203,0.44371591175,0.44371591175
567,0.280615784,0.673429582,1.0,0.319409124,0.5855410839999999,0.0,0.648271065,0.751521027,0.53234845825,0.53234845825
568,0.518295128,0.550334122,0.375,0.209312794,0.553511469,0.25,0.475691222,0.4958421179999999,0.4284983566249999,0.4284983566249999
569,0.265700434,0.653237379,0.0,0.316604261,0.536086369,0.5,0.896411985,0.491603677,0.457455513125,0.457455513125
570,0.371898581,0.625175341,0.25,0.215913051,0.51404764,0.5,0.4396984479999999,0.4456822029999999,0.4203019079999999,0.42030190799999995
571,0.518295128,0.550334122,0.375,0.209312794,0.553511469,0.25,0.475691222,0.4958421179999999,0.4284983566249999,0.4284983566249999
572,0.207877458,0.692203676,0.0,0.320133418,0.5446344439999999,0.0,0.8672597470000001,0.702148873,0.416782202,0.416782202
573,0.514507155,0.42217468,0.75,0.2027293289999999,0.656431566,0.0,0.483365585,0.465590857,0.4368498964999999,0.43684989649999995
574,0.348581992,0.637304275,0.125,0.211578523,0.361059942,0.5,0.582811238,0.557001964,0.41541724175,0.41541724175
575,0.255758868,0.656839731,0.375,0.316047301,0.4981745929999999,0.0,0.660618695,0.502932692,0.408171485,0.408171485
576,0.156547851,0.790874812,0.5,0.333340628,0.539949306,0.0,0.850046948,0.692884587,0.4829555165,0.48295551649999996
577,0.161384677,0.645189812,0.0,0.212812803,0.564878352,0.75,0.42940025,0.710585659,0.434281444125,0.434281444125
578,0.183779537,0.730848617,0.375,0.32131786,0.562976165,0.0,0.63169381,0.7023590999999999,0.4384968861249999,0.43849688612499993
579,0.334478935,0.6025086510000001,0.375,0.319416946,0.565635021,0.0,0.614263743,0.611302467,0.427825720375,0.427825720375
580,0.239613536,0.691921789,0.375,0.317393116,0.573166011,0.0,0.70999017,0.7459050840000001,0.45662371325,0.45662371325000006
581,0.363287636,0.574829763,0.125,0.318191261,0.53507279,0.0,0.640271374,0.662307773,0.4023700746249999,0.40237007462499996
582,0.322586102,0.601077935,0.75,0.318693764,0.56735159,0.0,0.582215027,0.605121155,0.468380696625,0.46838069662500004
583,0.518295128,0.550334122,0.375,0.209312794,0.553511469,0.25,0.475691222,0.4958421179999999,0.4284983566249999,0.4284983566249999
584,0.518295128,0.550334122,0.375,0.209312794,0.553511469,0.25,0.475691222,0.4958421179999999,0.4284983566249999,0.4284983566249999
585,0.138984393,0.816122542,0.5,0.3135670319999999,0.50311539,0.0,0.71429259,0.7228650259999999,0.4636183716249999,0.4636183716249999
586,0.339872972,0.615442602,0.125,0.222731347,0.455017327,0.5,0.573829892,0.569949435,0.425230446875,0.425230446875
587,0.518295128,0.550334122,0.375,0.209312794,0.553511469,0.25,0.475691222,0.4958421179999999,0.4284983566249999,0.4284983566249999
588,0.306834307,0.667142039,0.625,0.32102968,0.5051910510000001,0.0,0.662655943,0.668880531,0.469591693875,0.46959169387499994
589,0.518295128,0.550334122,0.375,0.209312794,0.553511469,0.25,0.475691222,0.4958421179999999,0.4284983566249999,0.4284983566249999
590,0.518295128,0.550334122,0.375,0.209312794,0.553511469,0.25,0.475691222,0.4958421179999999,0.4284983566249999,0.4284983566249999
591,0.518295128,0.550334122,0.375,0.209312794,0.553511469,0.25,0.475691222,0.4958421179999999,0.4284983566249999,0.4284983566249999
592,0.385717685,0.59995358,0.375,0.1926959439999999,0.632641496,0.25,0.433957787,0.4129428979999999,0.4103636737499999,0.41036367374999994
593,0.518295128,0.550334122,0.375,0.209312794,0.553511469,0.25,0.475691222,0.4958421179999999,0.4284983566249999,0.4284983566249999
594,0.188821351,0.67379157,0.375,0.327413606,0.632398595,0.0,0.753617665,0.726240395,0.45966039775,0.45966039775000006
595,0.227351198,0.549512775,0.25,0.222713006,0.682120263,0.5,0.573330644,0.542610369,0.443454781875,0.443454781875
596,0.518295128,0.550334122,0.375,0.209312794,0.553511469,0.25,0.475691222,0.4958421179999999,0.4284983566249999,0.4284983566249999
597,0.25610005,0.620331781,0.5,0.314186254,0.587988108,0.0,0.5700780870000001,0.6495275770000001,0.437276482125,0.43727648212500003
598,0.361560957,0.47080333,0.75,0.308526258,0.521874639,0.0,0.6421635920000001,0.637993802,0.46161532225,0.46161532225
599,0.306482138,0.720172597,0.125,0.197640394,0.472433277,0.75,0.5944893729999999,0.480462411,0.45583502375,0.45583502375
600,0.225877629,0.7092724990000001,0.0,0.328964904,0.563642048,0.25,0.7693787590000001,0.6720173359999999,0.4398941468749999,0.43989414687499995
601,0.22054239,0.539399828,0.125,0.318863364,0.6877317190000001,0.25,0.7614507340000001,0.5573737879999999,0.432545227875,0.432545227875
602,0.299971486,0.624500252,0.25,0.204599083,0.598218273,0.5,0.4935844479999999,0.6615266089999999,0.454050018875,0.45405001887500007
603,0.191596841,0.6897260609999999,0.375,0.312041103,0.6068630620000001,0.0,0.7914924740000001,0.610612611,0.447166519,0.447166519
604,0.34089876,0.540682,1.0,0.3220795589999999,0.53507279,0.0,0.5820182220000001,0.645022137,0.4957216835,0.4957216835
605,0.399948655,0.626332605,0.5,0.32253452,0.524355264,0.0,0.612949856,0.710183438,0.46203804225,0.46203804225000006
606,0.518295128,0.550334122,0.375,0.209312794,0.553511469,0.25,0.475691222,0.4958421179999999,0.4284983566249999,0.4284983566249999
607,0.371242752,0.622323624,0.5,0.322107118,0.536789359,0.0,0.604045955,0.529239946,0.43571859425,0.43571859425000004
608,0.518295128,0.550334122,0.375,0.209312794,0.553511469,0.25,0.475691222,0.4958421179999999,0.4284983566249999,0.4284983566249999
609,0.29700747,0.6691479379999999,0.125,0.30607581,0.553655561,0.0,0.640977943,0.647448392,0.4049141392499999,0.40491413924999997
610,0.259006692,0.63312844,0.375,0.318947013,0.576591844,0.0,0.722422503,0.657251158,0.44279345625,0.44279345625
611,0.216622701,0.8563714640000001,0.25,0.322110684,0.601726795,0.0,0.711565937,0.828926882,0.473415557875,0.47341555787499995
612,0.2097366,0.600118465,0.375,0.323910689,0.55376513,0.0,0.736872711,0.531644918,0.416381064125,0.41638106412500003
613,0.325818388,0.7728878659999999,0.125,0.324495397,0.537436542,0.0,0.6661024520000001,0.646311164,0.424756476125,0.424756476125
614,0.192524343,0.53845442,0.5,0.203350752,0.589744092,0.5,0.627221212,0.657276076,0.476071361875,0.47607136187500004
615,0.217743624,0.621426724,0.375,0.318288112,0.522319048,0.0,0.740210864,0.558968469,0.4192446051249999,0.41924460512499995
616,0.363287636,0.574829763,0.125,0.318191261,0.53507279,0.0,0.640271374,0.662307773,0.4023700746249999,0.40237007462499996
617,0.344659701,0.5345449520000001,0.5,0.187913993,0.5730400999999999,0.25,0.6034359739999999,0.547597439,0.442649019875,0.442649019875
618,0.363287636,0.574829763,0.125,0.318191261,0.53507279,0.0,0.640271374,0.662307773,0.4023700746249999,0.40237007462499996
619,0.518295128,0.550334122,0.375,0.209312794,0.553511469,0.25,0.475691222,0.4958421179999999,0.4284983566249999,0.4284983566249999
620,0.518295128,0.550334122,0.375,0.209312794,0.553511469,0.25,0.475691222,0.4958421179999999,0.4284983566249999,0.4284983566249999
621,0.286946395,0.569755004,0.125,0.321213282,0.545217055,0.25,0.7648115759999999,0.593681198,0.43207806375,0.43207806375
622,0.2471097689999999,0.632737284,0.0,0.3059187869999999,0.4885325889999999,0.25,0.7146210709999999,0.58913716,0.4035070824999999,0.40350708249999995
623,0.260311861,0.437454519,0.0,0.309124488,0.530381517,0.5,0.440504496,0.473183837,0.36887008975,0.36887008975
624,0.296764119,0.494745079,0.625,0.317070245,0.5633279520000001,0.25,0.548393531,0.440488119,0.4419736306249999,0.44197363062499995
625,0.251588161,0.649596258,0.0,0.324008231,0.51943083,0.25,0.7413358440000001,0.6914656229999999,0.428428118375,0.428428118375
626,0.267833045,0.4055500429999999,0.25,0.219977824,0.6818624529999999,0.5,0.384894319,0.640934633,0.4188815396249999,0.41888153962499997
627,0.363287636,0.574829763,0.125,0.318191261,0.53507279,0.0,0.640271374,0.662307773,0.4023700746249999,0.40237007462499996
628,0.518295128,0.550334122,0.375,0.209312794,0.553511469,0.25,0.475691222,0.4958421179999999,0.4284983566249999,0.4284983566249999
629,0.321305986,0.512605437,0.25,0.21212286,0.572787386,0.5,0.569899033,0.6033914770000001,0.442764022375,0.442764022375
630,0.363287636,0.574829763,0.125,0.318191261,0.53507279,0.0,0.640271374,0.662307773,0.4023700746249999,0.40237007462499996
