,Role_Inventor,Personal_Values_Facet_Cont_BenevolenceCaring,Personal_Values_Facet_Cont_BenevolenceDependability,Character_Facet_Cont_Vulnerability,Character_Facet_Cont_ExcitementSeeking,Mean
0,0.705475282,0.543155295,0.244511301,0.686694412,0.554406489,0.5468485557999999
1,0.718744561,0.460678401,0.276966138,0.62778594,0.5118371979999999,0.5192024475999999
2,0.4769937829999999,0.464157147,0.3916028079999999,0.6361992870000001,0.860168727,0.5658243504
3,0.536128825,0.430807565,0.3363996489999999,0.628119289,0.526965975,0.4916842605999999
4,0.509520261,0.5240646929999999,0.3912079029999999,0.380607612,0.3534105589999999,0.43176220559999995
5,0.6446693729999999,0.519723355,0.304194618,0.7263456690000001,0.567076163,0.5524018356
6,0.6830237640000001,0.484846711,0.277264161,0.702928432,0.7215031590000001,0.5739132454
7,0.454927336,0.445747761,0.252491851,0.66442569,0.445151437,0.45254881499999994
8,0.6886017209999999,0.54837223,0.358252509,0.699984498,0.534925719,0.5660273353999999
9,0.6867409459999999,0.566174238,0.349978687,0.628771388,0.63544116,0.5734212838
10,0.782404315,0.460370232,0.251985477,0.680408789,0.566217373,0.5482772372
11,0.739586457,0.490311272,0.285080104,0.69848899,0.5912666,0.5609466846
12,0.492660867,0.580858192,0.184620334,0.822585536,0.627458932,0.5416367722000001
13,0.683359759,0.559458945,0.402358988,0.550965375,0.654743792,0.5701773718
14,0.572190075,0.483882161,0.2780718769999999,0.73724981,0.571604631,0.5285997107999999
15,0.451068983,0.505459264,0.277858411,0.835672353,0.575985679,0.529208938
16,0.5525713729999999,0.430517969,0.310819623,0.739956643,0.637382895,0.5342497006
17,0.5206216889999999,0.409673095,0.183864153,0.6740989190000001,0.575100649,0.472671701
18,0.7468454259999999,0.50419549,0.24354747,0.686168819,0.404596827,0.5170708063999999
19,0.4714182529999999,0.3860252,0.404941296,0.7053510890000001,0.569993415,0.5075458506
20,0.8601367120000001,0.522182147,0.356125601,0.64563192,0.495754755,0.5759662270000001
21,0.351131729,0.505612327,0.233833941,0.760888505,0.676482505,0.5055898014
22,0.57333083,0.445900755,0.251661436,0.977950596,0.653506422,0.5804700078
23,0.54350245,0.461634007,0.244218393,0.757155406,0.617162522,0.5247345556
24,0.6938129340000001,0.505460766,0.243968586,0.5875392970000001,0.600842787,0.5263248739999999
25,0.342250419,0.5045036589999999,0.251985477,0.6820247629999999,0.629878037,0.48212847099999995
26,0.761370662,0.24980666,0.34698484,0.8366418790000001,0.6846760620000001,0.5758960206000001
27,0.680288929,0.50714976,0.36765153,0.495556238,0.628531168,0.535835525
28,0.4700415529999999,0.3630275639999999,0.294276116,0.801425286,0.6757048000000001,0.5208950638
29,0.684346927,0.519953929,0.301963765,0.679900195,0.4473908929999999,0.5267111418000001
30,0.622822931,0.439388854,0.369144666,0.6976437809999999,0.417259992,0.5092520448
31,0.419846201,0.513515032,0.218638367,0.666840216,0.5476172429999999,0.4732914118
32,0.600467315,0.549286023,0.304194618,0.759667262,0.575508079,0.5578246594
33,0.6867409459999999,0.566174238,0.349978687,0.628771388,0.63544116,0.5734212838
34,0.598459241,0.549286023,0.260167624,0.640907421,0.395926226,0.48894930699999994
35,0.806392098,0.44663623,0.217882186,0.642695317,0.380920896,0.49890534540000003
36,0.558099396,0.527418872,0.3371697079999999,0.581567477,0.607988819,0.5224488544
37,0.642748564,0.460678401,0.210115102,0.809018184,0.33331311,0.4911746722000001
38,0.369201736,0.379826006,0.26869609,0.71209633,0.547675427,0.45549911779999996
39,0.795987268,0.4642920339999999,0.373363742,0.749531995,0.520263678,0.5806877434
40,0.624805906,0.512092374,0.343557522,0.683160439,0.5772814620000001,0.5481795406000001
41,0.680574955,0.354900049,0.302839072,0.702284351,0.620734164,0.5322665181999999
42,0.506641848,0.505460766,0.336782871,0.904670918,0.744738019,0.5996588844
43,0.600421433,0.319729321,0.24354747,0.826597221,0.599257924,0.5179106738
44,0.712901006,0.364360176,0.208844814,0.7682600359999999,0.5753717620000001,0.5259475588
45,0.496915167,0.446703367,0.184620334,0.652540735,0.35773252,0.42770242459999996
46,0.6881771190000001,0.51418199,0.389308218,0.7141549309999999,0.732492102,0.607662872
47,0.615852906,0.433546046,0.270687383,0.526249176,0.595665025,0.48840010720000004
48,0.771063708,0.512787836,0.150517043,0.706951288,0.358282846,0.49992054419999993
49,0.326191362,0.394614006,0.277565503,0.8184751490000001,0.646297476,0.49262869919999996
50,0.7402787759999999,0.515622582,0.384795656,0.610547327,0.622464621,0.5747417924
51,0.471835386,0.380930053,0.313876351,0.744757661,0.523514055,0.4869827012
52,0.7988422409999999,0.557914245,0.291181831,0.555143009,0.6239994520000001,0.5654161556
53,0.760726668,0.512787836,0.353235126,0.605425752,0.518603422,0.5501557608
54,0.7067647970000001,0.5346523329999999,0.373903327,0.6218983060000001,0.504590515,0.5483618556
55,0.6750247890000001,0.5240806379999999,0.349866297,0.747693651,0.50663342,0.560659759
56,0.6054765120000001,0.387567617,0.378983195,0.531877334,0.593004057,0.499381743
57,0.648287152,0.5426476960000001,0.327532767,0.520064924,0.421619996,0.49203050700000006
58,0.581510637,0.387269005,0.523785298,0.80968694,0.7831182640000001,0.6170740288000001
59,0.641357059,0.551603172,0.386630774,0.64545346,0.715252294,0.5880593517999999
60,0.59376592,0.499186068,0.31089627,0.523744718,0.283226778,0.4421639507999999
61,0.645093404,0.372345741,0.419550876,0.537804133,0.404184713,0.47579577339999996
62,0.8120004059999999,0.475835041,0.393567572,0.68878504,0.675311103,0.6090998324
63,0.8267689,0.399680912,0.21020036,0.554308017,0.36392038,0.47097571380000003
64,0.514807754,0.526751813,0.133380139,0.7031934470000001,0.609506294,0.49752788940000003
65,0.405016294,0.475898098,0.353110261,0.702814845,0.584060349,0.5041799694
66,0.649501155,0.571534177,0.337291922,0.615383738,0.520284994,0.5387991972
67,0.708041818,0.4530557189999999,0.277400955,0.747019511,0.575848971,0.5522733948
68,0.6783282540000001,0.505460766,0.244218393,0.716874475,0.537547515,0.5364858806
69,0.5739553310000001,0.549286023,0.304194618,0.7600688790000001,0.586711228,0.5548432158
70,0.469506526,0.4902315129999999,0.201245688,0.7132977140000001,0.539601063,0.4827765008
71,0.412586488,0.505460766,0.267687426,0.7939469029999999,0.567836204,0.5095035574
72,0.697316755,0.468585771,0.297415545,0.612217615,0.374928608,0.49009285880000003
73,0.305567184,0.416185094,0.158289242,0.7756089270000001,0.609205453,0.45297118000000003
74,0.305567184,0.416185094,0.158289242,0.7756089270000001,0.609205453,0.45297118000000003
75,0.6137876729999999,0.482926556,0.345636085,0.654605649,0.4715890179999999,0.5137089961999999
76,0.56232458,0.549286023,0.251985477,0.7117428290000001,0.559897431,0.527047268
77,0.564451499,0.512839494,0.379199577,0.7656033390000001,0.663623865,0.5771435548
78,0.6459281139999999,0.527860481,0.3369423629999999,0.456012702,0.5522538570000001,0.5037995034
79,0.671079715,0.52770892,0.288555299,0.616460773,0.519714483,0.524703838
80,0.451708266,0.460906049,0.302546164,0.686439729,0.538529163,0.48802587420000004
81,0.727808241,0.513592746,0.296978195,0.565016277,0.50949853,0.5225787977999999
82,0.7208229979999999,0.482618387,0.243840378,0.576285504,0.374225557,0.4795585647999999
83,0.586420944,0.468652908,0.150517043,0.759476342,0.435675721,0.4801485916
84,0.79340477,0.505460766,0.21838856,0.633538825,0.592716232,0.5487018306
85,0.6532272889999999,0.549286023,0.244511301,0.717833169,0.568774084,0.5467263732
86,0.486704736,0.5279350660000001,0.337576153,0.765835267,0.576463783,0.538903001
87,0.5887125910000001,0.5045036589999999,0.2179674439999999,0.7751143909999999,0.5559391229999999,0.5284474415999999
88,0.5033080129999999,0.512711143,0.158960165,0.8421862240000001,0.641177353,0.5316685796
89,0.6448226220000001,0.5045036589999999,0.277565503,0.781589559,0.567940212,0.555284311
90,0.6909652959999999,0.319644261,0.294401065,0.654840999,0.383960087,0.4687623416
91,0.364440327,0.446637731,0.244218393,0.813299533,0.608290776,0.49537735200000005
92,0.753356212,0.483882161,0.252491851,0.640649523,0.437127686,0.5135014866000001
93,0.516463954,0.460678401,0.3363996489999999,0.658752922,0.631124215,0.5206838281999999
94,0.755500246,0.482618387,0.2434622119999999,0.647367398,0.510120153,0.5278136792
95,0.8519126090000001,0.646038811,0.269202464,0.475120357,0.497386422,0.5479321326
96,0.56492323,0.460678401,0.328129601,0.630009898,0.48459025,0.493666276
97,0.524917124,0.4992615179999999,0.204220569,0.742140419,0.545829463,0.5032738186
98,0.6777807690000001,0.236708288,0.310819623,0.6999698240000001,0.538498403,0.49275538139999997
99,0.470632775,0.254625743,0.237572735,0.799260385,0.649423865,0.4823031006
100,0.60019686,0.571534177,0.21810086,0.642413893,0.654181908,0.5372855396
101,0.602131434,0.535093636,0.311711896,0.6520531589999999,0.6168210670000001,0.5435622384000001
102,0.553400627,0.5522530210000001,0.402358988,0.579817715,0.649526391,0.5474713484
103,0.7213159720000001,0.506245455,0.399375507,0.6776259990000001,0.613760099,0.5836646064
104,0.654286315,0.475898098,0.302674524,0.8518677259999999,0.541872427,0.565319818
105,0.655133512,0.549286023,0.244218393,0.733265886,0.5466702929999999,0.5457148214
106,0.703319549,0.514804915,0.341187271,0.7195606290000001,0.5241947,0.5606134128000001
107,0.5734192810000001,0.549286023,0.251985477,0.720629515,0.580807669,0.535225593
108,0.763550293,0.564074023,0.3363996489999999,0.707101942,0.567775673,0.5877803159999999
109,0.6962941970000001,0.417140699,0.327530235,0.62552354,0.497434356,0.5127846054
110,0.8416285029999999,0.417130285,0.302549574,0.661231726,0.631786034,0.5708652244
111,0.5612789770000001,0.490690533,0.378983195,0.7750057159999999,0.700926075,0.5813768992
112,0.7069499370000001,0.305007053,0.2518209289999999,0.4913939229999999,0.3946367329999999,0.42996171499999997
113,0.37807685,0.356622246,0.303595253,0.819608278,0.6721338859999999,0.5060073025999999
114,0.617183028,0.4910459789999999,0.228694855,0.8442207290000001,0.588051105,0.5538391391999999
115,0.630897539,0.482926556,0.150517043,0.709296113,0.485916962,0.4919108426
116,0.612995458,0.557570201,0.294569024,0.580256046,0.515454204,0.5121689866000001
117,0.729480951,0.5342178870000001,0.2353489789999999,0.5851537139999999,0.442430217,0.5053263496
118,0.685595057,0.489107661,0.31518025,0.625777945,0.680294505,0.5591910836
119,0.665902337,0.364734795,0.311418988,0.691700854,0.439416997,0.4946347942
120,0.482193825,0.508429633,0.314904471,0.6220983170000001,0.6922215429999999,0.5239695578
121,0.6086227470000001,0.497959718,0.400443407,0.7854193620000001,0.837156366,0.62592032
122,0.45805187,0.5366996829999999,0.317076826,0.515190928,0.608829993,0.48716986
123,0.497113111,0.51277828,0.150517043,0.773203498,0.554712118,0.49766481
124,0.746346739,0.512787836,0.225996152,0.74643432,0.8107100340000001,0.6084550162
125,0.7049290020000001,0.453363888,0.294276116,0.648379332,0.416562134,0.5035020944
126,0.511659815,0.4496955529999999,0.3632806839999999,0.7185057159999999,0.760453652,0.5607190839999999
127,0.716907781,0.684475409,0.32825455,0.471602577,0.445785683,0.5294052
128,0.3439224529999999,0.422905382,0.277565503,0.7035053170000001,0.631987869,0.47597730479999995
129,0.7664657420000001,0.444847548,0.34826914,0.6799965290000001,0.554882219,0.5588922356
130,0.725018233,0.460678401,0.395142542,0.53641026,0.457297444,0.514909376
131,0.647297074,0.483078117,0.44656827,0.528275048,0.575499541,0.5361436100000001
132,0.710721915,0.461634007,0.303188631,0.6939901209999999,0.5790598229999999,0.5497188994
133,0.736717134,0.550996912,0.353536553,0.618993691,0.55261643,0.562572144
134,0.645126592,0.497379595,0.3740132439999999,0.5103765889999999,0.339934037,0.4733660113999999
135,0.6831179209999999,0.5366996829999999,0.319232499,0.6593534329999999,0.706948968,0.5810705007999999
136,0.68537146,0.4906663739999999,0.31518025,0.632464994,0.6772237809999999,0.5601813717999999
137,0.6511866820000001,0.5280075329999999,0.276806646,0.748284548,0.53461738,0.5477805578
138,0.736587441,0.517116172,0.314132918,0.557715114,0.720602599,0.5692308488
139,0.333773816,0.505459264,0.269420404,0.7313605129999999,0.64126437,0.4962556734
140,0.751592278,0.540178915,0.396617207,0.555074821,0.49629081,0.5479508062
141,0.874315829,0.535322046,0.277858411,0.662560525,0.627308662,0.5954730946
142,0.638916074,0.557341791,0.21020036,0.7339336040000001,0.539549827,0.5359883312
143,0.5009076610000001,0.557431189,0.379276012,0.588941786,0.5615157120000001,0.517614472
144,0.484151279,0.497821193,0.314781908,0.760398158,0.792798855,0.5699902786
145,0.646173195,0.514136065,0.313876351,0.610197585,0.562325315,0.5293417022
146,0.49289311,0.46193262,0.38750646,0.424617068,0.311780744,0.4157460004
147,0.40216758,0.423652765,0.318410137,0.880986974,0.670117166,0.5390669243999999
148,0.68117503,0.669251382,0.421862116,0.4283544529999999,0.433818365,0.5268922692
149,0.575146287,0.482618387,0.31858912,0.730087822,0.545771416,0.5304426064
150,0.691803058,0.253358945,0.277565503,0.5118924229999999,0.493968106,0.445717607
151,0.616865498,0.333394694,0.421989531,0.6871147559999999,0.453485901,0.502570076
152,0.64758601,0.52770892,0.21020036,0.7195794390000001,0.545695787,0.5301541032
153,0.483455905,0.40221895,0.2179674439999999,0.741277338,0.689191999,0.5068223272
154,0.6867409459999999,0.566174238,0.349978687,0.628771388,0.63544116,0.5734212838
155,0.417982601,0.505460766,0.251985477,0.7529088159999999,0.614024593,0.5084724506
156,0.644983645,0.51330369,0.354002535,0.7488151059999999,0.754783175,0.6031776302
157,0.7263701929999999,0.491495287,0.5237354329999999,0.5335044210000001,0.4649269279999999,0.5480064523999999
158,0.543575124,0.431115734,0.311961702,0.756142677,0.7730422920000001,0.5631675058
159,0.672541893,0.594822169,0.337291922,0.750792035,0.640315496,0.5991527029999999
160,0.360488161,0.432071339,0.285909666,0.8903788020000001,0.587575451,0.5112846838
161,0.5903172720000001,0.506799194,0.216532489,0.775254434,0.7192775809999999,0.5616361940000001
162,0.396069164,0.491495287,0.269199054,0.759041462,0.753668901,0.5338947735999999
163,0.422845349,0.576741258,0.349902767,0.739776518,0.8451650409999999,0.5868861866
164,0.783166976,0.482926556,0.235988036,0.690338256,0.443575279,0.5271990206
165,0.410384665,0.535093636,0.260099443,0.6590490520000001,0.677943167,0.5085139926
166,0.6354161429999999,0.627307598,0.46270429,0.578917785,0.672448061,0.5953587753999999
167,0.644644816,0.505612327,0.353652976,0.660952356,0.5275878039999999,0.5384900558
168,0.620935789,0.4761414479999999,0.322701053,0.663001431,0.658992941,0.5483545324000001
169,0.5755603260000001,0.505460766,0.251985477,0.720029088,0.562836644,0.5231744602
170,0.567924,0.4953995879999999,0.319232499,0.602340487,0.75805249,0.5485898128
171,0.728641553,0.460678401,0.276966138,0.707034666,0.525938633,0.5398518782
172,0.4265455529999999,0.415739429,0.07512614,0.7609930540000001,0.5151884379999999,0.4387185228
173,0.585428375,0.460678401,0.21020036,0.802180769,0.582850222,0.5282676254
174,0.640709999,0.364734795,0.217287936,0.7590916870000001,0.520412684,0.5004474202
175,0.7340160809999999,0.8260178709999999,0.5158166829999999,0.494608385,0.483347039,0.6107612118
176,0.8949332640000001,0.5045036589999999,0.396913321,0.6520337270000001,0.473821524,0.584441099
177,0.657112788,0.228193499,0.320305866,0.596685714,0.61963465,0.4843865034
178,0.34976499,0.571534177,0.235181021,0.72331608,0.631470916,0.5022534368
179,0.53663103,0.475898098,0.242706765,0.542776869,0.460322897,0.4516671318
180,0.323863002,0.549286023,0.244511301,0.795300638,0.622265042,0.5070452012
181,0.640093712,0.4917939,0.2339985489999999,0.7194920859999999,0.565978008,0.5302712509999999
182,0.409827297,0.415886481,0.506696611,0.7128528209999999,0.5275945479999999,0.5145715515999999
183,0.704875735,0.556466042,0.235095763,0.527673715,0.592706544,0.5233635598
184,0.680619777,0.484109809,0.217123328,0.700853539,0.59528533,0.5355983566
185,0.6784758329999999,0.4906663739999999,0.310441083,0.636001752,0.679532762,0.5590235607999999
186,0.688915815,0.495921561,0.397385291,0.7678159109999999,0.5778513279999999,0.5855779811999999
187,0.444117797,0.356622246,0.34501073,0.8517960370000001,0.8552211279999999,0.5705535876000001
188,0.5613878760000001,0.5769323439999999,0.232510071,0.459668804,0.5312885860000001,0.4723575362
189,0.364199593,0.497959718,0.294394259,0.585988584,0.743761129,0.4972606566000001
190,0.417331395,0.356622246,0.43879478,0.830580387,0.855494199,0.5797646014
191,0.71868775,0.488207254,0.35525338,0.634334545,0.537683655,0.5468333168
192,0.495111391,0.527707419,0.158960165,0.82463236,0.629012597,0.5270847863999999
193,0.613547259,0.475898098,0.217123328,0.633913625,0.534375912,0.49497164439999997
194,0.555214466,0.430807565,0.285665035,0.7069222409999999,0.618720256,0.5194659126000001
195,0.422621302,0.553488842,0.39795123,0.721458058,0.7747281770000001,0.5740495218
196,0.526961262,0.4326722529999999,0.133380139,0.775149083,0.508138172,0.47526018180000007
197,0.484794917,0.505459264,0.294569024,0.7609957959999999,0.7090222690000001,0.550968254
198,0.6888501690000001,0.547461238,0.369586341,0.729060374,0.617760367,0.5905436978
199,0.7397758720000001,0.486332008,0.351679711,0.497043887,0.554280002,0.5258222960000001
200,0.56571892,0.313879578,0.0993621059999999,0.7075705,0.39841476,0.4169891728
201,0.453256004,0.562867456,0.371837361,0.803467277,0.825664862,0.603418592
202,0.679372283,0.5134461579999999,0.371840569,0.626601615,0.678041503,0.5738604256000001
203,0.688843183,0.379826006,0.251735671,0.595991075,0.57389132,0.49805745100000004
204,0.552760107,0.483078117,0.582057944,0.630699596,0.553342362,0.5603876252
205,0.6867409459999999,0.566174238,0.349978687,0.628771388,0.63544116,0.5734212838
206,0.591062441,0.637196258,0.297058304,0.5835404829999999,0.520063294,0.525784156
207,0.682197585,0.535322046,0.285838962,0.652384717,0.627917779,0.5567322178
208,0.528726535,0.556688545,0.38750646,0.734608137,0.655549073,0.57261575
209,0.618693574,0.508641317,0.306115052,0.76103184,0.808175049,0.6005313664
210,0.389291416,0.505459264,0.328422509,0.733572917,0.666279317,0.5246050846
211,0.718210358,0.513005927,0.2773156969999999,0.671359685,0.584166,0.5528115333999999
212,0.7862099659999999,0.579147303,0.270091327,0.681919803,0.521069983,0.5676876764000001
213,0.387178891,0.512092374,0.365337177,0.624553389,0.548444754,0.487521317
214,0.624579008,0.527310487,0.356125601,0.527677489,0.311725965,0.46948371
215,0.843795044,0.624245742,0.382811161,0.6590058329999999,0.614654179,0.6249023918
216,0.630419549,0.542495419,0.31900697,0.606636061,0.519966791,0.5237049579999999
217,0.506715418,0.5281122779999999,0.358636891,0.74700548,0.5050697820000001,0.5291079698
218,0.773710639,0.526443644,0.362272583,0.556517814,0.400287525,0.523846441
219,0.824075551,0.5077426820000001,0.303481453,0.640027191,0.685234575,0.5921122904
220,0.8369403440000001,0.460906049,0.3701593489999999,0.634893104,0.532636487,0.5671070666
221,0.79407927,0.4831542029999999,0.3363996489999999,0.562871745,0.583132157,0.5519274048
222,0.791851612,0.435547732,0.327666425,0.717910761,0.5367780529999999,0.5619509166000001
223,0.6867409459999999,0.566174238,0.349978687,0.628771388,0.63544116,0.5734212838
224,0.6814874059999999,0.349804154,0.260972107,0.8480605529999999,0.5478456660000001,0.5376339772
225,0.513005496,0.5509290370000001,0.276966138,0.7759862209999999,0.78557055,0.5804914884000001
226,0.7664227109999999,0.460906049,0.251985477,0.748977045,0.5819074160000001,0.5620397396
227,0.760182558,0.611149269,0.336439517,0.658741549,0.6891384909999999,0.6111302768000001
228,0.665506193,0.463737776,0.3390900679999999,0.7155342290000001,0.7629190159999999,0.5893574563999999
229,0.805529706,0.482926556,0.218638367,0.638520558,0.432854398,0.5156939169999999
230,0.560593867,0.4520247129999999,0.337541729,0.959478391,0.768114338,0.6155506076
231,0.42784762,0.527272812,0.31089627,0.530908014,0.275214054,0.414427754
232,0.628802942,0.509864278,0.421560442,0.602694339,0.7344317340000001,0.579470747
233,0.746328267,0.571761825,0.2780718769999999,0.75289443,0.472722321,0.564355744
234,0.6867409459999999,0.566174238,0.349978687,0.628771388,0.63544116,0.5734212838
235,0.602906376,0.486963484,0.416376359,0.6676971620000001,0.473379186,0.5294645134
236,0.6867409459999999,0.566174238,0.349978687,0.628771388,0.63544116,0.5734212838
237,0.6867409459999999,0.566174238,0.349978687,0.628771388,0.63544116,0.5734212838
238,0.746850391,0.509453599,0.372036826,0.710192685,0.608003162,0.5893073326
239,0.635097237,0.5327463579999999,0.378005547,0.614564208,0.527166472,0.5375159644
240,0.72431433,0.563392814,0.334814517,0.593799266,0.48943014,0.5411502134
241,0.720483305,0.537816694,0.388637289,0.731383502,0.5716572560000001,0.5899956092
242,0.6261779129999999,0.497781585,0.3655540229999999,0.525921616,0.514121633,0.505911354
243,0.527233424,0.528159677,0.31089627,0.551562555,0.350573961,0.4536851774
244,0.578258566,0.46477842,0.3892031589999999,0.658772796,0.648276451,0.5478578784000001
245,0.600978146,0.244319234,0.244053845,0.569747585,0.474873885,0.426794539
246,0.597078101,0.549286023,0.243369221,0.803888213,0.4257893439999999,0.5238821804
247,0.6867409459999999,0.566174238,0.349978687,0.628771388,0.63544116,0.5734212838
248,0.6867409459999999,0.566174238,0.349978687,0.628771388,0.63544116,0.5734212838
249,0.296556851,0.558384667,0.238488408,0.663235232,0.624460136,0.47622505880000005
250,0.433100022,0.5346038320000001,0.347517037,0.715978668,0.7052959390000001,0.5472990996
251,0.548353801,0.521763493,0.316911777,0.593412821,0.689262233,0.533940825
252,0.51906776,0.522151275,0.317277871,0.781581416,0.73959287,0.5759342384
253,0.773229362,0.43548327,0.332255083,0.503647206,0.34944557,0.4788120982
254,0.471914006,0.508606253,0.341187271,0.636848573,0.6072940139999999,0.5131700234
255,0.497705978,0.434653901,0.375935907,0.621026089,0.557429768,0.49735032859999995
256,0.6867409459999999,0.566174238,0.349978687,0.628771388,0.63544116,0.5734212838
257,0.723759556,0.511683138,0.319212999,0.736720137,0.581523745,0.5745799149999999
258,0.706454247,0.508868781,0.378382502,0.718274172,0.529998085,0.5683955573999999
259,0.598364504,0.3996824129999999,0.311711896,0.82550932,0.668653418,0.5607843102
260,0.655228328,0.460678401,0.184620334,0.607060955,0.461016777,0.4737209590000001
261,0.443707416,0.4609770139999999,0.260929006,0.695479317,0.59230156,0.4906788626
262,0.775916162,0.608977123,0.277146576,0.598817464,0.7096175240000001,0.5940949698
263,0.6867409459999999,0.566174238,0.349978687,0.628771388,0.63544116,0.5734212838
264,0.4821899879999999,0.533897493,0.326579448,0.69820367,0.517022227,0.5115785652
265,0.571508117,0.43140406,0.330188014,0.6182384479999999,0.462916512,0.4828510302
266,0.746681985,0.5366996829999999,0.398324468,0.720488767,0.718456462,0.6241302729999999
267,0.54429065,0.5360079529999999,0.235181021,0.661348894,0.589997619,0.5133652274
268,0.7863047240000001,0.513602303,0.2113984589999999,0.457726327,0.429506462,0.479707655
269,0.6780787070000001,0.505460766,0.21020036,0.7127374679999999,0.5342254129999999,0.5281405427999999
270,0.381712607,0.483432853,0.254260412,0.696027318,0.6240829920000001,0.48790323639999994
271,0.277063732,0.393704924,0.388642421,0.774198773,0.650704769,0.4968629238
272,0.6780787070000001,0.505460766,0.21020036,0.7127374679999999,0.5342254129999999,0.5281405427999999
273,0.557932605,0.499117446,0.278614592,0.770335068,0.6274665970000001,0.5466932616
274,0.694133682,0.364734795,0.311418988,0.6814872740000001,0.452046872,0.5007643222
275,0.768874064,0.482926556,0.226064333,0.526597481,0.427379768,0.48636844040000005
276,0.621731705,0.482926556,0.301878507,0.697812256,0.554579307,0.5317856662
277,0.5542138839999999,0.562612615,0.3891382439999999,0.292592706,0.31560274,0.4228320378
278,0.621771148,0.364734795,0.21020036,0.6719659590000001,0.614119029,0.4965582582
279,0.6256348589999999,0.53600196,0.451320503,0.546177151,0.5575119000000001,0.5433292746
280,0.586392083,0.447005667,0.263818628,0.743694147,0.57530292,0.523242689
281,0.758421963,0.5045036589999999,0.218638367,0.631539776,0.452041126,0.5130289782
282,0.6780787070000001,0.505460766,0.21020036,0.7127374679999999,0.5342254129999999,0.5281405427999999
283,0.555060224,0.535322046,0.184620334,0.721192081,0.542728697,0.5077846764
284,0.55932275,0.519726282,0.236073294,0.77435128,0.654975479,0.548889817
285,0.69222019,0.439606094,0.328129601,0.59389309,0.533426173,0.5174550296
286,0.6760920229999999,0.4906663739999999,0.31518025,0.630966357,0.6695480739999999,0.5564906155999999
287,0.708648865,0.460678401,0.2434622119999999,0.5895129579999999,0.587966179,0.518053723
288,0.729044362,0.531397325,0.381425509,0.7503301440000001,0.663410831,0.6111216342000001
289,0.492680897,0.4899119179999999,0.39111738,0.6851877,0.73262884,0.5583053469999999
290,0.767377517,0.490767329,0.184535076,0.566993136,0.4447260389999999,0.4908798193999999
291,0.426335286,0.46193262,0.277565503,0.779003861,0.726376857,0.5342428254
292,0.666893562,0.460678401,0.2434622119999999,0.628537991,0.582754456,0.5164653244
293,0.600707476,0.505459264,0.303944812,0.7420242579999999,0.616811195,0.553789401
294,0.6867409459999999,0.566174238,0.349978687,0.628771388,0.63544116,0.5734212838
295,0.6780787070000001,0.505460766,0.21020036,0.7127374679999999,0.5342254129999999,0.5281405427999999
296,0.6780787070000001,0.505460766,0.21020036,0.7127374679999999,0.5342254129999999,0.5281405427999999
297,0.631035401,0.608977123,0.3584953529999999,0.670373924,0.735074077,0.6007911756000001
298,0.7751650999999999,0.557914245,0.424159533,0.55866769,0.514058439,0.5659930014000001
299,0.651011904,0.520162996,0.210493268,0.7378620920000001,0.441345666,0.5121751852
300,0.755962867,0.52770892,0.302296357,0.7453688620000001,0.603788726,0.5870251464
301,0.440994946,0.341691606,0.285838962,0.6836826,0.593954997,0.4692326222
302,0.6454123620000001,0.52770892,0.268744307,0.7336213140000001,0.539761584,0.5430496974000001
303,0.5746439179999999,0.5045036589999999,0.2780718769999999,0.765903269,0.491957462,0.523016037
304,0.531229454,0.482926556,0.242567447,0.85006723,0.680969363,0.55755201
305,0.763998348,0.512787836,0.124942132,0.579779765,0.355253496,0.4673523154
306,0.631838352,0.512787836,0.3448799039999999,0.5445339229999999,0.544977019,0.5158034068
307,0.616430325,0.491651372,0.4978727639999999,0.6942653940000001,0.671837212,0.5944114133999999
308,0.7173987190000001,0.526099902,0.35714194,0.637068034,0.6829585440000001,0.5841334278
309,0.739780808,0.372345741,0.4717986779999999,0.489633916,0.386398511,0.4919915307999999
310,0.69793757,0.525062394,0.36930272,0.66536293,0.515103098,0.5545537424
311,0.782099957,0.460678401,0.252491851,0.6100022589999999,0.400863425,0.5012271786
312,0.556550454,0.4838071679999999,0.3024999,0.52854548,0.5773993479999999,0.48976046999999995
313,0.616509627,0.4902315129999999,0.158124635,0.6884067979999999,0.533416159,0.49733774640000006
314,0.7751175309999999,0.431115734,0.31900697,0.5972577729999999,0.283598708,0.4812193432
315,0.7271867329999999,0.505460766,0.218638367,0.572353758,0.457943647,0.49631665420000004
316,0.64241069,0.505612327,0.260929006,0.628360418,0.512987747,0.5100600376
317,0.498178061,0.483882161,0.244218393,0.82913709,0.651354262,0.5413539934
318,0.612746483,0.460678401,0.208685322,0.869087687,0.7187170079999999,0.5739829802
319,0.731175993,0.53157729,0.28641352,0.732631367,0.656734955,0.587706625
320,0.619621161,0.544699839,0.380640109,0.7974876320000001,0.738027002,0.6160951486
321,0.190097921,0.385802741,0.34424338,0.7160853229999999,0.711296955,0.46950526400000003
322,0.7415141540000001,0.5045036589999999,0.41281198,0.578670903,0.365397706,0.5205796804
323,0.41373519,0.46193262,0.267852033,0.751819421,0.6930688779999999,0.5176816284
324,0.711224533,0.432071339,0.251985477,0.650751054,0.590316795,0.5272698396
325,0.585129079,0.526616171,0.31675135,0.658524142,0.7386908059999999,0.5651423096
326,0.6430476039999999,0.5142772729999999,0.294231466,0.671857795,0.610152685,0.5467133646
327,0.752157663,0.668294275,0.278364785,0.689084189,0.613433207,0.6002668238
328,0.638961847,0.479543311,0.364771095,0.7235031479999999,0.622028877,0.5657616556
329,0.6780787070000001,0.505460766,0.21020036,0.7127374679999999,0.5342254129999999,0.5281405427999999
330,0.579180503,0.684475409,0.244218393,0.792264627,0.616516112,0.5833310087999999
331,0.763400995,0.571534177,0.210115102,0.5463150139999999,0.460793258,0.5104317091999999
332,0.453037686,0.505460766,0.258418691,0.658424155,0.630137257,0.5010957109999999
333,0.7589169090000001,0.5362213570000001,0.254337983,0.737778585,0.648393088,0.5871295844000001
334,0.7244950040000001,0.453363888,0.3534031689999999,0.609653008,0.481560167,0.5244950472000001
335,0.467537037,0.499166026,0.37032702,0.5304410279999999,0.544203572,0.48233493660000004
336,0.726301913,0.5358363979999999,0.09761053,0.6541642329999999,0.4643528389999999,0.4956531826
337,0.6867409459999999,0.566174238,0.349978687,0.628771388,0.63544116,0.5734212838
338,0.732031735,0.603106346,0.184620334,0.616360417,0.498852976,0.5269943616000001
339,0.567349994,0.491048107,0.319256777,0.68642057,0.591523919,0.5311198734
340,0.744106816,0.488207254,0.2991715769999999,0.616585021,0.604965975,0.5506073286
341,0.365309777,0.491862677,0.398807718,0.542533748,0.552128952,0.4701285744
342,0.6915098829999999,0.319726477,0.294159725,0.678830952,0.624394934,0.5217243941999999
343,0.6867409459999999,0.566174238,0.349978687,0.628771388,0.63544116,0.5734212838
344,0.6760920229999999,0.4906663739999999,0.31518025,0.630966357,0.6695480739999999,0.5564906155999999
345,0.745030874,0.5366996829999999,0.351982233,0.70814425,0.7215989859999999,0.6126912052
346,0.712202094,0.483078117,0.344070306,0.541127198,0.643658029,0.5448271487999999
347,0.676832422,0.528769526,0.327530235,0.485967304,0.59303579,0.5224270554
348,0.750623193,0.51330369,0.347979642,0.7284346279999999,0.489578415,0.5659839136
349,0.7097200140000001,0.386980806,0.405111812,0.515879577,0.385853311,0.48070910399999994
350,0.8436448559999999,0.350097586,0.158960165,0.7519536509999999,0.570551787,0.535041609
351,0.726302531,0.482926556,0.235095763,0.562338195,0.572802913,0.5158931916
352,0.730786067,0.505686912,0.302296357,0.643341382,0.501290451,0.5366802338000001
353,0.68730494,0.571534177,0.3291786889999999,0.6286931889999999,0.432524506,0.5298471001999999
354,0.6760920229999999,0.4906663739999999,0.31518025,0.630966357,0.6695480739999999,0.5564906155999999
355,0.714151891,0.5401194779999999,0.384795656,0.596023298,0.819186691,0.6108554028000001
356,0.6806395890000001,0.487733627,0.351739388,0.640047261,0.6651002970000001,0.5650520323999999
357,0.713487214,0.527936568,0.301878507,0.654953216,0.495328066,0.5387167142
358,0.69251656,0.554027306,0.575185947,0.698174417,0.550870021,0.6141548502
359,0.350694497,0.5433913020000001,0.3473828089999999,0.766622308,0.720418261,0.5457018354
360,0.574710996,0.498220906,0.24354747,0.571096051,0.3171981219999999,0.440954709
361,0.850976417,0.472317306,0.380469625,0.684929235,0.654939261,0.6087263688
362,0.708712751,0.3860252,0.269420404,0.638591247,0.431117915,0.4867735034
363,0.496924945,0.378175556,0.218638367,0.732314638,0.603281328,0.4858669668
364,0.452885854,0.497531942,0.367026072,0.7318636340000001,0.5706130110000001,0.5239841026000001
365,0.639803927,0.5045036589999999,0.243369221,0.764748702,0.5460486379999999,0.5396948293999999
366,0.838999897,0.505612327,0.285316244,0.4102687579999999,0.403988939,0.48883723300000004
367,0.73795814,0.482926556,0.252491851,0.6657727370000001,0.520974069,0.5320246706
368,0.6844818140000001,0.343442246,0.268605631,0.587191838,0.517080471,0.48016040000000004
369,0.6797023109999999,0.580117722,0.319549685,0.45337448,0.535041938,0.5135572272
370,0.6867409459999999,0.566174238,0.349978687,0.628771388,0.63544116,0.5734212838
371,0.676668391,0.482926556,0.430766806,0.47633809,0.5597799720000001,0.5252959629999999
372,0.6148048629999999,0.503442808,0.345720262,0.597999992,0.48660466,0.5097145169999999
373,0.734074585,0.475898098,0.276966138,0.552333307,0.551787326,0.5182118908
374,0.526428498,0.543008362,0.475391715,0.63576548,0.607337876,0.5575863862
375,0.649370397,0.475609042,0.24354747,0.674941997,0.487391447,0.5061720706
376,0.555286104,0.394596075,0.158960165,0.937226004,0.6033967029999999,0.5298930102000001
377,0.692512742,0.430669315,0.455843016,0.648968228,0.24807309,0.49521327819999994
378,0.493287019,0.42477101,0.268949247,0.536628989,0.4277759989999999,0.43028245280000005
379,0.497010079,0.491495287,0.184535076,0.799496378,0.57932178,0.51037172
380,0.542283671,0.553534436,0.393692132,0.694844645,0.643077178,0.5654864124
381,0.7774877290000001,0.495808459,0.327846478,0.654983145,0.495029703,0.5502311028
382,0.6867409459999999,0.566174238,0.349978687,0.628771388,0.63544116,0.5734212838
383,0.6134696629999999,0.510954449,0.374975523,0.740888938,0.7449576,0.5970492346
384,0.581564788,0.495633414,0.382811161,0.546795878,0.628916998,0.5271444477999999
385,0.697312852,0.549286023,0.244511301,0.697561123,0.551006576,0.547935575
386,0.82902234,0.550253531,0.374019745,0.7162483940000001,0.600807717,0.6140703453999999
387,0.739716125,0.5366996829999999,0.400441171,0.723072843,0.715158189,0.6230176022
388,0.335895281,0.380492651,0.2609686969999999,0.856374381,0.729189117,0.5125840254
389,0.3982713879999999,0.512787836,0.0993621059999999,0.797294471,0.63137511,0.48781818219999995
390,0.50900958,0.498000634,0.294185657,0.939866818,0.663165164,0.5808455706
391,0.681240946,0.34248664,0.243590572,0.751872662,0.522584071,0.5083549782000001
392,0.835759415,0.557341791,0.328422509,0.66913141,0.385015575,0.55513414
393,0.339710132,0.491495287,0.25122662,0.7487518409999999,0.7779046940000001,0.5218177147999999
394,0.757925647,0.5366996829999999,0.389533052,0.711237931,0.711795475,0.6214383576
395,0.6867409459999999,0.566174238,0.349978687,0.628771388,0.63544116,0.5734212838
396,0.265180115,0.430528915,0.251985477,0.782865241,0.742704065,0.4946527626
397,0.634051366,0.460678401,0.277565503,0.747129941,0.571967792,0.5382786006
398,0.4632701829999999,0.4885007729999999,0.306098142,0.584910489,0.531657552,0.4748874278
399,0.817841473,0.491722935,0.244511301,0.724983535,0.576082819,0.5710284125999999
400,0.8344743109999999,0.305007053,0.244218393,0.664077951,0.503392124,0.5102339664
401,0.738313223,0.438791628,0.251576178,0.6636801529999999,0.515172695,0.5215067754
402,0.758456087,0.505460766,0.251806375,0.571644464,0.421855881,0.5018447146
403,0.489771716,0.476124895,0.255923335,0.83368734,0.597139812,0.5305294196
404,0.84106517,0.460370232,0.209737087,0.77605075,0.449002632,0.5472451742000001
405,0.732345707,0.482926556,0.2856794689999999,0.693324313,0.626636411,0.5641824912000001
406,0.598616383,0.52770892,0.243595628,0.740097964,0.614411312,0.5448860414000001
407,0.6867409459999999,0.566174238,0.349978687,0.628771388,0.63544116,0.5734212838
408,0.6867409459999999,0.566174238,0.349978687,0.628771388,0.63544116,0.5734212838
409,0.7496705290000001,0.34248664,0.311418988,0.70019416,0.431634501,0.5070809636
410,0.5680888279999999,0.431707091,0.353448737,0.7460291859999999,0.550734704,0.5300017091999999
411,0.626020194,0.57983321,0.278614592,0.7323524659999999,0.660168737,0.5753978397999999
412,0.424241469,0.504731306,0.285838962,0.7530726190000001,0.61659584,0.5168960392
413,0.6867409459999999,0.566174238,0.349978687,0.628771388,0.63544116,0.5734212838
414,0.5715984129999999,0.564627256,0.4067675839999999,0.769249471,0.766021719,0.6156528886
415,0.5140994289999999,0.231905825,0.244218393,0.718146198,0.573533367,0.4563806424
416,0.6867409459999999,0.566174238,0.349978687,0.628771388,0.63544116,0.5734212838
417,0.581394293,0.44350767,0.336692557,0.663755204,0.5840124879999999,0.5218724424000001
418,0.5980439999999999,0.3558556539999999,0.218638367,0.8011583240000001,0.540387097,0.5028166884
419,0.542565759,0.505759379,0.210493268,0.818388875,0.55156729,0.5257549142
420,0.6780787070000001,0.505460766,0.21020036,0.7127374679999999,0.5342254129999999,0.5281405427999999
421,0.751223247,0.482926556,0.24354747,0.636449965,0.464272854,0.5156840184
422,0.6867409459999999,0.566174238,0.349978687,0.628771388,0.63544116,0.5734212838
423,0.746925205,0.573245066,0.268821039,0.694461665,0.673049132,0.5913004213999999
424,0.37920642,0.535173493,0.243840378,0.918185147,0.8091310270000001,0.5771072930000001
425,0.6867409459999999,0.566174238,0.349978687,0.628771388,0.63544116,0.5734212838
426,0.6867409459999999,0.566174238,0.349978687,0.628771388,0.63544116,0.5734212838
427,0.6867409459999999,0.566174238,0.349978687,0.628771388,0.63544116,0.5734212838
428,0.6867409459999999,0.566174238,0.349978687,0.628771388,0.63544116,0.5734212838
429,0.8464722290000001,0.460678401,0.251735671,0.731375118,0.642774168,0.5866071174
430,0.6867409459999999,0.566174238,0.349978687,0.628771388,0.63544116,0.5734212838
431,0.6780787070000001,0.505460766,0.21020036,0.7127374679999999,0.5342254129999999,0.5281405427999999
432,0.331132006,0.36393976,0.21810086,0.980139517,0.7017215720000001,0.519006743
433,0.77017015,0.5366996829999999,0.389533052,0.7160319340000001,0.7192389290000001,0.6263347496
434,0.6867409459999999,0.566174238,0.349978687,0.628771388,0.63544116,0.5734212838
435,0.6867409459999999,0.566174238,0.349978687,0.628771388,0.63544116,0.5734212838
436,0.6867409459999999,0.566174238,0.349978687,0.628771388,0.63544116,0.5734212838
437,0.294912834,0.474940991,0.192227926,0.988869702,0.7157426459999999,0.5333388198
438,0.674558888,0.505688413,0.25122662,0.628628023,0.485014255,0.5090232398
439,0.6867409459999999,0.566174238,0.349978687,0.628771388,0.63544116,0.5734212838
440,0.6867409459999999,0.566174238,0.349978687,0.628771388,0.63544116,0.5734212838
441,0.6732212890000001,0.387269005,0.225561395,0.68550436,0.576850592,0.5096813282
442,0.6780787070000001,0.505460766,0.21020036,0.7127374679999999,0.5342254129999999,0.5281405427999999
443,0.6867409459999999,0.566174238,0.349978687,0.628771388,0.63544116,0.5734212838
444,0.6867409459999999,0.566174238,0.349978687,0.628771388,0.63544116,0.5734212838
445,0.6867409459999999,0.566174238,0.349978687,0.628771388,0.63544116,0.5734212838
446,0.6867409459999999,0.566174238,0.349978687,0.628771388,0.63544116,0.5734212838
447,0.671538098,0.6594174629999999,0.3115740369999999,0.594117639,0.499085001,0.5471464476
448,0.6867409459999999,0.566174238,0.349978687,0.628771388,0.63544116,0.5734212838
449,0.63847366,0.4582689689999999,0.371612801,0.633717319,0.7071133540000001,0.5618372206
450,0.6867409459999999,0.566174238,0.349978687,0.628771388,0.63544116,0.5734212838
451,0.293300379,0.490462833,0.2179674439999999,0.753306994,0.541500318,0.4593075936
452,0.68678662,0.549286023,0.252491851,0.7631653420000001,0.5601780129999999,0.5623815698
453,0.6867409459999999,0.566174238,0.349978687,0.628771388,0.63544116,0.5734212838
454,0.795476188,0.4831542029999999,0.251985477,0.6055607279999999,0.433192552,0.5138738295999999
455,0.753455842,0.49068312,0.285972377,0.822547163,0.673310878,0.6051938760000001
456,0.674080219,0.506275232,0.302296357,0.827872209,0.6685767770000001,0.5958201588
457,0.7043634129999999,0.571761825,0.302296357,0.651467655,0.5138415679999999,0.5487461636000001
458,0.792067926,0.482926556,0.34501073,0.567930932,0.538523164,0.5452918616
459,0.678489206,0.482618387,0.244218393,0.598324325,0.3184440839999999,0.46441887899999995
460,0.6867409459999999,0.566174238,0.349978687,0.628771388,0.63544116,0.5734212838
461,0.576076633,0.446703367,0.184535076,0.8088936870000001,0.614345141,0.5261107808000001
462,0.302496177,0.535249445,0.32530983,0.609924774,0.740573994,0.502710844
463,0.6867409459999999,0.566174238,0.349978687,0.628771388,0.63544116,0.5734212838
464,0.593726457,0.529127769,0.323537583,0.879466915,0.644720843,0.5941159134
465,0.6867409459999999,0.566174238,0.349978687,0.628771388,0.63544116,0.5734212838
466,0.6867409459999999,0.566174238,0.349978687,0.628771388,0.63544116,0.5734212838
467,0.6867409459999999,0.566174238,0.349978687,0.628771388,0.63544116,0.5734212838
468,0.687852536,0.519017494,0.345400334,0.477398628,0.6325580510000001,0.5324454086
469,0.6867409459999999,0.566174238,0.349978687,0.628771388,0.63544116,0.5734212838
470,0.583537674,0.533172904,0.317181204,0.631224156,0.776130546,0.5682492968
471,0.3150766439999999,0.534880793,0.263469069,0.814425216,0.6896837459999999,0.5235070935999999
472,0.6867409459999999,0.566174238,0.349978687,0.628771388,0.63544116,0.5734212838
473,0.6867409459999999,0.566174238,0.349978687,0.628771388,0.63544116,0.5734212838
474,0.509530782,0.469634746,0.292980694,0.722607372,0.650900688,0.5291308564
475,0.575998486,0.5950498160000001,0.218638367,0.713810255,0.612137654,0.5431269156
476,0.6867409459999999,0.566174238,0.349978687,0.628771388,0.63544116,0.5734212838
477,0.6867409459999999,0.566174238,0.349978687,0.628771388,0.63544116,0.5734212838
478,0.465597054,0.474764732,0.33870857,0.630922238,0.534575303,0.4889135794
479,0.74932543,0.5045036589999999,0.172648914,0.62687385,0.535281778,0.5177267261999999
480,0.6434888360000001,0.231905825,0.3713952129999999,0.7831383479999999,0.658066051,0.5375988546
481,0.6780787070000001,0.505460766,0.21020036,0.7127374679999999,0.5342254129999999,0.5281405427999999
482,0.6867409459999999,0.566174238,0.349978687,0.628771388,0.63544116,0.5734212838
483,0.382255552,0.505459264,0.294478565,0.757249944,0.674175402,0.5227237454
484,0.6867409459999999,0.566174238,0.349978687,0.628771388,0.63544116,0.5734212838
485,0.6867409459999999,0.566174238,0.349978687,0.628771388,0.63544116,0.5734212838
486,0.55178258,0.423267591,0.244053845,0.791869783,0.6426567329999999,0.5307261064
487,0.6867409459999999,0.566174238,0.349978687,0.628771388,0.63544116,0.5734212838
488,0.387112079,0.292044137,0.218638367,0.8956954690000001,0.555929579,0.46988392619999997
489,0.573641222,0.439550693,0.299589718,0.520741838,0.486406741,0.4639860424
490,0.6780787070000001,0.505460766,0.21020036,0.7127374679999999,0.5342254129999999,0.5281405427999999
491,0.367917956,0.527936568,0.353110261,0.477226465,0.596833434,0.4646049368
492,0.576947361,0.513005927,0.183704661,0.689848632,0.606012721,0.5139038603999999
493,0.5830314360000001,0.505460766,0.24354747,0.637190861,0.507166369,0.4952793804000001
494,0.6867409459999999,0.566174238,0.349978687,0.628771388,0.63544116,0.5734212838
495,0.653958221,0.461861654,0.311418988,0.697962768,0.571609179,0.5393621620000001
496,0.6867409459999999,0.566174238,0.349978687,0.628771388,0.63544116,0.5734212838
497,0.6867409459999999,0.566174238,0.349978687,0.628771388,0.63544116,0.5734212838
498,0.6867409459999999,0.566174238,0.349978687,0.628771388,0.63544116,0.5734212838
499,0.522749181,0.297481167,0.3363996489999999,0.792386402,0.7179904979999999,0.5334013794
500,0.6867409459999999,0.566174238,0.349978687,0.628771388,0.63544116,0.5734212838
501,0.6867409459999999,0.566174238,0.349978687,0.628771388,0.63544116,0.5734212838
502,0.658341152,0.555559198,0.325713396,0.682240273,0.77022453,0.5984157098
503,0.6867409459999999,0.566174238,0.349978687,0.628771388,0.63544116,0.5734212838
504,0.5483174,0.582011514,0.363086372,0.786583749,0.815324866,0.6190647802
505,0.77544648,0.535174994,0.210115102,0.750001272,0.6448077839999999,0.5831091263999999
506,0.6867409459999999,0.566174238,0.349978687,0.628771388,0.63544116,0.5734212838
507,0.746599417,0.453964802,0.311418988,0.6530692570000001,0.467707282,0.5265519492
508,0.6780787070000001,0.505460766,0.21020036,0.7127374679999999,0.5342254129999999,0.5281405427999999
509,0.601304455,0.387269005,0.150517043,0.7685298140000001,0.611405429,0.5038051492
510,0.64218861,0.3944490229999999,0.184620334,0.7395715140000001,0.5914502779999999,0.5104559518
511,0.632928252,0.5065819229999999,0.388105826,0.677587322,0.638803098,0.5688012841999999
512,0.487287812,0.513870103,0.297631711,0.7317951909999999,0.660407947,0.5381985528
513,0.5747572910000001,0.4016128329999999,0.218638367,0.8361609729999999,0.646827889,0.5355994706
514,0.8185026120000001,0.550996912,0.244346752,0.81472647,0.57504184,0.6007229171999999
515,0.6867409459999999,0.566174238,0.349978687,0.628771388,0.63544116,0.5734212838
516,0.327476767,0.490830925,0.31066013,0.788275675,0.656881093,0.514824918
517,0.46196706,0.379537046,0.218638367,0.676283162,0.532107209,0.45370656880000004
518,0.8428184890000001,0.5866178120000001,0.31066013,0.623852304,0.4864552279999999,0.5700807926
519,0.6867409459999999,0.566174238,0.349978687,0.628771388,0.63544116,0.5734212838
520,0.559607305,0.4477831379999999,0.380804532,0.728836853,0.611983885,0.5458031426
521,0.6867409459999999,0.566174238,0.349978687,0.628771388,0.63544116,0.5734212838
522,0.893376185,0.535174994,0.21020036,0.4743560529999999,0.418269062,0.5062753308
523,0.8101653790000001,0.536064046,0.356821004,0.54927633,0.481658251,0.546797002
524,0.6867409459999999,0.566174238,0.349978687,0.628771388,0.63544116,0.5734212838
525,0.732011307,0.424457355,0.285838962,0.658964315,0.505289878,0.5213123634000001
526,0.6867409459999999,0.566174238,0.349978687,0.628771388,0.63544116,0.5734212838
527,0.544132964,0.461861654,0.235473929,0.773686153,0.550423696,0.5131156792
528,0.401646929,0.611235326,0.35624969,0.8167011479999999,0.7679186090000001,0.5907503404000001
529,0.6258217189999999,0.468652908,0.150517043,0.7021815240000001,0.448276355,0.4790899098
530,0.6780787070000001,0.505460766,0.21020036,0.7127374679999999,0.5342254129999999,0.5281405427999999
531,0.6867409459999999,0.566174238,0.349978687,0.628771388,0.63544116,0.5734212838
532,0.7354900740000001,0.505459264,0.278364785,0.688730906,0.525238305,0.5466566668
533,0.6780787070000001,0.505460766,0.21020036,0.7127374679999999,0.5342254129999999,0.5281405427999999
534,0.689448712,0.410795132,0.0993621059999999,0.858230707,0.4995779529999999,0.5114829219999999
535,0.485496389,0.535549694,0.2934269439999999,0.745717726,0.615837371,0.5352056247999999
536,0.463665929,0.386559775,0.251985477,0.738286848,0.5492038539999999,0.4779403766
537,0.479201121,0.364525914,0.373255743,0.56969237,0.5516081070000001,0.4676566510000001
538,0.6780787070000001,0.505460766,0.21020036,0.7127374679999999,0.5342254129999999,0.5281405427999999
539,0.570119767,0.477233495,0.220169032,0.735851328,0.537852648,0.508245254
540,0.6867409459999999,0.566174238,0.349978687,0.628771388,0.63544116,0.5734212838
541,0.5653646370000001,0.571534177,0.304194618,0.741927175,0.570717826,0.5507476866000001
542,0.231232055,0.461861654,0.158960165,0.8767725479999999,0.625276359,0.47082055619999996
543,0.7892494729999999,0.662896805,0.259155609,0.7740686509999999,0.490807891,0.5952356858
544,0.6867409459999999,0.566174238,0.349978687,0.628771388,0.63544116,0.5734212838
545,0.827449413,0.4755419039999999,0.2780718769999999,0.757822703,0.4911897779999999,0.566015135
546,0.651851676,0.527566279,0.276966138,0.718974462,0.598686033,0.5548089176
547,0.6867409459999999,0.566174238,0.349978687,0.628771388,0.63544116,0.5734212838
548,0.601249076,0.505460766,0.176097069,0.6912099429999999,0.441278923,0.4830591554
549,0.6780787070000001,0.505460766,0.21020036,0.7127374679999999,0.5342254129999999,0.5281405427999999
550,0.6780787070000001,0.505460766,0.21020036,0.7127374679999999,0.5342254129999999,0.5281405427999999
551,0.455579293,0.504731306,0.2179674439999999,0.720942748,0.603701907,0.5005845395999999
552,0.6867409459999999,0.566174238,0.349978687,0.628771388,0.63544116,0.5734212838
553,0.6867409459999999,0.566174238,0.349978687,0.628771388,0.63544116,0.5734212838
554,0.828748763,0.43280515,0.311711896,0.674696345,0.528793555,0.5553511418
555,0.6867409459999999,0.566174238,0.349978687,0.628771388,0.63544116,0.5734212838
556,0.289186553,0.5650347729999999,0.150517043,0.7527679340000001,0.570523946,0.46560604980000003
557,0.6867409459999999,0.566174238,0.349978687,0.628771388,0.63544116,0.5734212838
558,0.823384751,0.475898098,0.285952768,0.69609926,0.542715775,0.5648101303999999
559,0.6780787070000001,0.505460766,0.21020036,0.7127374679999999,0.5342254129999999,0.5281405427999999
560,0.754330458,0.512711143,0.370795848,0.6695714779999999,0.726538828,0.606789551
561,0.406070751,0.502768409,0.328089323,0.8294252390000001,0.806755033,0.574621751
562,0.6780787070000001,0.505460766,0.21020036,0.7127374679999999,0.5342254129999999,0.5281405427999999
563,0.6914528190000001,0.432071339,0.208597506,0.7248970790000001,0.517950594,0.5149938674000001
564,0.483026872,0.5045036589999999,0.311418988,0.767615672,0.7929503170000001,0.5719031016
565,0.6867409459999999,0.566174238,0.349978687,0.628771388,0.63544116,0.5734212838
566,0.380604764,0.425059127,0.210115102,0.700269886,0.783663326,0.49994244100000007
567,0.716569731,0.239534636,0.252204151,0.8027631340000001,0.641556412,0.5305256128
568,0.6867409459999999,0.566174238,0.349978687,0.628771388,0.63544116,0.5734212838
569,0.309495542,0.5358363979999999,0.2780718769999999,0.788388876,0.611761507,0.5047108399999999
570,0.51311193,0.43601225,0.382789457,0.540554857,0.615980639,0.4976898266
571,0.6867409459999999,0.566174238,0.349978687,0.628771388,0.63544116,0.5734212838
572,0.293823651,0.44663623,0.218638367,0.877438293,0.64893591,0.4970944902
573,0.739587883,0.5253255720000001,0.350282747,0.642426504,0.616994442,0.5749234296000001
574,0.7391067090000001,0.557914245,0.327964763,0.694479732,0.682623733,0.6004178363999999
575,0.58511199,0.474940991,0.260099443,0.8317299459999999,0.681428635,0.566662201
576,0.304615907,0.498144751,0.270091327,0.8341607759999999,0.78141332,0.5376852162
577,0.510745523,0.489449949,0.30584972,0.718095895,0.6217708789999999,0.5291823932
578,0.674004281,0.505460766,0.303188631,0.830285701,0.704640077,0.6035158912
579,0.722262078,0.4095171589999999,0.210493268,0.7905527929999999,0.680548461,0.5626747517999999
580,0.4967495879999999,0.462533533,0.251825985,0.784515148,0.720412211,0.543207293
581,0.6780787070000001,0.505460766,0.21020036,0.7127374679999999,0.5342254129999999,0.5281405427999999
582,0.763016219,0.461634007,0.270091327,0.649033604,0.514685624,0.5316921562000001
583,0.6867409459999999,0.566174238,0.349978687,0.628771388,0.63544116,0.5734212838
584,0.6867409459999999,0.566174238,0.349978687,0.628771388,0.63544116,0.5734212838
585,0.3358629389999999,0.468884384,0.2434622119999999,0.822680399,0.7769166559999999,0.529561318
586,0.6582989539999999,0.557914245,0.36930272,0.696624095,0.7349304259999999,0.6034140879999998
587,0.6867409459999999,0.566174238,0.349978687,0.628771388,0.63544116,0.5734212838
588,0.637747119,0.454319494,0.285153486,0.743176445,0.5106838570000001,0.5262160802
589,0.6867409459999999,0.566174238,0.349978687,0.628771388,0.63544116,0.5734212838
590,0.6867409459999999,0.566174238,0.349978687,0.628771388,0.63544116,0.5734212838
591,0.6867409459999999,0.566174238,0.349978687,0.628771388,0.63544116,0.5734212838
592,0.583241675,0.51612462,0.340117273,0.576995867,0.412959423,0.4858877716
593,0.6867409459999999,0.566174238,0.349978687,0.628771388,0.63544116,0.5734212838
594,0.483343986,0.385736994,0.251985477,0.826884345,0.620614441,0.5137130485999999
595,0.74613285,0.502347043,0.389136481,0.7608152570000001,0.569015198,0.5934893658
596,0.6867409459999999,0.566174238,0.349978687,0.628771388,0.63544116,0.5734212838
597,0.69073934,0.34248664,0.243840378,0.776932023,0.570475475,0.5248947711999999
598,0.7915215,0.52090726,0.2773156969999999,0.596756053,0.333379025,0.5039759070000001
599,0.601947024,0.338274592,0.350386206,0.6902766220000001,0.716602782,0.5394974452
600,0.367076337,0.430970115,0.218638367,0.8411685170000001,0.650691305,0.5017089282
601,0.47907696,0.418027505,0.184535076,0.7546959759999999,0.587898974,0.4848468982
602,0.732762597,0.527865041,0.358347205,0.678426902,0.549252244,0.5693307978
603,0.507599874,0.239009122,0.251954344,0.81869715,0.5597487870000001,0.4754018554
604,0.635012851,0.557796346,0.210115102,0.63303835,0.584667763,0.5241260824
605,0.781274338,0.557423149,0.337541729,0.61361768,0.6726289540000001,0.59249717
606,0.6867409459999999,0.566174238,0.349978687,0.628771388,0.63544116,0.5734212838
607,0.756534932,0.5358363979999999,0.21838856,0.650570546,0.55457911,0.5431819092000001
608,0.6867409459999999,0.566174238,0.349978687,0.628771388,0.63544116,0.5734212838
609,0.569343823,0.15883522,0.267775216,0.763539999,0.6011582639999999,0.47213050439999993
610,0.552071705,0.505460766,0.251985477,0.7328886109999999,0.598142234,0.5281097586
611,0.437485357,0.320534919,0.217807952,0.876458071,0.617019883,0.4938612364
612,0.582654232,0.474940991,0.2780718769999999,0.741215588,0.608570885,0.5370907145999999
613,0.520062396,0.313074129,0.200421241,0.837497587,0.71418412,0.5170478946
614,0.693390805,0.506245455,0.307800283,0.5959456989999999,0.4317028429999999,0.507017017
615,0.487215607,0.394596075,0.243619028,0.769642541,0.662081669,0.511430984
616,0.6780787070000001,0.505460766,0.21020036,0.7127374679999999,0.5342254129999999,0.5281405427999999
617,0.669216634,0.506245455,0.385774554,0.7135710540000001,0.650690695,0.5850996784
618,0.6780787070000001,0.505460766,0.21020036,0.7127374679999999,0.5342254129999999,0.5281405427999999
619,0.6867409459999999,0.566174238,0.349978687,0.628771388,0.63544116,0.5734212838
620,0.6867409459999999,0.566174238,0.349978687,0.628771388,0.63544116,0.5734212838
621,0.459089705,0.579442885,0.2878750639999999,0.781303693,0.588927302,0.5393277298
622,0.423639225,0.490311272,0.285838962,0.708133373,0.595234784,0.5006315232
623,0.685498342,0.550996912,0.277400955,0.618204274,0.468315986,0.5200832938000001
624,0.905647512,0.506275232,0.246135666,0.571060661,0.440989129,0.53402164
625,0.275144964,0.3434624679999999,0.321802783,0.788244642,0.663116068,0.478354185
626,0.585044114,0.528665113,0.328052913,0.605896865,0.643388702,0.5382095414
627,0.6780787070000001,0.505460766,0.21020036,0.7127374679999999,0.5342254129999999,0.5281405427999999
628,0.6867409459999999,0.566174238,0.349978687,0.628771388,0.63544116,0.5734212838
629,0.7493442229999999,0.496615986,0.328089323,0.706817639,0.542701106,0.5647136554
630,0.6780787070000001,0.505460766,0.21020036,0.7127374679999999,0.5342254129999999,0.5281405427999999
