,Role_Analyst,Personal_Values_Cont_SelfTranscendence,Personal_Values_Facet_Cont_Achievement,Character_Facet_Cont_Trust,Temperament_Unstable,Character_Cont_Agreeableness,Mean,Mean_RoleAnalyst
0,0.627180019,0.27576318,0.322607812,0.45007974,0.5,0.467755524,0.4405643791666667,0.4405643791666667
1,0.403616246,0.264247563,0.333643966,0.504510325,0.125,0.225692406,0.309451751,0.309451751
2,0.610824777,0.244234964,0.287051868,0.4584995329999999,0.5,0.368621663,0.4115388008333333,0.4115388008333333
3,0.389318156,0.264290992,0.318079726,0.476508182,0.0,0.234586658,0.2804639523333334,0.2804639523333334
4,0.486907965,0.286270361,0.309832273,0.553487541,0.0,0.59906722,0.3725942266666666,0.37259422666666664
5,0.547156268,0.243839296,0.316398161,0.4720113689999999,0.125,0.272246348,0.3294419069999999,0.329441907
6,0.578051888,0.251301133,0.319407246,0.511434511,0.125,0.343352174,0.3547578253333333,0.35475782533333333
7,0.389580938,0.24855906,0.3180733189999999,0.47250634,0.0,0.239759371,0.2780798379999999,0.27807983799999997
8,0.539261356,0.269699136,0.290761637,0.29288308,0.0,0.3554202279999999,0.2913375728333333,0.2913375728333333
9,0.722407255,0.264304293,0.2985073339999999,0.505870826,0.125,0.413804347,0.3883156758333333,0.3883156758333333
10,0.645145464,0.277711376,0.318419881,0.521608223,0.5,0.384699434,0.441264063,0.44126406299999993
11,0.551306095,0.244135402,0.322710843,0.670027914,0.5,0.24147728,0.421609589,0.421609589
12,0.450522893,0.2860815989999999,0.320928153,0.483868898,0.0,0.223579269,0.2941634686666666,0.2941634686666666
13,0.779071353,0.28095564,0.296301401,0.543282181,0.125,0.510533855,0.4225240716666666,0.4225240716666666
14,0.4862761339999999,0.295324392,0.322709587,0.48899516,0.125,0.261114703,0.3299033293333333,0.32990332933333333
15,0.574690945,0.260638797,0.31766163,0.523762443,0.125,0.337753302,0.3565845194999999,0.35658451949999986
16,0.62343418,0.270898847,0.3168527419999999,0.472428091,0.375,0.2838897489999999,0.3904172681666666,0.3904172681666666
17,0.605751252,0.268485149,0.316074486,0.255102318,0.125,0.227778057,0.2996985436666666,0.29969854366666665
18,0.493315491,0.231168983,0.317651977,0.547757296,0.125,0.261662986,0.3294261221666666,0.32942612216666667
19,0.6528297279999999,0.230360641,0.314366973,0.501394325,1.0,0.284377425,0.4972215153333333,0.49722151533333336
20,0.7111785709999999,0.255429101,0.299565075,0.6156737520000001,0.125,0.364005046,0.3951419241666666,0.3951419241666666
21,0.36999973,0.2721423719999999,0.317341215,0.60508611,0.0,0.3025272189999999,0.3111827743333333,0.31118277433333336
22,0.512539693,0.224970012,0.318691726,0.590874159,0.125,0.102006969,0.3123470931666667,0.3123470931666667
23,0.46777087,0.211987421,0.3122175769999999,0.481490116,0.125,0.288126515,0.3144320831666666,0.31443208316666665
24,0.454860792,0.244473894,0.315906442,0.341763605,0.125,0.21976278,0.2836279188333333,0.2836279188333333
25,0.4489803329999999,0.27013416,0.318049372,0.396189055,0.0,0.250241305,0.2805990375,0.2805990375
26,0.6018212070000001,0.256825168,0.29419979,0.364708607,0.0,0.251144852,0.2947832706666667,0.2947832706666667
27,0.713938443,0.26772533,0.292674346,0.61547342,0.125,0.532185406,0.4244994908333333,0.4244994908333334
28,0.529406846,0.253334165,0.3126262489999999,0.482100543,0.0,0.2197043189999999,0.2995286869999999,0.29952868699999996
29,0.632014702,0.243085566,0.322048213,0.404270406,0.125,0.326351493,0.3421283966666666,0.34212839666666667
30,0.58205812,0.259507705,0.321664611,0.607330394,0.125,0.295218555,0.3651298974999999,0.3651298975
31,0.370112142,0.275487436,0.31949871,0.536374491,0.0,0.283048026,0.2974201341666666,0.29742013416666657
32,0.543098318,0.251201551,0.3174045139999999,0.484683674,0.125,0.240518465,0.3269844203333333,0.32698442033333336
33,0.722407255,0.264304293,0.2985073339999999,0.505870826,0.125,0.413804347,0.3883156758333333,0.3883156758333333
34,0.659607003,0.256591251,0.319760168,0.4939014579999999,0.125,0.138563195,0.3322371791666666,0.3322371791666666
35,0.59354748,0.279222965,0.316655873,0.543357977,0.125,0.3390038429999999,0.3661313563333333,0.3661313563333333
36,0.5784506220000001,0.266700126,0.306705135,0.516432619,0.0,0.483274852,0.3585938923333334,0.3585938923333334
37,0.7211113,0.232154832,0.329042287,0.287486531,0.75,0.239467,0.4265436583333333,0.4265436583333333
38,0.4087714229999999,0.273597374,0.32004058,0.236147794,0.0,0.070980009,0.2182561966666666,0.2182561966666666
39,0.510011905,0.277943558,0.282335243,0.441615043,0.125,0.254685753,0.3152652503333333,0.31526525033333336
40,0.4451501639999999,0.25186846,0.286812479,0.35748062,0.0,0.260710144,0.2670036444999999,0.26700364449999997
41,0.597893675,0.2680162239999999,0.324601185,0.475996735,0.75,0.334955446,0.4585772108333333,0.45857721083333336
42,0.523566685,0.234823646,0.31774196,0.599886583,0.0,0.181377592,0.3095660776666666,0.30956607766666666
43,0.657078854,0.225616078,0.321645885,0.4608504129999999,0.125,0.2766766969999999,0.3444779878333333,0.3444779878333333
44,0.61147998,0.240129339,0.328941838,0.467529881,0.125,0.29036161,0.343907108,0.3439071080000001
45,0.7470917109999999,0.264316208,0.31481821,0.357716071,1.0,0.315205401,0.4998579334999999,0.49985793349999996
46,0.706753545,0.254010233,0.294501696,0.3837411329999999,0.25,0.344481801,0.372248068,0.37224806799999993
47,0.570906276,0.268792358,0.268731333,0.49277858,0.0,0.340416163,0.3236041183333333,0.3236041183333333
48,0.768672667,0.2747819139999999,0.319341869,0.240457688,0.125,0.310871964,0.3398543503333333,0.33985435033333333
49,0.329141678,0.215940133,0.319171879,0.506432306,0.0,0.168685172,0.2565618613333333,0.2565618613333333
50,0.638898995,0.257546695,0.28981653,0.670197928,0.125,0.457238325,0.4064497455,0.40644974550000007
51,0.543097745,0.21957794,0.322054118,0.439515295,0.0,0.191274441,0.2859199231666666,0.2859199231666666
52,0.695219026,0.257077228,0.289765245,0.49490793,0.0,0.409424652,0.3577323468333334,0.35773234683333344
53,0.5874400879999999,0.250439145,0.3210013969999999,0.312887875,0.125,0.351411608,0.3246966854999999,0.3246966854999999
54,0.779647137,0.275089619,0.312063513,0.421049183,0.5,0.352531379,0.4400634718333333,0.4400634718333333
55,0.5341521579999999,0.28727792,0.3012261639999999,0.391507515,0.0,0.327596823,0.3069600966666666,0.3069600966666666
56,0.485835988,0.253549957,0.324959815,0.429275301,0.125,0.462875925,0.3469161643333333,0.34691616433333333
57,0.658100292,0.252617504,0.315753803,0.345371887,0.5,0.495340244,0.4278639549999999,0.4278639549999999
58,0.4360629579999999,0.256809147,0.320313346,0.42883648,0.0,0.270875306,0.2854828728333333,0.2854828728333333
59,0.518447586,0.265112688,0.305935955,0.540176963,0.125,0.4683395939999999,0.370502131,0.37050213099999996
60,0.544468462,0.232888376,0.317140365,0.367429307,0.25,0.452698229,0.3607707898333334,0.3607707898333334
61,0.4723035379999999,0.256248785,0.318904574,0.358127719,0.125,0.531553159,0.3436896291666667,0.3436896291666667
62,0.668587272,0.271625858,0.30793925,0.4029184529999999,0.5,0.390535419,0.423601042,0.423601042
63,0.724638725,0.239142092,0.326761822,0.387281159,0.125,0.330991321,0.3556358531666667,0.3556358531666667
64,0.376958976,0.271755594,0.320630702,0.434753857,0.0,0.286042729,0.2816903096666667,0.2816903096666667
65,0.453389321,0.280857927,0.321233553,0.4943643889999999,0.0,0.2342243739999999,0.2973449273333332,0.29734492733333323
66,0.66739379,0.216960546,0.314897152,0.518393761,0.75,0.274183705,0.4569714923333334,0.4569714923333334
67,0.545418019,0.2582817839999999,0.321175338,0.572664542,0.125,0.319964077,0.35708396,0.35708396000000003
68,0.664976964,0.232693242,0.31766276,0.497881997,0.125,0.271139581,0.3515590906666666,0.35155909066666663
69,0.519901956,0.267087154,0.3220131,0.478014127,0.125,0.240567063,0.3254305666666666,0.32543056666666664
70,0.4955067279999999,0.264755913,0.309172418,0.199633853,0.0,0.305686825,0.2624592894999999,0.26245928949999997
71,0.319006068,0.303654781,0.319421757,0.672727175,0.0,0.180972911,0.2992971153333333,0.2992971153333333
72,0.643984579,0.23742592,0.314688278,0.477817089,0.5,0.189835365,0.3939585384999999,0.3939585384999999
73,0.26462289,0.253898473,0.3159211269999999,0.549739654,0.0,0.2119709689999999,0.2660255188333333,0.2660255188333333
74,0.26462289,0.253898473,0.3159211269999999,0.549739654,0.0,0.2119709689999999,0.2660255188333333,0.2660255188333333
75,0.511351007,0.265693787,0.316233204,0.23606651,0.125,0.415174269,0.3115864628333333,0.3115864628333333
76,0.5534045999999999,0.262317494,0.310994874,0.4382021989999999,0.125,0.211916784,0.3169726584999999,0.3169726585
77,0.560044041,0.269147837,0.296015981,0.46527985,0.0,0.438430074,0.3381529638333333,0.33815296383333326
78,0.7175041809999999,0.239162483,0.312804874,0.501755855,0.125,0.386082064,0.3803849095,0.3803849095
79,0.477870127,0.278825331,0.310174671,0.229329229,0.5,0.477854939,0.3790090495,0.37900904950000003
80,0.4378568439999999,0.249689685,0.31474467,0.581322591,0.0,0.206918018,0.298421968,0.298421968
81,0.7239673940000001,0.243619589,0.312953396,0.6499573470000001,0.5,0.357546546,0.4646740453333333,0.4646740453333333
82,0.486953996,0.273384923,0.317114332,0.503103575,0.125,0.47205716,0.3629356643333333,0.36293566433333335
83,0.807673395,0.230706956,0.319556923,0.41057283,0.75,0.318574176,0.4728473799999999,0.4728473799999999
84,0.5642280510000001,0.281219685,0.317257703,0.260923746,0.5,0.298175085,0.3703007116666667,0.3703007116666667
85,0.559463743,0.265963918,0.31735207,0.48886769,0.125,0.261217677,0.3363108496666667,0.33631084966666663
86,0.5607875379999999,0.247712861,0.315959918,0.510348429,0.25,0.288889907,0.3622831088333333,0.3622831088333333
87,0.568444509,0.264670812,0.319165287,0.550140617,0.125,0.217077994,0.3407498698333333,0.3407498698333333
88,0.477027516,0.260449697,0.310939617,0.523210551,0.0,0.271232701,0.307143347,0.30714334699999996
89,0.6348039089999999,0.241547208,0.320196799,0.5324220679999999,0.125,0.221532174,0.3459170263333333,0.3459170263333333
90,0.517988617,0.250539089,0.320149418,0.4468295129999999,0.125,0.277875997,0.3230637723333333,0.3230637723333333
91,0.443235247,0.214393157,0.321601731,0.4072017979999999,0.0,0.254193926,0.2734376431666667,0.2734376431666667
92,0.664396652,0.253263354,0.311383979,0.386601565,0.5,0.287061896,0.400451241,0.40045124099999996
93,0.4594328,0.229486123,0.32832429,0.442245255,0.125,0.106049798,0.2817563776666666,0.2817563776666666
94,0.576487862,0.2282729419999999,0.307900807,0.4779655579999999,0.5,0.43741793,0.4213408498333333,0.42134084983333336
95,0.695993883,0.31379875,0.322314771,0.378745691,0.5,0.360145152,0.4284997078333333,0.4284997078333333
96,0.37203138,0.271780835,0.327815249,0.4939681939999999,0.125,0.1822310939999999,0.2954711253333332,0.29547112533333325
97,0.6105158820000001,0.255789452,0.318349703,0.43105203,0.375,0.200347178,0.3651757075,0.36517570750000006
98,0.59608543,0.230693086,0.317164421,0.561528812,0.375,0.2203672069999999,0.3834731593333333,0.38347315933333326
99,0.413633629,0.23492285,0.317810586,0.6734393740000001,0.0,0.296707912,0.3227523918333333,0.3227523918333333
100,0.605698045,0.261211713,0.315735553,0.609160399,0.0,0.372341742,0.3606912419999999,0.36069124199999997
101,0.621114379,0.2437068919999999,0.32185683,0.467587564,0.125,0.323348615,0.3504357133333333,0.35043571333333334
102,0.604217726,0.25557299,0.290096552,0.593621848,0.125,0.581765443,0.4083790931666666,0.4083790931666666
103,0.6873969040000001,0.25536428,0.254696478,0.405335754,0.75,0.281288896,0.4390137186666666,0.43901371866666666
104,0.4869260479999999,0.280505291,0.317469575,0.459578879,0.125,0.3169166639999999,0.3310660761666666,0.3310660761666666
105,0.572932736,0.2482303119999999,0.3181923439999999,0.462071551,0.125,0.2401386,0.3277609238333333,0.32776092383333333
106,0.509479094,0.290035077,0.289811531,0.378941601,0.0,0.21623565,0.2807504921666666,0.28075049216666664
107,0.554594591,0.26400948,0.310648534,0.440824726,0.125,0.2174389169999999,0.318752708,0.318752708
108,0.639405062,0.20684469,0.328629167,0.419827252,0.5,0.328387052,0.4038488705,0.40384887050000007
109,0.664298239,0.258000007,0.316203124,0.4274456679999999,0.125,0.443986967,0.3724890008333333,0.3724890008333333
110,0.598979378,0.286634542,0.320569991,0.345048254,0.125,0.27728605,0.3255863691666666,0.3255863691666666
111,0.578137308,0.224709027,0.322499067,0.368013309,0.125,0.253751581,0.3120183819999999,0.3120183819999999
112,0.451575057,0.265768281,0.320078782,0.398229946,0.125,0.457540865,0.3363654885,0.3363654885
113,0.489839883,0.307940642,0.314217266,0.425944676,0.0,0.375296176,0.3188731071666666,0.3188731071666666
114,0.574494786,0.28677656,0.320557591,0.3683450379999999,0.125,0.20607586,0.3135416391666667,0.31354163916666666
115,0.593385953,0.256297505,0.314181104,0.4685265329999999,0.125,0.228753927,0.3310241703333333,0.3310241703333333
116,0.45945815,0.311931952,0.319213512,0.356968489,0.5,0.39926845,0.3911400921666666,0.3911400921666667
117,0.7169700240000001,0.284243348,0.320995911,0.305999949,0.5,0.358250704,0.4144099893333333,0.4144099893333334
118,0.6868084640000001,0.251362963,0.274573267,0.4931153889999999,0.0,0.4294243729999999,0.3558807426666666,0.3558807426666667
119,0.522704969,0.218290822,0.319560479,0.5231611420000001,0.375,0.292869322,0.3752644556666666,0.37526445566666666
120,0.541455339,0.2769285689999999,0.295343767,0.564834855,0.375,0.427037102,0.4134332719999999,0.4134332719999999
121,0.62499802,0.265417329,0.312268468,0.420115855,0.375,0.272076526,0.3783126996666666,0.37831269966666664
122,0.481995478,0.282141421,0.291913941,0.677422715,0.0,0.482776307,0.3693749769999999,0.36937497699999994
123,0.621373747,0.283623887,0.321727067,0.2942029539999999,0.125,0.189488295,0.3059026583333333,0.30590265833333335
124,0.641637241,0.253089618,0.318710455,0.6740413259999999,0.5,0.260281125,0.4412932941666667,0.4412932941666666
125,0.6238245370000001,0.276347186,0.314590895,0.301058562,0.125,0.297142965,0.3229940241666666,0.3229940241666666
126,0.422678629,0.29734324,0.260937708,0.388337105,0.375,0.281494774,0.3376319093333333,0.33763190933333337
127,0.415456772,0.2124369189999999,0.324833056,0.25049121,0.5,0.38894032,0.3486930461666666,0.3486930461666666
128,0.3868542179999999,0.219980393,0.319838162,0.34297885,0.0,0.167735401,0.2395645039999999,0.23956450399999998
129,0.597190376,0.242370005,0.325314342,0.469104076,0.5,0.294949674,0.4048214121666667,0.4048214121666667
130,0.7212094059999999,0.278110987,0.326018674,0.25526159,0.5,0.365160879,0.4076269226666666,0.4076269226666666
131,0.637270186,0.261051538,0.319606736,0.336194785,0.125,0.481069565,0.360032135,0.360032135
132,0.503144706,0.239163273,0.318664526,0.422052927,0.125,0.357556812,0.3275970406666667,0.32759704066666673
133,0.528689584,0.239210165,0.317671391,0.4451582189999999,0.125,0.182787443,0.306419467,0.306419467
134,0.615792095,0.298151864,0.27179513,0.406559236,0.5,0.422220548,0.4190864788333333,0.41908647883333333
135,0.721861888,0.252329472,0.268749518,0.4821330029999999,0.0,0.4168421539999999,0.3569860058333333,0.35698600583333334
136,0.6778974170000001,0.257725916,0.275019464,0.467155785,0.0,0.411765934,0.3482607526666667,0.3482607526666667
137,0.66313227,0.25329973,0.309210722,0.531976963,0.125,0.294066328,0.3627810021666666,0.3627810021666666
138,0.744934607,0.260788493,0.300098967,0.44158165,0.125,0.383343835,0.3759579253333333,0.3759579253333333
139,0.39135248,0.250456881,0.313741554,0.406723036,0.0,0.27723671,0.2732517768333333,0.2732517768333333
140,0.600290187,0.289291126,0.2998999189999999,0.429441606,0.125,0.409406971,0.3588883014999999,0.35888830149999995
141,0.6689878370000001,0.262946851,0.317476627,0.521779346,0.125,0.3212012389999999,0.3695653166666666,0.3695653166666667
142,0.632565405,0.25463657,0.317911421,0.526141806,0.125,0.269002648,0.3542096416666667,0.35420964166666674
143,0.383585726,0.230166803,0.318603674,0.473376154,0.0,0.311111288,0.2861406075,0.28614060750000003
144,0.660654284,0.259152066,0.284360686,0.232573022,0.5,0.329828378,0.377761406,0.37776140599999997
145,0.555539476,0.254949964,0.327235906,0.4154556279999999,0.125,0.334073773,0.3353757911666666,0.33537579116666666
146,0.520706861,0.24624499,0.33001188,0.568067952,0.375,0.422605734,0.4104395695,0.41043956949999993
147,0.4848541529999999,0.217730473,0.320192416,0.554160981,0.25,0.247633608,0.3457619385,0.3457619385
148,0.522392164,0.266505719,0.316872,0.2455226489999999,0.125,0.554020669,0.3383855335,0.3383855335
149,0.595911289,0.265449681,0.320013328,0.463520237,0.125,0.27865837,0.3414254841666666,0.34142548416666657
150,0.668982109,0.2605991239999999,0.326583954,0.429051407,0.125,0.352508921,0.3604542525,0.36045425249999996
151,0.481556922,0.243697775,0.311232128,0.285983434,0.125,0.353824398,0.3002157761666666,0.3002157761666666
152,0.659483031,0.259257088,0.315261484,0.514867757,0.125,0.275374071,0.3582072384999999,0.35820723849999997
153,0.515727316,0.2246077,0.312847228,0.601587821,0.0,0.257387318,0.3186928971666666,0.3186928971666666
154,0.722407255,0.264304293,0.2985073339999999,0.505870826,0.125,0.413804347,0.3883156758333333,0.3883156758333333
155,0.4606219139999999,0.27114231,0.319148802,0.447398247,0.125,0.152911532,0.2960371341666666,0.29603713416666666
156,0.5358017660000001,0.245447355,0.327883978,0.354196939,0.125,0.2615694289999999,0.3083165778333333,0.3083165778333333
157,0.605881552,0.266739424,0.320939451,0.5643500810000001,0.5,0.39004869,0.441326533,0.4413265330000001
158,0.520185737,0.256382506,0.321432492,0.393060488,0.0,0.38620197,0.3128771988333333,0.3128771988333333
159,0.6896571990000001,0.213802123,0.311367717,0.4287739439999999,0.5,0.284477867,0.4046798083333334,0.4046798083333334
160,0.418559168,0.219114255,0.315191446,0.424880922,0.0,0.1214177319999999,0.2498605871666666,0.24986058716666662
161,0.459132373,0.266088825,0.329315211,0.5345908770000001,0.125,0.233148466,0.3245459586666667,0.3245459586666667
162,0.487227936,0.233646818,0.323544911,0.429376046,0.0,0.1696870969999999,0.2739138013333333,0.2739138013333333
163,0.561007547,0.278234385,0.2931474639999999,0.426825125,0.625,0.43248185,0.4361160618333333,0.4361160618333333
164,0.669727135,0.2421552239999999,0.313119576,0.421861356,0.125,0.282592788,0.3424093465,0.34240934649999993
165,0.461316069,0.2742561619999999,0.318803576,0.565780897,0.0,0.291402689,0.3185932321666667,0.3185932321666667
166,0.554152212,0.264621093,0.273277007,0.5183870770000001,0.5,0.501140623,0.435263002,0.43526300200000007
167,0.527841349,0.278543963,0.322425238,0.48056538,0.125,0.513068683,0.3745741021666666,0.37457410216666664
168,0.657882918,0.275181053,0.284862886,0.406596756,0.125,0.512812752,0.3770560608333333,0.37705606083333326
169,0.558041613,0.263913188,0.309612885,0.431125752,0.125,0.2243057769999999,0.3186665358333333,0.31866653583333326
170,0.604619528,0.257983959,0.270145646,0.556142421,0.375,0.4650731879999999,0.4214941236666666,0.42149412366666666
171,0.700035376,0.243034048,0.320121444,0.256692785,0.375,0.322207521,0.3695151956666667,0.3695151956666667
172,0.401041446,0.279837423,0.319304853,0.558121161,0.0,0.34089537,0.3165333755,0.3165333755
173,0.4511431939999999,0.248246959,0.32008427,0.386124463,0.0,0.314883079,0.2867469941666666,0.28674699416666666
174,0.573865005,0.223331539,0.322939123,0.438007751,0.125,0.077876931,0.2935033915,0.2935033915
175,0.7431684559999999,0.221004298,0.323912611,0.506665245,0.5,0.33530937,0.43834333,0.43834333
176,0.650018513,0.279989734,0.318709126,0.4895834739999999,0.125,0.418479938,0.3802967974999999,0.3802967974999999
177,0.6905679859999999,0.2794078889999999,0.318569976,0.296417558,0.125,0.4492190139999999,0.3598637371666666,0.35986373716666664
178,0.454572971,0.241598583,0.32343031,0.470519371,0.0,0.289164023,0.2965475429999999,0.29654754299999997
179,0.7661255,0.282244142,0.318994459,0.604098889,1.0,0.38918475,0.5601079566666667,0.5601079566666667
180,0.400514071,0.2814855539999999,0.321064979,0.428544155,0.0,0.252590567,0.2806998876666666,0.28069988766666665
181,0.48271536,0.255976769,0.320264657,0.58257825,0.5,0.224551863,0.3943478165,0.39434781649999995
182,0.618767179,0.250594085,0.315849015,0.241421075,0.25,0.318632757,0.3325440185,0.33254401850000004
183,0.634276776,0.229221191,0.324318516,0.239282627,0.125,0.349410335,0.3169182408333333,0.31691824083333336
184,0.582144725,0.256043618,0.31766876,0.666730071,0.125,0.243837115,0.3652373815,0.3652373815
185,0.689476302,0.251264846,0.259470761,0.495335182,0.0,0.430837041,0.3543973553333333,0.35439735533333333
186,0.628516906,0.249849898,0.289948912,0.444017587,0.0,0.351318731,0.327275339,0.32727533899999994
187,0.438905117,0.2306766019999999,0.313988489,0.467350952,0.0,0.230797327,0.2802864144999999,0.28028641449999997
188,0.56153885,0.266967894,0.266013081,0.583262376,0.0,0.480624467,0.3597344446666666,0.35973444466666665
189,0.5875377970000001,0.267191154,0.298926007,0.4824639739999999,0.375,0.401257876,0.4020628013333332,0.4020628013333333
190,0.437106927,0.214709747,0.316088281,0.442316662,0.0,0.232766788,0.2738314008333333,0.27383140083333335
191,0.644187215,0.266072586,0.288166612,0.4471105039999999,0.0,0.3289566889999999,0.3290822676666666,0.32908226766666665
192,0.552900426,0.251503338,0.308476163,0.436278511,0.0,0.23947988,0.2981063863333333,0.29810638633333336
193,0.509645166,0.2498221739999999,0.318462313,0.593347669,0.125,0.343227725,0.3565841745,0.3565841745
194,0.635911835,0.21654787,0.321976522,0.4366375779999999,0.375,0.275945573,0.3770032296666666,0.37700322966666666
195,0.476075822,0.285870416,0.314615653,0.415460607,0.625,0.58520457,0.450371178,0.45037117800000004
196,0.614433754,0.243194872,0.311774532,0.489370902,0.125,0.219563456,0.3338895859999999,0.3338895859999999
197,0.421009235,0.256772603,0.325569201,0.499667065,0.0,0.37625649,0.3132124323333333,0.31321243233333335
198,0.656784467,0.251009251,0.276591704,0.355027538,0.0,0.260852767,0.3000442878333333,0.3000442878333333
199,0.51673332,0.2875191569999999,0.294148619,0.500223195,0.0,0.372800502,0.3285707988333333,0.32857079883333334
200,0.7295343209999999,0.283276661,0.316076929,0.358387954,0.625,0.211899156,0.4206958368333333,0.4206958368333333
201,0.572939533,0.275042187,0.307595719,0.524879395,1.0,0.373442605,0.5089832398333334,0.5089832398333334
202,0.669415721,0.244391164,0.278909642,0.592168312,0.125,0.403089259,0.385495683,0.385495683
203,0.514541547,0.25034756,0.320833927,0.440534796,0.125,0.264168884,0.3192377856666666,0.31923778566666666
204,0.5869427939999999,0.279672833,0.3186576439999999,0.178601777,0.375,0.4797519629999999,0.3697711684999999,0.3697711684999999
205,0.722407255,0.264304293,0.2985073339999999,0.505870826,0.125,0.413804347,0.3883156758333333,0.3883156758333333
206,0.715036653,0.250201446,0.297969785,0.497503355,0.125,0.507600927,0.398885361,0.398885361
207,0.496056903,0.246427087,0.324439906,0.4348571429999999,0.125,0.2407477989999999,0.3112548063333333,0.3112548063333333
208,0.5264002320000001,0.271837305,0.314610962,0.434372327,0.0,0.447830107,0.3325084888333333,0.3325084888333333
209,0.725149732,0.268822773,0.298428451,0.4112166539999999,0.625,0.337310606,0.4443213693333334,0.4443213693333333
210,0.317575775,0.258632863,0.314292794,0.514638841,0.0,0.288199131,0.282223234,0.282223234
211,0.653645649,0.2263877789999999,0.309628423,0.4571898689999999,0.125,0.362304589,0.3556927181666666,0.3556927181666666
212,0.652291515,0.261890807,0.31150033,0.5108422029999999,0.5,0.276759424,0.4188807131666666,0.41888071316666664
213,0.291036444,0.274699773,0.299859641,0.390611858,0.0,0.232651458,0.2481431956666666,0.24814319566666668
214,0.4461181999999999,0.2770435,0.2971057569999999,0.585665914,0.0,0.423979544,0.3383188191666666,0.3383188191666666
215,0.662455778,0.275096644,0.311792842,0.4314134639999999,0.125,0.4174156329999999,0.3705290601666666,0.37052906016666665
216,0.691933525,0.237622422,0.309457966,0.422533467,0.375,0.36234995,0.3998162216666667,0.3998162216666667
217,0.462661315,0.263325761,0.2924036889999999,0.46933984,0.0,0.292686355,0.2967361599999999,0.29673615999999997
218,0.520012826,0.238452416,0.313415046,0.436852033,0.0,0.399830227,0.318093758,0.318093758
219,0.6582988320000001,0.262307112,0.292607986,0.300760655,0.0,0.434236584,0.3247018614999999,0.32470186149999997
220,0.5946544220000001,0.272583507,0.3132097239999999,0.430112812,0.5,0.347170679,0.4096218573333333,0.4096218573333333
221,0.6438256170000001,0.235227052,0.306929098,0.529622701,0.5,0.269575832,0.4141967166666667,0.41419671666666663
222,0.644533441,0.285039166,0.288499662,0.426006338,0.0,0.339159429,0.3305396726666667,0.3305396726666667
223,0.722407255,0.264304293,0.2985073339999999,0.505870826,0.125,0.413804347,0.3883156758333333,0.3883156758333333
224,0.611551944,0.286593898,0.313927794,0.321783214,0.125,0.4018644839999999,0.3434535556666666,0.34345355566666663
225,0.506054025,0.24917901,0.322553421,0.380636484,0.0,0.224666691,0.2805149385,0.2805149385
226,0.581912289,0.213498954,0.3159817239999999,0.54725468,0.5,0.228151314,0.3977998268333333,0.39779982683333337
227,0.767033332,0.277674537,0.29253772,0.456963185,0.125,0.340341337,0.3765916851666667,0.37659168516666675
228,0.758957305,0.254195351,0.279410322,0.5117418739999999,0.375,0.451166581,0.4384119054999999,0.43841190549999987
229,0.661624939,0.221729946,0.319603714,0.309789062,0.125,0.322972414,0.3267866791666667,0.3267866791666667
230,0.40690802,0.23057348,0.312902863,0.58359548,0.125,0.36504113,0.3373368288333333,0.33733682883333327
231,0.391776052,0.2590858119999999,0.324755427,0.248448633,0.25,0.4217253179999999,0.3159652069999999,0.31596520699999997
232,0.600006611,0.225263211,0.29675954,0.630397364,0.375,0.489225466,0.4361086986666667,0.4361086986666667
233,0.567822849,0.224873395,0.312344683,0.5752331070000001,0.5,0.212087185,0.3987268698333333,0.39872686983333333
234,0.722407255,0.264304293,0.2985073339999999,0.505870826,0.125,0.413804347,0.3883156758333333,0.3883156758333333
235,0.326374467,0.3030075,0.290630188,0.387350628,0.0,0.209770832,0.2528556025,0.2528556025
236,0.722407255,0.264304293,0.2985073339999999,0.505870826,0.125,0.413804347,0.3883156758333333,0.3883156758333333
237,0.722407255,0.264304293,0.2985073339999999,0.505870826,0.125,0.413804347,0.3883156758333333,0.3883156758333333
238,0.549819093,0.2873222589999999,0.2831781439999999,0.458471824,0.125,0.323180209,0.3378285881666666,0.3378285881666666
239,0.540928055,0.297244208,0.290951339,0.28588347,0.0,0.2598808039999999,0.2791479793333333,0.2791479793333333
240,0.496722413,0.2460379589999999,0.284082487,0.579781685,0.125,0.357719007,0.3482239251666666,0.34822392516666667
241,0.591175487,0.295159122,0.281871279,0.435195118,0.0,0.334250392,0.3229418996666666,0.32294189966666664
242,0.582093593,0.271078596,0.278846586,0.4443095529999999,0.125,0.396128036,0.3495760606666666,0.34957606066666663
243,0.6242252079999999,0.291151513,0.309155379,0.280376585,0.75,0.2895306589999999,0.4240732239999999,0.4240732239999999
244,0.599886802,0.289420654,0.302054962,0.5163078320000001,0.25,0.399262168,0.3928220696666666,0.3928220696666666
245,0.562913791,0.2090180039999999,0.319052991,0.288764891,0.25,0.4179234979999999,0.3412788625,0.34127886249999995
246,0.604208466,0.28519394,0.310419213,0.5475586179999999,0.375,0.3955358539999999,0.4196526818333332,0.4196526818333332
247,0.722407255,0.264304293,0.2985073339999999,0.505870826,0.125,0.413804347,0.3883156758333333,0.3883156758333333
248,0.722407255,0.264304293,0.2985073339999999,0.505870826,0.125,0.413804347,0.3883156758333333,0.3883156758333333
249,0.392939883,0.265853185,0.326815856,0.327777465,0.0,0.151471425,0.244142969,0.24414296900000002
250,0.5354699620000001,0.262679888,0.313739652,0.35232026,0.625,0.346883137,0.4060154831666666,0.40601548316666664
251,0.559925145,0.26752168,0.275217086,0.48471856,0.125,0.358121517,0.345083998,0.34508399800000006
252,0.7797940109999999,0.270035174,0.274173,0.5471141660000001,0.5,0.505839752,0.4794926838333333,0.47949268383333327
253,0.590683767,0.272895984,0.29658175,0.507488776,0.0,0.414117705,0.3469613303333334,0.3469613303333334
254,0.336963093,0.292813795,0.28687533,0.412364911,0.125,0.2439674539999999,0.2829974305,0.2829974305
255,0.615688301,0.270342505,0.294339047,0.487876816,0.0,0.418063211,0.3477183133333333,0.34771831333333336
256,0.722407255,0.264304293,0.2985073339999999,0.505870826,0.125,0.413804347,0.3883156758333333,0.3883156758333333
257,0.508533215,0.282405271,0.282752745,0.413177206,0.0,0.264215029,0.2918472443333333,0.29184724433333337
258,0.588604959,0.288737182,0.3029284319999999,0.3784902539999999,0.0,0.362829754,0.3202650968333333,0.3202650968333333
259,0.421955582,0.269842266,0.324769848,0.491325962,0.125,0.313857301,0.3244584931666667,0.32445849316666664
260,0.7673602540000001,0.262718583,0.312424214,0.574370913,0.375,0.451260362,0.4571890543333334,0.4571890543333334
261,0.489319212,0.27358289,0.321407436,0.389341935,0.125,0.151075422,0.2916211491666666,0.29162114916666665
262,0.619595867,0.256366734,0.285402931,0.494962141,0.125,0.368180332,0.3582513341666666,0.3582513341666666
263,0.722407255,0.264304293,0.2985073339999999,0.505870826,0.125,0.413804347,0.3883156758333333,0.3883156758333333
264,0.468635863,0.271567368,0.30636543,0.34686576,0.0,0.2586661739999999,0.2753500991666666,0.27535009916666664
265,0.467740035,0.273503011,0.295248577,0.414733972,0.125,0.287130916,0.3105594185,0.3105594185
266,0.737760324,0.2664802089999999,0.287774875,0.403557575,0.0,0.333352844,0.3381543045,0.33815430450000006
267,0.508715271,0.250509195,0.312516033,0.310429634,0.0,0.235034033,0.2695340276666667,0.26953402766666673
268,0.7650130709999999,0.234798951,0.321308652,0.516912707,0.125,0.313924141,0.3794929203333333,0.3794929203333334
269,0.6585027960000001,0.238003611,0.316650461,0.50190277,0.125,0.267383049,0.3512404478333333,0.3512404478333333
270,0.365577747,0.264057928,0.316640418,0.653502116,0.0,0.238315131,0.30634889,0.30634889000000004
271,0.370761767,0.241303383,0.321471573,0.431816417,0.0,0.131045133,0.2493997121666666,0.24939971216666668
272,0.6585027960000001,0.238003611,0.316650461,0.50190277,0.125,0.267383049,0.3512404478333333,0.3512404478333333
273,0.616196781,0.240283191,0.323771227,0.378437657,0.125,0.2212357089999999,0.3174874275,0.3174874275
274,0.531055122,0.228224775,0.314483173,0.503229395,0.125,0.273008436,0.3291668168333333,0.3291668168333333
275,0.78109044,0.267940125,0.3182234419999999,0.179894707,0.125,0.368527385,0.3401126831666667,0.3401126831666667
276,0.6816553870000001,0.202539157,0.320088858,0.410356636,0.75,0.274333337,0.4398288958333333,0.4398288958333333
277,0.4904158079999999,0.266673045,0.298827413,0.395060235,0.0,0.494640542,0.3242695071666666,0.32426950716666664
278,0.598980899,0.2886873,0.312946518,0.323338098,0.125,0.335011134,0.3306606581666666,0.3306606581666666
279,0.63892582,0.267128319,0.27359621,0.34552415,0.375,0.450987885,0.3918603973333334,0.39186039733333333
280,0.61321454,0.264949255,0.317718548,0.52502384,0.125,0.199638958,0.3409241901666667,0.3409241901666667
281,0.7690278629999999,0.270153694,0.31920638,0.433396721,0.125,0.31953406,0.3727197863333333,0.3727197863333333
282,0.6585027960000001,0.238003611,0.316650461,0.50190277,0.125,0.267383049,0.3512404478333333,0.3512404478333333
283,0.624669762,0.284546024,0.316833371,0.413224595,0.125,0.342501544,0.3511292159999999,0.35112921599999997
284,0.6022941270000001,0.242135298,0.319261291,0.533660531,0.125,0.350395854,0.3621245168333333,0.3621245168333333
285,0.561107007,0.284386915,0.316399514,0.384044634,0.5,0.2223532389999999,0.3780485515,0.3780485515
286,0.640804791,0.264652952,0.278778136,0.457389282,0.0,0.383132184,0.3374595575,0.3374595575
287,0.587115455,0.23457603,0.3219583589999999,0.352820525,0.125,0.326553526,0.3246706491666666,0.3246706491666666
288,0.563216544,0.277166459,0.306766241,0.4283252829999999,0.125,0.213123321,0.3189329746666666,0.31893297466666665
289,0.693343756,0.287902801,0.310548376,0.404533852,0.625,0.439955479,0.460214044,0.46021404400000004
290,0.747944945,0.254908238,0.317374921,0.453007865,0.125,0.305955021,0.367365165,0.36736516499999994
291,0.3662715629999999,0.241152686,0.321672648,0.472961985,0.0,0.109048359,0.2518512068333333,0.25185120683333334
292,0.548560294,0.227199447,0.316235652,0.387589997,0.125,0.307030446,0.3186026393333333,0.3186026393333333
293,0.570467987,0.231741948,0.3145007489999999,0.388241234,0.125,0.29851791,0.321411638,0.321411638
294,0.722407255,0.264304293,0.2985073339999999,0.505870826,0.125,0.413804347,0.3883156758333333,0.3883156758333333
295,0.6585027960000001,0.238003611,0.316650461,0.50190277,0.125,0.267383049,0.3512404478333333,0.3512404478333333
296,0.6585027960000001,0.238003611,0.316650461,0.50190277,0.125,0.267383049,0.3512404478333333,0.3512404478333333
297,0.780155192,0.264020505,0.292007342,0.3004688219999999,0.25,0.343575068,0.3717044881666666,0.37170448816666657
298,0.58945927,0.286758805,0.287742345,0.363871892,0.125,0.375930181,0.3381270821666666,0.3381270821666666
299,0.548444872,0.242763643,0.319887423,0.396490726,0.375,0.156511392,0.339849676,0.33984967600000004
300,0.5543829020000001,0.260700243,0.318670679,0.461889705,0.125,0.200158181,0.3201336183333333,0.3201336183333333
301,0.463847068,0.268760986,0.316342069,0.497562937,0.0,0.246841031,0.2988923485,0.2988923485
302,0.501207118,0.2241944839999999,0.3207541339999999,0.403847448,0.125,0.260581723,0.3059308178333333,0.30593081783333326
303,0.571569389,0.225648282,0.32127163,0.321341266,0.125,0.149991973,0.2858037566666667,0.2858037566666667
304,0.48734215,0.234376878,0.317757807,0.503768615,0.0,0.258361157,0.3002677678333333,0.3002677678333333
305,0.747107691,0.244624138,0.3274862639999999,0.2314105189999999,0.375,0.314660958,0.3733815949999999,0.37338159499999996
306,0.473305377,0.284749099,0.324407191,0.284867128,0.5,0.36572711,0.3721759841666667,0.3721759841666667
307,0.6174974289999999,0.262462445,0.330347096,0.399207345,0.125,0.310336351,0.3408084443333333,0.3408084443333333
308,0.741655155,0.272551111,0.284278755,0.375652192,0.0,0.439246492,0.3522306175,0.3522306175
309,0.59994938,0.253701198,0.330612616,0.392058242,0.5,0.464551596,0.4234788386666667,0.4234788386666667
310,0.651992352,0.290072995,0.311265984,0.404024321,0.125,0.367779837,0.3583559148333333,0.35835591483333334
311,0.7828394759999999,0.259666279,0.313770389,0.447359986,0.125,0.349058231,0.3796157268333333,0.3796157268333333
312,0.551053072,0.278214587,0.286652428,0.492037695,0.0,0.47314815,0.3468509886666667,0.3468509886666667
313,0.498561222,0.276254843,0.312271598,0.567573255,0.0,0.27052377,0.3208641146666666,0.32086411466666664
314,0.509808999,0.247461431,0.323248416,0.558252477,0.125,0.279866103,0.3406062376666666,0.3406062376666666
315,0.675455846,0.248362283,0.316526972,0.6114706520000001,0.375,0.450775956,0.4462652848333333,0.4462652848333333
316,0.741677323,0.282205304,0.323708048,0.375260157,0.375,0.275826959,0.3956129651666666,0.39561296516666655
317,0.548656641,0.207367062,0.326179195,0.493228047,0.125,0.18190553,0.3137227458333333,0.3137227458333333
318,0.429137432,0.242353524,0.322786433,0.609247715,0.125,0.132354097,0.3101465335,0.31014653349999993
319,0.619988372,0.248381409,0.288692542,0.386693183,0.125,0.2495423289999999,0.3197163058333332,0.3197163058333333
320,0.619061696,0.303148706,0.304255705,0.497263461,0.75,0.441579919,0.4858849145,0.48588491450000004
321,0.4182687479999999,0.246379807,0.311640396,0.386940348,0.5,0.32257696,0.3643010431666666,0.3643010431666666
322,0.598167506,0.2852251389999999,0.324647123,0.412918602,0.125,0.253957477,0.3333193078333333,0.3333193078333333
323,0.374455187,0.270388048,0.315219735,0.594365253,0.0,0.183639528,0.2896779585,0.2896779585
324,0.48829587,0.249638395,0.32275176,0.376093554,0.5,0.193990325,0.3551283173333333,0.3551283173333334
325,0.7653493029999999,0.280795468,0.302287505,0.386135456,0.75,0.43274983,0.4862195936666666,0.48621959366666667
326,0.63626233,0.273594351,0.282779111,0.499871854,0.0,0.422138315,0.3524409934999999,0.3524409935
327,0.704183294,0.239687493,0.326036696,0.263298706,0.5,0.357746297,0.398492081,0.39849208100000005
328,0.428458144,0.307556303,0.297023675,0.553799736,0.5,0.361819895,0.4081096255,0.40810962549999996
329,0.6585027960000001,0.238003611,0.316650461,0.50190277,0.125,0.267383049,0.3512404478333333,0.3512404478333333
330,0.638023483,0.216159467,0.31925597,0.483391515,0.125,0.253366775,0.3391995349999999,0.33919953499999994
331,0.601953999,0.255163103,0.324024437,0.456608261,0.5,0.326181131,0.4106551551666667,0.41065515516666673
332,0.369944746,0.262719946,0.323485877,0.454100169,0.0,0.221527885,0.2719631038333333,0.27196310383333333
333,0.750438721,0.293923786,0.287299463,0.521022195,0.125,0.466024897,0.4072848436666667,0.4072848436666666
334,0.456926214,0.283850659,0.328328117,0.4454066789999999,0.5,0.267882871,0.38039909,0.38039909
335,0.5198612020000001,0.293539483,0.282986132,0.5172398020000001,0.125,0.43287887,0.3619175815,0.3619175815000001
336,0.711464729,0.257827111,0.317827533,0.3838370679999999,0.5,0.2674406,0.4063995068333332,0.4063995068333332
337,0.722407255,0.264304293,0.2985073339999999,0.505870826,0.125,0.413804347,0.3883156758333333,0.3883156758333333
338,0.66256545,0.224742112,0.323632657,0.545159069,0.375,0.353245634,0.4140574869999999,0.41405748699999995
339,0.715945194,0.260533496,0.3181259939999999,0.535072205,0.375,0.307106286,0.4186305291666666,0.41863052916666665
340,0.707783374,0.251632511,0.28041878,0.463328747,0.125,0.347524895,0.3626147178333334,0.3626147178333334
341,0.539660812,0.292515182,0.322134321,0.501999668,0.75,0.670057059,0.5127278403333333,0.5127278403333333
342,0.6404655810000001,0.240871811,0.318104837,0.56319131,0.125,0.3511527279999999,0.3731310444999999,0.37313104449999995
343,0.722407255,0.264304293,0.2985073339999999,0.505870826,0.125,0.413804347,0.3883156758333333,0.3883156758333333
344,0.640804791,0.264652952,0.278778136,0.457389282,0.0,0.383132184,0.3374595575,0.3374595575
345,0.731623537,0.260387455,0.288450071,0.403936833,0.0,0.3401387389999999,0.3374227724999999,0.33742277249999997
346,0.478011132,0.25803978,0.319538215,0.429145998,0.5,0.46966544,0.4090667608333334,0.4090667608333334
347,0.593920333,0.2675734369999999,0.317803629,0.419334639,0.125,0.387744611,0.3518961081666666,0.35189610816666667
348,0.623798646,0.247993058,0.314803283,0.373523922,0.5,0.21080591,0.3784874698333333,0.3784874698333333
349,0.604748089,0.223032707,0.322471251,0.592000182,0.5,0.259934596,0.4170311375,0.4170311375
350,0.54217272,0.20957435,0.323299101,0.331426004,0.5,0.4070107639999999,0.3855804898333333,0.3855804898333334
351,0.61731234,0.220092873,0.320671488,0.336756985,0.125,0.352634952,0.328744773,0.32874477300000005
352,0.6926499759999999,0.250415066,0.309575432,0.4664685879999999,0.125,0.315860383,0.3599949074999999,0.35999490749999996
353,0.5160428220000001,0.265559021,0.320681446,0.317309878,0.5,0.515098368,0.4057819224999999,0.4057819225
354,0.640804791,0.264652952,0.278778136,0.457389282,0.0,0.383132184,0.3374595575,0.3374595575
355,0.563712254,0.277979568,0.282541974,0.33243594,0.125,0.3985818129999999,0.3300419248333333,0.33004192483333333
356,0.736302036,0.285849918,0.311794164,0.354846217,0.125,0.253742182,0.3445890861666666,0.34458908616666667
357,0.6969659159999999,0.221806941,0.3197947539999999,0.439238709,0.375,0.345287888,0.3996823679999999,0.39968236799999995
358,0.604337017,0.279529441,0.311020481,0.5502921470000001,0.0,0.218355536,0.3272557703333333,0.3272557703333333
359,0.646584111,0.246009473,0.322098564,0.372842801,0.625,0.288181318,0.4167860445,0.41678604449999995
360,0.773753769,0.256952988,0.325955061,0.501073449,0.75,0.3608336729999999,0.4947614899999999,0.49476149
361,0.644208249,0.265083327,0.293167108,0.299316512,0.0,0.314676766,0.3027419936666667,0.3027419936666667
362,0.570436513,0.262236446,0.320944786,0.457668708,0.5,0.205032968,0.3860532368333333,0.3860532368333333
363,0.465101795,0.247910464,0.317538408,0.453858992,0.0,0.2884439119999999,0.2954755951666666,0.29547559516666666
364,0.528785582,0.268879579,0.298022754,0.357284018,0.375,0.220014566,0.3413310831666667,0.3413310831666667
365,0.464221966,0.254682809,0.322195066,0.46811274,0.125,0.277037744,0.3185417208333333,0.3185417208333333
366,0.6438687160000001,0.273495293,0.3159071539999999,0.373039342,0.125,0.433602205,0.360818785,0.3608187849999999
367,0.607713092,0.229409279,0.321314954,0.443441219,0.125,0.241543234,0.3280702963333333,0.3280702963333333
368,0.741150038,0.227620161,0.310272038,0.4153736189999999,0.75,0.421361108,0.477629494,0.477629494
369,0.5903151999999999,0.240974576,0.321795118,0.538174359,0.5,0.422271665,0.4355884863333334,0.43558848633333336
370,0.722407255,0.264304293,0.2985073339999999,0.505870826,0.125,0.413804347,0.3883156758333333,0.3883156758333333
371,0.39324897,0.315575014,0.321754917,0.301394729,0.5,0.4228770979999999,0.3758084546666666,0.3758084546666666
372,0.558141085,0.279172214,0.301348829,0.430349453,0.0,0.36253991,0.3219252485,0.3219252485
373,0.6860386690000001,0.268884512,0.320378547,0.502715135,0.125,0.217532484,0.3534248911666666,0.35342489116666664
374,0.53206103,0.21968705,0.323231677,0.499906726,0.0,0.308350666,0.3138728581666666,0.31387285816666666
375,0.7613066820000001,0.239607048,0.322723542,0.4995708,0.375,0.3259868489999999,0.4206991535,0.4206991534999999
376,0.514045958,0.207415498,0.31974046,0.418810636,0.0,0.237014813,0.2828378941666666,0.28283789416666666
377,0.5355183729999999,0.25730171,0.314125318,0.279112245,0.125,0.409875974,0.3201556033333333,0.3201556033333333
378,0.543180843,0.247451719,0.313571411,0.377716079,0.5,0.479232825,0.4101921461666666,0.41019214616666666
379,0.4762941029999999,0.261229805,0.309513233,0.471913614,0.125,0.272519677,0.3194117386666666,0.31941173866666667
380,0.596995313,0.297457848,0.304260877,0.255666822,0.625,0.305617419,0.3974997131666666,0.39749971316666655
381,0.698299812,0.281641983,0.302969267,0.363988517,0.125,0.303119601,0.34583653,0.34583653000000003
382,0.722407255,0.264304293,0.2985073339999999,0.505870826,0.125,0.413804347,0.3883156758333333,0.3883156758333333
383,0.758012508,0.284213982,0.272041146,0.4002926329999999,1.0,0.324573903,0.506522362,0.506522362
384,0.77789359,0.285690179,0.323380126,0.308823625,0.375,0.422111689,0.4154832015,0.41548320149999995
385,0.5698329879999999,0.271177419,0.317055977,0.480563402,0.125,0.269885754,0.3389192566666667,0.3389192566666667
386,0.572071424,0.276629766,0.294845393,0.51505014,0.0,0.329487516,0.3313473731666667,0.3313473731666666
387,0.722502018,0.271606098,0.287472416,0.401849689,0.0,0.327201708,0.3351053215,0.3351053215
388,0.257837424,0.219194955,0.3177806039999999,0.404840783,0.0,0.117667004,0.2195534616666666,0.21955346166666664
389,0.446017266,0.249878729,0.323816266,0.495863114,0.0,0.20325661,0.2864719975,0.2864719975
390,0.571753348,0.263768057,0.315727378,0.489737837,0.375,0.127718862,0.357284247,0.357284247
391,0.490183699,0.253411868,0.316664593,0.550867832,0.125,0.1783628619999999,0.319081809,0.319081809
392,0.511654433,0.237722308,0.313617164,0.534105701,0.125,0.34722394,0.3448872576666666,0.34488725766666667
393,0.425435562,0.227043723,0.323331443,0.5491741729999999,0.0,0.326916255,0.3086501926666666,0.30865019266666666
394,0.722398366,0.276343078,0.29224471,0.422213177,0.0,0.347576737,0.343462678,0.34346267799999997
395,0.722407255,0.264304293,0.2985073339999999,0.505870826,0.125,0.413804347,0.3883156758333333,0.3883156758333333
396,0.450516842,0.266877569,0.317285836,0.45943713,0.25,0.044966713,0.2981806816666666,0.2981806816666666
397,0.650189107,0.222679313,0.316074485,0.532676611,0.125,0.2616900789999999,0.3513849325,0.35138493249999997
398,0.354932566,0.257925181,0.290504654,0.547522957,0.0,0.310399525,0.2935474805,0.2935474805
399,0.699723188,0.266093215,0.310325885,0.566376014,0.5,0.306047969,0.4414277118333333,0.4414277118333333
400,0.582560194,0.2281640969999999,0.3169898889999999,0.4777144239999999,0.5,0.289151381,0.3990966641666666,0.39909666416666667
401,0.497994594,0.250980265,0.315174903,0.602278895,0.125,0.327584688,0.3531688908333333,0.35316889083333336
402,0.534109342,0.261066879,0.313251281,0.411192768,0.125,0.3461407,0.331793495,0.331793495
403,0.509519206,0.251364033,0.325245673,0.5558673670000001,0.125,0.20799047,0.3291644581666667,0.3291644581666667
404,0.69031798,0.261401006,0.322673329,0.452177293,0.125,0.307804558,0.3598956943333333,0.35989569433333335
405,0.466313577,0.2110344589999999,0.321407145,0.653959019,0.125,0.3773289489999999,0.3591738581666666,0.3591738581666667
406,0.398997947,0.270025321,0.308017544,0.5981495960000001,0.125,0.254527346,0.3257862923333333,0.32578629233333334
407,0.722407255,0.264304293,0.2985073339999999,0.505870826,0.125,0.413804347,0.3883156758333333,0.3883156758333333
408,0.722407255,0.264304293,0.2985073339999999,0.505870826,0.125,0.413804347,0.3883156758333333,0.3883156758333333
409,0.574465864,0.239028136,0.312035308,0.492891486,0.125,0.271692831,0.3358522708333333,0.3358522708333333
410,0.64474764,0.264101684,0.315107925,0.54845878,0.375,0.255174208,0.4004317061666667,0.4004317061666667
411,0.5417919729999999,0.214928983,0.32172587,0.361920507,0.125,0.261920326,0.3045479431666666,0.3045479431666666
412,0.307709927,0.258352751,0.328331561,0.60798341,0.0,0.195229238,0.2829344811666667,0.2829344811666667
413,0.722407255,0.264304293,0.2985073339999999,0.505870826,0.125,0.413804347,0.3883156758333333,0.3883156758333333
414,0.841829204,0.284320453,0.30245125,0.488807497,0.625,0.374058545,0.4860778248333333,0.48607782483333334
415,0.590148102,0.233892393,0.31904629,0.352695847,0.0,0.24639179,0.2903624036666667,0.2903624036666667
416,0.722407255,0.264304293,0.2985073339999999,0.505870826,0.125,0.413804347,0.3883156758333333,0.3883156758333333
417,0.485236124,0.285947862,0.315896332,0.4669604539999999,0.125,0.227737053,0.3177963041666666,0.3177963041666666
418,0.505379905,0.261263746,0.326014102,0.501912355,0.125,0.162847446,0.3137362589999999,0.31373625899999996
419,0.43798962,0.271312687,0.313852276,0.660093987,0.125,0.1860106389999999,0.3323765348333333,0.3323765348333333
420,0.6585027960000001,0.238003611,0.316650461,0.50190277,0.125,0.267383049,0.3512404478333333,0.3512404478333333
421,0.51689692,0.244374836,0.322534401,0.4328036729999999,0.125,0.186613466,0.3047038826666666,0.30470388266666665
422,0.722407255,0.264304293,0.2985073339999999,0.505870826,0.125,0.413804347,0.3883156758333333,0.3883156758333333
423,0.5250749339999999,0.274382956,0.321078316,0.5661140339999999,0.5,0.350025887,0.4227793545,0.4227793544999999
424,0.410350137,0.244358923,0.324286933,0.511929751,0.0,0.266566089,0.2929153055,0.29291530549999995
425,0.722407255,0.264304293,0.2985073339999999,0.505870826,0.125,0.413804347,0.3883156758333333,0.3883156758333333
426,0.722407255,0.264304293,0.2985073339999999,0.505870826,0.125,0.413804347,0.3883156758333333,0.3883156758333333
427,0.722407255,0.264304293,0.2985073339999999,0.505870826,0.125,0.413804347,0.3883156758333333,0.3883156758333333
428,0.722407255,0.264304293,0.2985073339999999,0.505870826,0.125,0.413804347,0.3883156758333333,0.3883156758333333
429,0.5585470770000001,0.244328631,0.315483112,0.457025866,0.5,0.284749805,0.3933557485,0.3933557485
430,0.722407255,0.264304293,0.2985073339999999,0.505870826,0.125,0.413804347,0.3883156758333333,0.3883156758333333
431,0.6585027960000001,0.238003611,0.316650461,0.50190277,0.125,0.267383049,0.3512404478333333,0.3512404478333333
432,0.4768722999999999,0.288146274,0.312707173,0.478589383,0.25,0.177671893,0.3306645038333333,0.3306645038333333
433,0.7249870420000001,0.270866976,0.284843718,0.421193837,0.0,0.350565988,0.3420762601666667,0.34207626016666676
434,0.722407255,0.264304293,0.2985073339999999,0.505870826,0.125,0.413804347,0.3883156758333333,0.3883156758333333
435,0.722407255,0.264304293,0.2985073339999999,0.505870826,0.125,0.413804347,0.3883156758333333,0.3883156758333333
436,0.722407255,0.264304293,0.2985073339999999,0.505870826,0.125,0.413804347,0.3883156758333333,0.3883156758333333
437,0.328438365,0.235011506,0.31389195,0.603694855,0.0,0.088905374,0.2616570083333333,0.26165700833333333
438,0.61858956,0.261177503,0.317245349,0.6898236520000001,0.75,0.235882556,0.4787864366666666,0.47878643666666665
439,0.722407255,0.264304293,0.2985073339999999,0.505870826,0.125,0.413804347,0.3883156758333333,0.3883156758333333
440,0.722407255,0.264304293,0.2985073339999999,0.505870826,0.125,0.413804347,0.3883156758333333,0.3883156758333333
441,0.6039058939999999,0.232827803,0.319423106,0.622847488,0.375,0.18595234,0.3899927718333333,0.3899927718333333
442,0.6585027960000001,0.238003611,0.316650461,0.50190277,0.125,0.267383049,0.3512404478333333,0.3512404478333333
443,0.722407255,0.264304293,0.2985073339999999,0.505870826,0.125,0.413804347,0.3883156758333333,0.3883156758333333
444,0.722407255,0.264304293,0.2985073339999999,0.505870826,0.125,0.413804347,0.3883156758333333,0.3883156758333333
445,0.722407255,0.264304293,0.2985073339999999,0.505870826,0.125,0.413804347,0.3883156758333333,0.3883156758333333
446,0.722407255,0.264304293,0.2985073339999999,0.505870826,0.125,0.413804347,0.3883156758333333,0.3883156758333333
447,0.520676294,0.255292172,0.267010142,0.34757679,0.125,0.2874039869999999,0.3004932308333333,0.3004932308333333
448,0.722407255,0.264304293,0.2985073339999999,0.505870826,0.125,0.413804347,0.3883156758333333,0.3883156758333333
449,0.58353716,0.282255327,0.288403811,0.5573752160000001,0.25,0.42811342,0.3982808223333333,0.3982808223333333
450,0.722407255,0.264304293,0.2985073339999999,0.505870826,0.125,0.413804347,0.3883156758333333,0.3883156758333333
451,0.371069814,0.261078436,0.320127414,0.438330964,0.0,0.0028403659999999,0.2322411656666666,0.2322411656666666
452,0.452650679,0.295290954,0.319448636,0.574024365,0.125,0.281833446,0.3413746799999999,0.34137467999999993
453,0.722407255,0.264304293,0.2985073339999999,0.505870826,0.125,0.413804347,0.3883156758333333,0.3883156758333333
454,0.647572131,0.228793811,0.326112057,0.342596984,0.125,0.2928114619999999,0.3271477408333333,0.32714774083333337
455,0.593157484,0.230096776,0.3208222619999999,0.582454139,0.5,0.250519301,0.4128416603333333,0.4128416603333333
456,0.557458345,0.232336688,0.315600596,0.438766132,0.5,0.175155528,0.3698862148333333,0.3698862148333334
457,0.665171258,0.261096356,0.310336115,0.474908772,0.125,0.301298181,0.3563017803333333,0.3563017803333333
458,0.47949385,0.244952232,0.310492825,0.5020540920000001,0.125,0.428543503,0.3484227503333333,0.34842275033333336
459,0.532494941,0.246221899,0.323310078,0.565380941,0.125,0.214793464,0.3345335538333333,0.33453355383333333
460,0.722407255,0.264304293,0.2985073339999999,0.505870826,0.125,0.413804347,0.3883156758333333,0.3883156758333333
461,0.5993013620000001,0.255375464,0.314480115,0.448686441,0.0,0.325440972,0.3238807256666666,0.32388072566666665
462,0.462785382,0.248347633,0.299006277,0.522549788,0.625,0.551332605,0.4515036141666666,0.4515036141666666
463,0.722407255,0.264304293,0.2985073339999999,0.505870826,0.125,0.413804347,0.3883156758333333,0.3883156758333333
464,0.490504782,0.279680268,0.2966103969999999,0.540479584,0.0,0.270909927,0.3130308263333333,0.3130308263333333
465,0.722407255,0.264304293,0.2985073339999999,0.505870826,0.125,0.413804347,0.3883156758333333,0.3883156758333333
466,0.722407255,0.264304293,0.2985073339999999,0.505870826,0.125,0.413804347,0.3883156758333333,0.3883156758333333
467,0.722407255,0.264304293,0.2985073339999999,0.505870826,0.125,0.413804347,0.3883156758333333,0.3883156758333333
468,0.57896133,0.284359133,0.287321188,0.488429307,0.0,0.421577453,0.3434414018333333,0.34344140183333327
469,0.722407255,0.264304293,0.2985073339999999,0.505870826,0.125,0.413804347,0.3883156758333333,0.3883156758333333
470,0.72928833,0.259063358,0.290893018,0.468952687,0.25,0.440213825,0.4064018696666667,0.40640186966666675
471,0.451285118,0.255378187,0.317592798,0.487617066,0.25,0.207840837,0.3282856676666666,0.3282856676666666
472,0.722407255,0.264304293,0.2985073339999999,0.505870826,0.125,0.413804347,0.3883156758333333,0.3883156758333333
473,0.722407255,0.264304293,0.2985073339999999,0.505870826,0.125,0.413804347,0.3883156758333333,0.3883156758333333
474,0.529307358,0.2733878389999999,0.28775383,0.190733228,0.25,0.222500427,0.2922804469999999,0.29228044699999994
475,0.537742863,0.279750356,0.315624089,0.560064611,0.125,0.231839584,0.3416702505,0.3416702505
476,0.722407255,0.264304293,0.2985073339999999,0.505870826,0.125,0.413804347,0.3883156758333333,0.3883156758333333
477,0.722407255,0.264304293,0.2985073339999999,0.505870826,0.125,0.413804347,0.3883156758333333,0.3883156758333333
478,0.408466055,0.264998468,0.309265959,0.6447136489999999,0.125,0.384558894,0.3561671708333333,0.3561671708333333
479,0.5005621370000001,0.252659435,0.322109649,0.490683416,0.125,0.35892732,0.3416569928333333,0.34165699283333334
480,0.520933695,0.217306372,0.32617974,0.51948042,0.125,0.197504285,0.3177340853333333,0.31773408533333336
481,0.6585027960000001,0.238003611,0.316650461,0.50190277,0.125,0.267383049,0.3512404478333333,0.3512404478333333
482,0.722407255,0.264304293,0.2985073339999999,0.505870826,0.125,0.413804347,0.3883156758333333,0.3883156758333333
483,0.450621375,0.268436425,0.318353978,0.449341527,0.0,0.275962846,0.2937860251666667,0.29378602516666674
484,0.722407255,0.264304293,0.2985073339999999,0.505870826,0.125,0.413804347,0.3883156758333333,0.3883156758333333
485,0.722407255,0.264304293,0.2985073339999999,0.505870826,0.125,0.413804347,0.3883156758333333,0.3883156758333333
486,0.618208939,0.265948809,0.318781193,0.4141955,0.375,0.2217751939999999,0.3689849391666666,0.3689849391666666
487,0.722407255,0.264304293,0.2985073339999999,0.505870826,0.125,0.413804347,0.3883156758333333,0.3883156758333333
488,0.478120427,0.232715559,0.32319417,0.551122059,0.0,0.113311724,0.2830773231666666,0.2830773231666666
489,0.534063537,0.277438329,0.2815409869999999,0.446387625,0.0,0.401781391,0.3235353115,0.32353531150000003
490,0.6585027960000001,0.238003611,0.316650461,0.50190277,0.125,0.267383049,0.3512404478333333,0.3512404478333333
491,0.530641315,0.2863527369999999,0.318277742,0.4465903089999999,0.5,0.4617350999999999,0.4239328671666666,0.4239328671666666
492,0.679408916,0.237212582,0.325698715,0.607133445,1.0,0.254813456,0.5173778523333333,0.5173778523333333
493,0.6616318929999999,0.222836033,0.318065312,0.461011823,0.625,0.273189288,0.4269557248333333,0.4269557248333333
494,0.722407255,0.264304293,0.2985073339999999,0.505870826,0.125,0.413804347,0.3883156758333333,0.3883156758333333
495,0.667679967,0.22741462,0.318190084,0.5947904479999999,0.125,0.254138212,0.3645355551666666,0.3645355551666666
496,0.722407255,0.264304293,0.2985073339999999,0.505870826,0.125,0.413804347,0.3883156758333333,0.3883156758333333
497,0.722407255,0.264304293,0.2985073339999999,0.505870826,0.125,0.413804347,0.3883156758333333,0.3883156758333333
498,0.722407255,0.264304293,0.2985073339999999,0.505870826,0.125,0.413804347,0.3883156758333333,0.3883156758333333
499,0.5532778070000001,0.221451608,0.31912057,0.505984174,0.375,0.228733042,0.3672612001666667,0.36726120016666675
500,0.722407255,0.264304293,0.2985073339999999,0.505870826,0.125,0.413804347,0.3883156758333333,0.3883156758333333
501,0.722407255,0.264304293,0.2985073339999999,0.505870826,0.125,0.413804347,0.3883156758333333,0.3883156758333333
502,0.561664563,0.277267533,0.276957382,0.39269835,0.375,0.482352579,0.3943234011666667,0.39432340116666664
503,0.722407255,0.264304293,0.2985073339999999,0.505870826,0.125,0.413804347,0.3883156758333333,0.3883156758333333
504,0.617081642,0.246745943,0.300802768,0.14337833,1.0,0.206965447,0.4191623549999999,0.419162355
505,0.633654712,0.23933939,0.321773321,0.50297076,0.125,0.258869136,0.3469345531666667,0.3469345531666667
506,0.722407255,0.264304293,0.2985073339999999,0.505870826,0.125,0.413804347,0.3883156758333333,0.3883156758333333
507,0.436780709,0.238331306,0.318653751,0.500597917,0.125,0.273945381,0.3155515106666666,0.3155515106666666
508,0.6585027960000001,0.238003611,0.316650461,0.50190277,0.125,0.267383049,0.3512404478333333,0.3512404478333333
509,0.52021969,0.279967837,0.321101216,0.378269977,0.125,0.271994657,0.3160922295,0.31609222950000004
510,0.5744337079999999,0.251599728,0.325886793,0.386254339,0.125,0.276181689,0.3232260428333333,0.3232260428333333
511,0.520354136,0.2492803689999999,0.32330486,0.338247384,0.125,0.213879388,0.2950110228333333,0.2950110228333333
512,0.507265497,0.264365398,0.282813923,0.251250861,0.25,0.237464042,0.2988599535,0.2988599535
513,0.655340987,0.219949797,0.316483127,0.589441157,0.375,0.255205585,0.4019034421666667,0.4019034421666667
514,0.616338708,0.264146915,0.335082555,0.477135126,0.5,0.270423565,0.4105211448333333,0.41052114483333335
515,0.722407255,0.264304293,0.2985073339999999,0.505870826,0.125,0.413804347,0.3883156758333333,0.3883156758333333
516,0.289403612,0.216671609,0.328019735,0.679099917,0.0,0.23724752,0.2917403988333333,0.2917403988333333
517,0.399404842,0.266501148,0.322502428,0.487311791,0.0,0.224759392,0.2834132668333333,0.2834132668333333
518,0.5140806529999999,0.254172729,0.317331836,0.60764424,0.125,0.3397261929999999,0.3596592751666665,0.35965927516666657
519,0.722407255,0.264304293,0.2985073339999999,0.505870826,0.125,0.413804347,0.3883156758333333,0.3883156758333333
520,0.3895841779999999,0.282267669,0.31260947,0.4440014989999999,0.0,0.233812665,0.2770459134999999,0.27704591349999996
521,0.722407255,0.264304293,0.2985073339999999,0.505870826,0.125,0.413804347,0.3883156758333333,0.3883156758333333
522,0.6715174620000001,0.279393059,0.326716454,0.347410351,0.125,0.322142525,0.3453633085,0.3453633085
523,0.525037445,0.262416308,0.31802631,0.577141652,0.5,0.364808782,0.4245717495,0.42457174950000004
524,0.722407255,0.264304293,0.2985073339999999,0.505870826,0.125,0.413804347,0.3883156758333333,0.3883156758333333
525,0.643527533,0.273880852,0.312613268,0.51140339,0.125,0.153285225,0.336618378,0.33661837799999994
526,0.722407255,0.264304293,0.2985073339999999,0.505870826,0.125,0.413804347,0.3883156758333333,0.3883156758333333
527,0.415245979,0.261025674,0.311603824,0.498168587,0.125,0.288526851,0.3165951525,0.31659515250000003
528,0.31760586,0.22902362,0.330846503,0.540288353,0.0,0.130007119,0.2579619091666666,0.25796190916666667
529,0.865006568,0.262179505,0.327685238,0.514826358,0.75,0.3417262729999999,0.5102373236666666,0.5102373236666666
530,0.6585027960000001,0.238003611,0.316650461,0.50190277,0.125,0.267383049,0.3512404478333333,0.3512404478333333
531,0.722407255,0.264304293,0.2985073339999999,0.505870826,0.125,0.413804347,0.3883156758333333,0.3883156758333333
532,0.6756495659999999,0.251551085,0.315850456,0.4533675029999999,0.5,0.379853968,0.4293787629999999,0.42937876299999994
533,0.6585027960000001,0.238003611,0.316650461,0.50190277,0.125,0.267383049,0.3512404478333333,0.3512404478333333
534,0.56679655,0.25369256,0.319796616,0.656055727,0.125,0.234818838,0.3593600485,0.35936004850000003
535,0.493398327,0.307070876,0.324160181,0.4816754479999999,0.125,0.143634127,0.3124898264999999,0.3124898264999999
536,0.5030574210000001,0.283541459,0.319884057,0.405508586,0.0,0.225743105,0.289622438,0.289622438
537,0.477162472,0.283583239,0.321399725,0.3998599379999999,0.125,0.294054426,0.3168433,0.3168433
538,0.6585027960000001,0.238003611,0.316650461,0.50190277,0.125,0.267383049,0.3512404478333333,0.3512404478333333
539,0.4454873239999999,0.26149648,0.317175876,0.4468024,0.125,0.160235495,0.2926995958333333,0.29269959583333327
540,0.722407255,0.264304293,0.2985073339999999,0.505870826,0.125,0.413804347,0.3883156758333333,0.3883156758333333
541,0.51692092,0.232572554,0.31993135,0.405777449,0.0,0.2248311469999999,0.2833389033333333,0.2833389033333333
542,0.357450096,0.258986745,0.312105374,0.562141455,0.0,0.087792713,0.2630793971666667,0.2630793971666667
543,0.4658153379999999,0.258676221,0.317518361,0.591085778,0.125,0.364878229,0.3538289878333333,0.35382898783333333
544,0.722407255,0.264304293,0.2985073339999999,0.505870826,0.125,0.413804347,0.3883156758333333,0.3883156758333333
545,0.6536643670000001,0.251855565,0.310332269,0.526141449,0.125,0.280096102,0.357848292,0.357848292
546,0.477559403,0.238091745,0.323709244,0.491539794,0.125,0.3071734789999999,0.3271789441666666,0.3271789441666666
547,0.722407255,0.264304293,0.2985073339999999,0.505870826,0.125,0.413804347,0.3883156758333333,0.3883156758333333
548,0.560611532,0.2455550189999999,0.323008658,0.608172505,0.125,0.194323925,0.3427786065,0.3427786065
549,0.6585027960000001,0.238003611,0.316650461,0.50190277,0.125,0.267383049,0.3512404478333333,0.3512404478333333
550,0.6585027960000001,0.238003611,0.316650461,0.50190277,0.125,0.267383049,0.3512404478333333,0.3512404478333333
551,0.410701296,0.251704447,0.318218677,0.459766826,0.0,0.241451442,0.2803071146666667,0.2803071146666667
552,0.722407255,0.264304293,0.2985073339999999,0.505870826,0.125,0.413804347,0.3883156758333333,0.3883156758333333
553,0.722407255,0.264304293,0.2985073339999999,0.505870826,0.125,0.413804347,0.3883156758333333,0.3883156758333333
554,0.697258167,0.256570355,0.311192354,0.605963585,0.5,0.36811278,0.4565162068333333,0.4565162068333333
555,0.722407255,0.264304293,0.2985073339999999,0.505870826,0.125,0.413804347,0.3883156758333333,0.3883156758333333
556,0.305153986,0.265206807,0.319114112,0.610499579,0.0,0.2398773569999999,0.2899753068333333,0.28997530683333334
557,0.722407255,0.264304293,0.2985073339999999,0.505870826,0.125,0.413804347,0.3883156758333333,0.3883156758333333
558,0.5735421860000001,0.273155987,0.315902287,0.62352815,0.5,0.293140816,0.4298782376666667,0.4298782376666667
559,0.6585027960000001,0.238003611,0.316650461,0.50190277,0.125,0.267383049,0.3512404478333333,0.3512404478333333
560,0.615436425,0.256609494,0.316489903,0.598461975,0.5,0.4254651439999999,0.4520771568333332,0.4520771568333332
561,0.471181935,0.255027068,0.3001703619999999,0.379502234,0.5,0.303291748,0.3681955578333333,0.36819555783333335
562,0.6585027960000001,0.238003611,0.316650461,0.50190277,0.125,0.267383049,0.3512404478333333,0.3512404478333333
563,0.586116107,0.240480303,0.3171765119999999,0.602926462,0.125,0.2049904339999999,0.3461149696666666,0.3461149696666666
564,0.5994066379999999,0.22256917,0.323281961,0.5232292129999999,0.125,0.139707078,0.3221990099999999,0.32219900999999995
565,0.722407255,0.264304293,0.2985073339999999,0.505870826,0.125,0.413804347,0.3883156758333333,0.3883156758333333
566,0.538220647,0.228604776,0.315014953,0.419710874,0.25,0.213539407,0.3275151095,0.3275151095
567,0.557058532,0.2545030339999999,0.312328854,0.579501764,0.5,0.275081402,0.413078931,0.413078931
568,0.722407255,0.264304293,0.2985073339999999,0.505870826,0.125,0.413804347,0.3883156758333333,0.3883156758333333
569,0.516002165,0.270325436,0.317275998,0.4814462579999999,0.5,0.223310062,0.3847266531666666,0.3847266531666666
570,0.4114349229999999,0.269188379,0.2980565069999999,0.612700594,0.0,0.632573431,0.3706589723333333,0.3706589723333332
571,0.722407255,0.264304293,0.2985073339999999,0.505870826,0.125,0.413804347,0.3883156758333333,0.3883156758333333
572,0.4529918429999999,0.267467472,0.317269994,0.441395869,0.0,0.184102476,0.277204609,0.277204609
573,0.637563789,0.269393035,0.289001648,0.476872932,0.5,0.428262447,0.4335156418333333,0.43351564183333335
574,0.6008373220000001,0.280903727,0.318060234,0.446092952,0.375,0.415057376,0.4059919351666667,0.40599193516666665
575,0.529676144,0.2646913039999999,0.32506318,0.5985258929999999,0.125,0.093580598,0.3227561865,0.3227561865
576,0.324788342,0.242879801,0.316410715,0.578051161,0.0,0.243613313,0.2842905553333333,0.2842905553333333
577,0.464952161,0.266201368,0.290360761,0.251937388,0.25,0.2088273939999999,0.2887131786666666,0.2887131786666667
578,0.463510165,0.234830575,0.325787023,0.566879781,0.125,0.181644343,0.3162753145,0.3162753145
579,0.6029494679999999,0.22714837,0.320786943,0.485994684,0.125,0.264471367,0.3377251386666666,0.3377251386666666
580,0.553377378,0.244510665,0.316488314,0.675266134,0.125,0.141184825,0.3426378859999999,0.34263788599999995
581,0.6585027960000001,0.238003611,0.316650461,0.50190277,0.125,0.267383049,0.3512404478333333,0.3512404478333333
582,0.5899616879999999,0.2485271439999999,0.316063909,0.391083366,0.5,0.268559593,0.3856992833333333,0.38569928333333336
583,0.722407255,0.264304293,0.2985073339999999,0.505870826,0.125,0.413804347,0.3883156758333333,0.3883156758333333
584,0.722407255,0.264304293,0.2985073339999999,0.505870826,0.125,0.413804347,0.3883156758333333,0.3883156758333333
585,0.303570876,0.265443979,0.316090935,0.475797942,0.0,0.089753033,0.2417761275,0.24177612750000005
586,0.580391,0.283874964,0.3144994319999999,0.467467554,0.375,0.4330904229999999,0.4090538955,0.4090538955
587,0.722407255,0.264304293,0.2985073339999999,0.505870826,0.125,0.413804347,0.3883156758333333,0.3883156758333333
588,0.5098421639999999,0.261506672,0.315445449,0.600360637,0.125,0.320494495,0.3554415695,0.3554415695
589,0.722407255,0.264304293,0.2985073339999999,0.505870826,0.125,0.413804347,0.3883156758333333,0.3883156758333333
590,0.722407255,0.264304293,0.2985073339999999,0.505870826,0.125,0.413804347,0.3883156758333333,0.3883156758333333
591,0.722407255,0.264304293,0.2985073339999999,0.505870826,0.125,0.413804347,0.3883156758333333,0.3883156758333333
592,0.5839468720000001,0.273554651,0.282274252,0.4219161329999999,0.125,0.318374289,0.3341776994999999,0.3341776995
593,0.722407255,0.264304293,0.2985073339999999,0.505870826,0.125,0.413804347,0.3883156758333333,0.3883156758333333
594,0.476637053,0.266209903,0.319722458,0.498432587,0.125,0.133811684,0.3033022808333332,0.30330228083333327
595,0.588583605,0.295949001,0.291619165,0.48774244,0.0,0.382026861,0.3409868453333333,0.3409868453333333
596,0.722407255,0.264304293,0.2985073339999999,0.505870826,0.125,0.413804347,0.3883156758333333,0.3883156758333333
597,0.5621803470000001,0.25075466,0.3179149619999999,0.524687438,0.5,0.18405547,0.3899321461666666,0.38993214616666666
598,0.6580446120000001,0.238826743,0.31735683,0.4355518479999999,0.5,0.3362700289999999,0.4143416769999999,0.41434167699999996
599,0.656217764,0.262497981,0.297079426,0.458667042,0.625,0.271476053,0.4284897109999999,0.428489711
600,0.49152824,0.2635564039999999,0.3174716139999999,0.427154266,0.25,0.112152485,0.3103105014999999,0.31031050149999995
601,0.5703946120000001,0.270025403,0.315165959,0.5237833679999999,0.375,0.147265637,0.3669391631666667,0.3669391631666667
602,0.600454137,0.274678123,0.295114097,0.4311855529999999,0.0,0.350773744,0.325367609,0.325367609
603,0.511427846,0.258992091,0.316480209,0.636187637,0.125,0.144371044,0.3320764711666666,0.33207647116666666
604,0.5157097660000001,0.228257212,0.312424311,0.630601164,0.5,0.3882422889999999,0.4292057903333333,0.4292057903333334
605,0.652614681,0.224949184,0.32211064,0.563527084,0.5,0.353184854,0.4360644071666666,0.4360644071666666
606,0.722407255,0.264304293,0.2985073339999999,0.505870826,0.125,0.413804347,0.3883156758333333,0.3883156758333333
607,0.673341608,0.252708168,0.314861308,0.41746368,0.5,0.28654653,0.4074868823333333,0.40748688233333336
608,0.722407255,0.264304293,0.2985073339999999,0.505870826,0.125,0.413804347,0.3883156758333333,0.3883156758333333
609,0.576995106,0.240377618,0.320875711,0.602717621,0.125,0.163997807,0.3383273105,0.3383273105
610,0.5592002420000001,0.239756477,0.31235828,0.476105091,0.125,0.2180768739999999,0.321749494,0.321749494
611,0.430559241,0.2144384419999999,0.322225689,0.650373619,0.0,0.181785118,0.2998970181666666,0.29989701816666664
612,0.550567476,0.246946223,0.318647522,0.75377394,0.125,0.210382243,0.3675529006666667,0.36755290066666674
613,0.614983044,0.205167672,0.314086284,0.505685187,0.125,0.205157659,0.3283466409999999,0.32834664099999994
614,0.567593826,0.279906902,0.305834388,0.521637653,0.0,0.394550675,0.344920574,0.34492057400000004
615,0.521580145,0.289112013,0.3252538219999999,0.464107102,0.125,0.182690115,0.3179571995,0.3179571995
616,0.6585027960000001,0.238003611,0.316650461,0.50190277,0.125,0.267383049,0.3512404478333333,0.3512404478333333
617,0.66480734,0.257864517,0.262291586,0.382592301,0.75,0.279560708,0.4328527419999999,0.43285274199999996
618,0.6585027960000001,0.238003611,0.316650461,0.50190277,0.125,0.267383049,0.3512404478333333,0.3512404478333333
619,0.722407255,0.264304293,0.2985073339999999,0.505870826,0.125,0.413804347,0.3883156758333333,0.3883156758333333
620,0.722407255,0.264304293,0.2985073339999999,0.505870826,0.125,0.413804347,0.3883156758333333,0.3883156758333333
621,0.60077971,0.264093061,0.310119436,0.577998599,0.375,0.256274285,0.3973775151666666,0.39737751516666664
622,0.468369417,0.285522842,0.319528574,0.593329788,0.25,0.188149133,0.3508166256666667,0.35081662566666666
623,0.489260672,0.239209046,0.316895066,0.512084051,0.0,0.317114062,0.3124271495,0.3124271495
624,0.590259483,0.256417476,0.325215055,0.450908327,0.125,0.326710317,0.3457517763333333,0.34575177633333326
625,0.4491627079999999,0.252187547,0.321526823,0.4643117,0.25,0.212083854,0.324878772,0.32487877200000004
626,0.458982249,0.260505502,0.296158242,0.42065312,0.0,0.346932696,0.2972053015,0.2972053015
627,0.6585027960000001,0.238003611,0.316650461,0.50190277,0.125,0.267383049,0.3512404478333333,0.3512404478333333
628,0.722407255,0.264304293,0.2985073339999999,0.505870826,0.125,0.413804347,0.3883156758333333,0.3883156758333333
629,0.6970341240000001,0.266220631,0.294736437,0.455806072,0.0,0.391685901,0.3509138608333333,0.3509138608333333
630,0.6585027960000001,0.238003611,0.316650461,0.50190277,0.125,0.267383049,0.3512404478333333,0.3512404478333333
