,Role_Toastmaster,Personal_Values_Facet_Cont_PowerDominance,Mean
0,0.530886685,0.356303593,0.443595139
1,0.349459256,0.34167488,0.34556706800000003
2,0.5556175879999999,0.3627913679999999,0.4592044779999999
3,0.329683641,0.350920732,0.3403021865
4,0.330916947,0.325093486,0.32800521650000003
5,0.4693263079999999,0.3429508089999999,0.4061385584999999
6,0.510937416,0.319987802,0.415462609
7,0.25595412,0.344265925,0.30011002249999996
8,0.35019483,0.358555425,0.3543751275
9,0.601269431,0.35727234,0.47927088549999997
10,0.6041420279999999,0.34354002,0.47384102399999994
11,0.476452714,0.345643343,0.4110480285
12,0.354756455,0.346856293,0.35080637400000003
13,0.531028003,0.34288204,0.4369550215
14,0.3867327,0.341434023,0.3640833615
15,0.333937482,0.338718636,0.336328059
16,0.509805837,0.340265836,0.4250358365
17,0.42569146,0.336302693,0.38099707650000003
18,0.5596786460000001,0.340429296,0.450053971
19,0.605269315,0.335774299,0.470521807
20,0.598947279,0.362739926,0.4808436025
21,0.278860386,0.343461909,0.3111611475
22,0.382439025,0.336648886,0.35954395549999996
23,0.336080499,0.33451092,0.3352957095
24,0.529491607,0.322911733,0.42620167
25,0.267049622,0.333999746,0.300524684
26,0.4427635279999999,0.33739516,0.390079344
27,0.545562444,0.348772162,0.44716730299999996
28,0.467059576,0.344240276,0.405649926
29,0.581178056,0.3366895479999999,0.458933802
30,0.421858289,0.342582295,0.38222029199999996
31,0.257481448,0.336656742,0.297069095
32,0.448068904,0.343352876,0.39571089
33,0.601269431,0.35727234,0.47927088549999997
34,0.5422289570000001,0.337561769,0.43989536300000004
35,0.645237315,0.332308365,0.48877284
36,0.46715852,0.358234546,0.412696533
37,0.654598205,0.339214809,0.496906507
38,0.304743553,0.328205354,0.31647445350000003
39,0.457494474,0.349414669,0.40345457149999997
40,0.390237166,0.3490498429999999,0.36964350449999994
41,0.7698805329999999,0.335359027,0.5526197799999999
42,0.447618937,0.343080796,0.39534986650000004
43,0.4905143839999999,0.3393544429999999,0.41493441349999993
44,0.558773077,0.335423457,0.447098267
45,0.585737607,0.346715984,0.4662267955
46,0.556146389,0.330631036,0.4433887125
47,0.528492185,0.351348758,0.43992047149999997
48,0.619394976,0.336611612,0.478003294
49,0.212676513,0.339593099,0.276134806
50,0.663667809,0.344657204,0.5041625064999999
51,0.422814271,0.333668235,0.378241253
52,0.569715812,0.347484746,0.458600279
53,0.6781334529999999,0.349944594,0.5140390235
54,0.643394119,0.3597634179999999,0.5015787684999999
55,0.398904369,0.35070667,0.37480551949999996
56,0.5435430689999999,0.334288866,0.43891596749999995
57,0.637935275,0.328804421,0.48336984800000005
58,0.435830703,0.330099313,0.382965008
59,0.625114217,0.351382705,0.488248461
60,0.545125772,0.338607032,0.441866402
61,0.593656111,0.320229384,0.4569427475
62,0.673284313,0.362360242,0.5178222775
63,0.619436978,0.321795111,0.4706160445
64,0.3571639689999999,0.329173614,0.34316879149999996
65,0.304249921,0.333113491,0.318681706
66,0.7182636609999999,0.349264161,0.533763911
67,0.556669969,0.334652677,0.445661323
68,0.576446339,0.340574901,0.45851062
69,0.432099251,0.34309201,0.3875956305
70,0.421810945,0.3374457389999999,0.37962834199999995
71,0.236726668,0.33249331,0.284609989
72,0.601906211,0.338978681,0.47044244599999996
73,0.1624983009999999,0.3362594379999999,0.2493788694999999
74,0.1624983009999999,0.3362594379999999,0.2493788694999999
75,0.375935761,0.341774089,0.358854925
76,0.389784959,0.336091972,0.3629384655
77,0.56192138,0.345500786,0.453711083
78,0.6669932279999999,0.328417086,0.49770515699999995
79,0.449834567,0.344733401,0.397283984
80,0.317113301,0.341413915,0.329263608
81,0.656593767,0.3426392479999999,0.4996165075
82,0.527454475,0.3249486119999999,0.42620154349999995
83,0.574825558,0.313982068,0.444403813
84,0.551597252,0.345836605,0.4487169285
85,0.462267042,0.345918943,0.40409299249999997
86,0.579043888,0.326137506,0.452590697
87,0.399823346,0.33256651,0.366194928
88,0.471716378,0.346243839,0.4089801085
89,0.568518689,0.338695845,0.453607267
90,0.5907294479999999,0.33877957,0.4647545089999999
91,0.427781818,0.3426936779999999,0.38523774799999994
92,0.553202089,0.344601477,0.448901783
93,0.312015503,0.336079973,0.324047738
94,0.670038987,0.330591955,0.500315471
95,0.6018969120000001,0.322769423,0.46233316750000003
96,0.297608184,0.335960164,0.31678417400000003
97,0.40544552,0.347141689,0.3762936045
98,0.586291853,0.333138689,0.459715271
99,0.305574299,0.339613328,0.3225938135
100,0.590805405,0.327450617,0.459128011
101,0.505797515,0.337690117,0.421743816
102,0.517137894,0.358939134,0.438038514
103,0.646037934,0.357338424,0.501688179
104,0.454589362,0.346243184,0.400416273
105,0.492386735,0.33980851,0.41609762250000004
106,0.4102727879999999,0.354138248,0.3822055179999999
107,0.412697681,0.335920325,0.37430900300000003
108,0.704167922,0.329093292,0.516630607
109,0.690586688,0.321853887,0.5062202875
110,0.549916169,0.336304172,0.4431101705
111,0.463635357,0.331788076,0.39771171650000003
112,0.499425771,0.33379694,0.4166113555
113,0.332470594,0.343609028,0.338039811
114,0.438758377,0.336491192,0.3876247845
115,0.522861855,0.331326241,0.42709404800000006
116,0.317447425,0.350486467,0.333966946
117,0.706166608,0.335270528,0.5207185679999999
118,0.586050622,0.353326145,0.4696883835
119,0.66993995,0.342378486,0.506159218
120,0.73970016,0.3398986189999999,0.5397993895
121,0.704197045,0.35744739,0.5308222175
122,0.457691856,0.356814192,0.40725302399999996
123,0.454568406,0.3540041379999999,0.40428627199999995
124,0.566115314,0.331629985,0.44887264950000005
125,0.65707321,0.346163049,0.5016181295
126,0.527091314,0.368779155,0.4479352345
127,0.423691746,0.33702949,0.380360618
128,0.28084731,0.3389725229999999,0.3099099165
129,0.588033889,0.34384028,0.4659370845
130,0.742077145,0.3463064979999999,0.5441918214999999
131,0.7004568659999999,0.333587331,0.5170220984999999
132,0.466128439,0.339197504,0.40266297149999997
133,0.519941175,0.3363347889999999,0.428137982
134,0.367262732,0.3502262779999999,0.35874450499999994
135,0.623735358,0.349863666,0.48679951200000005
136,0.566154795,0.354395882,0.4602753385
137,0.649884461,0.340929826,0.4954071435
138,0.631413989,0.3542922329999999,0.49285311099999995
139,0.249886628,0.333239581,0.2915631045
140,0.613841969,0.3572433929999999,0.485542681
141,0.573306757,0.335787675,0.45454721600000003
142,0.583154101,0.339720843,0.46143747199999996
143,0.35539858,0.3294995189999999,0.3424490495
144,0.409917761,0.346570137,0.378243949
145,0.490059425,0.331968365,0.41101389499999996
146,0.650080722,0.336714229,0.4933974755
147,0.478800989,0.331250467,0.40502572800000003
148,0.536295558,0.334756088,0.435525823
149,0.459775412,0.332795639,0.39628552549999996
150,0.701071745,0.350916774,0.5259942595
151,0.4909554779999999,0.343125403,0.41704044049999994
152,0.594060285,0.336888873,0.465474579
153,0.4984889079999999,0.3435449539999999,0.4210169309999999
154,0.601269431,0.35727234,0.47927088549999997
155,0.281782786,0.342158578,0.311970682
156,0.4692179489999999,0.326435659,0.3978268039999999
157,0.442806456,0.3369205529999999,0.38986350449999996
158,0.4450295529999999,0.328856899,0.386943226
159,0.515381556,0.335561312,0.425471434
160,0.318009063,0.332194805,0.325101934
161,0.349625507,0.345742597,0.34768405199999997
162,0.388801297,0.338974204,0.3638877505
163,0.55073202,0.355255997,0.4529940085
164,0.6055704129999999,0.341392541,0.473481477
165,0.365439977,0.341315667,0.353377822
166,0.734563929,0.345896557,0.540230243
167,0.414781087,0.350573866,0.3826774765
168,0.330948282,0.349212666,0.34008047399999997
169,0.402939656,0.339555391,0.3712475235
170,0.649281484,0.353432681,0.5013570825
171,0.6095322320000001,0.35100289,0.480267561
172,0.287213831,0.346939406,0.3170766185
173,0.4284192779999999,0.3414547029999999,0.3849369904999999
174,0.491712862,0.325656625,0.40868474349999995
175,0.7035214609999999,0.337438939,0.5204802
176,0.553251484,0.337560003,0.4454057435
177,0.622581088,0.335385948,0.478983518
178,0.327273482,0.329168223,0.3282208525
179,0.621662795,0.340843831,0.48125331299999996
180,0.248237829,0.345487228,0.2968625285
181,0.34914235,0.349527886,0.349335118
182,0.425061061,0.334081132,0.3795710965
183,0.568578452,0.322299031,0.4454387415
184,0.485749504,0.3440521479999999,0.41490082599999994
185,0.59794032,0.348927449,0.4734338845
186,0.596204839,0.350214237,0.473209538
187,0.416508496,0.3426311689999999,0.3795698325
188,0.478085763,0.358255609,0.41817068599999996
189,0.5182111229999999,0.357134577,0.43767285
190,0.384924179,0.34144579,0.36318498450000003
191,0.448156536,0.353601006,0.400878771
192,0.505651698,0.345713546,0.42568262199999995
193,0.412913384,0.340838792,0.376876088
194,0.605396246,0.33777205,0.471584148
195,0.470677661,0.361065696,0.4158716785
196,0.458242473,0.333284068,0.3957632705
197,0.321475338,0.325541261,0.32350829950000004
198,0.544014883,0.342214052,0.4431144675
199,0.377131914,0.361506302,0.369319108
200,0.570241497,0.3342208239999999,0.4522311605
201,0.6745318709999999,0.338481381,0.506506626
202,0.6889231929999999,0.3472420679999999,0.5180826304999999
203,0.463304893,0.337307365,0.400306129
204,0.7239066209999999,0.3264121,0.5251593605
205,0.601269431,0.35727234,0.47927088549999997
206,0.4981828129999999,0.354174659,0.42617873599999995
207,0.379692088,0.341761899,0.3607269935
208,0.4117243889999999,0.339141584,0.37543298649999995
209,0.7083559540000001,0.349091432,0.528723693
210,0.24033974,0.34304968,0.29169471
211,0.744731005,0.3461706089999999,0.5454508069999999
212,0.636991499,0.343874836,0.4904331675
213,0.341275342,0.345083893,0.3431796175
214,0.3485378979999999,0.356889733,0.3527138154999999
215,0.644158519,0.344613687,0.49438610299999997
216,0.633693127,0.343406169,0.488549648
217,0.421533427,0.363930906,0.3927321665
218,0.499929982,0.3405771999999999,0.4202535909999999
219,0.3997731439999999,0.351712666,0.37574290499999996
220,0.630710876,0.338235097,0.4844729865
221,0.610961244,0.32329314,0.46712719199999997
222,0.464464401,0.35156884,0.4080166205
223,0.601269431,0.35727234,0.47927088549999997
224,0.695950403,0.331903447,0.513926925
225,0.468861012,0.3502302929999999,0.40954565249999997
226,0.598867379,0.332073675,0.465470527
227,0.61924707,0.350134482,0.484690776
228,0.637422356,0.35039878,0.493910568
229,0.667814102,0.329493753,0.49865392750000004
230,0.394393857,0.330384646,0.3623892515
231,0.539114164,0.334700916,0.43690754
232,0.7344186559999999,0.352997531,0.5437080934999999
233,0.567118451,0.339735978,0.4534272145
234,0.601269431,0.35727234,0.47927088549999997
235,0.269544997,0.342788269,0.306166633
236,0.601269431,0.35727234,0.47927088549999997
237,0.601269431,0.35727234,0.47927088549999997
238,0.616030835,0.342389258,0.4792100465
239,0.395902836,0.361089647,0.3784962415
240,0.440913888,0.343595492,0.39225469
241,0.3592309489999999,0.340310347,0.34977064799999996
242,0.503674181,0.345025312,0.4243497465
243,0.823349645,0.34255521,0.5829524275
244,0.630410272,0.347605256,0.489007764
245,0.594643656,0.336829917,0.4657367865
246,0.553699866,0.348570035,0.45113495049999996
247,0.601269431,0.35727234,0.47927088549999997
248,0.601269431,0.35727234,0.47927088549999997
249,0.199659332,0.34263108,0.27114520599999997
250,0.496606167,0.34975212,0.42317914349999997
251,0.641205735,0.347763219,0.494484477
252,0.495059347,0.355998931,0.425529139
253,0.4402805829999999,0.35108591,0.3956832465
254,0.586603891,0.363640943,0.475122417
255,0.399173142,0.3684234879999999,0.38379831499999995
256,0.601269431,0.35727234,0.47927088549999997
257,0.350987302,0.362432037,0.3567096695
258,0.476459707,0.356728514,0.4165941105
259,0.325762833,0.333697863,0.329730348
260,0.602296688,0.339664021,0.4709803545
261,0.3238753339999999,0.337970151,0.3309227425
262,0.698639694,0.3508416239999999,0.524740659
263,0.601269431,0.35727234,0.47927088549999997
264,0.31983601,0.350995752,0.33541588099999997
265,0.247333352,0.358743645,0.3030384985
266,0.542342952,0.343682157,0.4430125545
267,0.505138477,0.338188561,0.421663519
268,0.617043652,0.332556363,0.4748000075
269,0.5712638870000001,0.341990379,0.456627133
270,0.30330437,0.342875275,0.32308982249999996
271,0.268942117,0.345169707,0.307055912
272,0.5712638870000001,0.341990379,0.456627133
273,0.522326446,0.330425347,0.42637589649999996
274,0.6700798729999999,0.344984699,0.507532286
275,0.631568123,0.338504762,0.4850364425
276,0.520645595,0.3437436339999999,0.43219461449999996
277,0.333774472,0.3581417629999999,0.34595811749999994
278,0.510251758,0.3421042589999999,0.4261780085
279,0.6177291429999999,0.360291076,0.48901010949999996
280,0.435442825,0.341827668,0.3886352465
281,0.583775113,0.332912671,0.458343892
282,0.5712638870000001,0.341990379,0.456627133
283,0.48346039,0.3410209939999999,0.41224069199999996
284,0.418556453,0.3352676069999999,0.37691202999999995
285,0.595673592,0.341646435,0.46866001350000003
286,0.546317162,0.357761572,0.452039367
287,0.546685083,0.333836101,0.440260592
288,0.501446567,0.36077014,0.4311083535
289,0.649545391,0.349909191,0.499727291
290,0.665239968,0.332689816,0.498964892
291,0.335438344,0.3377925989999999,0.33661547149999993
292,0.500066883,0.332068893,0.416067888
293,0.423344211,0.33888855,0.3811163805
294,0.601269431,0.35727234,0.47927088549999997
295,0.5712638870000001,0.341990379,0.456627133
296,0.5712638870000001,0.341990379,0.456627133
297,0.534083795,0.350216345,0.44215007
298,0.333500555,0.361807004,0.3476537795
299,0.615231365,0.341705767,0.478468566
300,0.563662863,0.33888856,0.4512757115
301,0.333896181,0.3303529839999999,0.3321245825
302,0.580027023,0.341409532,0.4607182775
303,0.4244118429999999,0.349207253,0.38680954799999995
304,0.384917479,0.334121589,0.35951953400000003
305,0.618847916,0.345943021,0.48239546850000004
306,0.304504623,0.3352984539999999,0.3199015384999999
307,0.543903913,0.337526597,0.440715255
308,0.426755358,0.343481638,0.385118498
309,0.623004849,0.356381822,0.4896933355
310,0.38579393,0.351991879,0.3688929045
311,0.5817888520000001,0.346315002,0.46405192700000003
312,0.394476248,0.362617351,0.3785467995
313,0.555405834,0.3394126229999999,0.4474092285
314,0.527312888,0.339243311,0.43327809949999996
315,0.582073382,0.3378701739999999,0.459971778
316,0.644377879,0.333261581,0.48881973
317,0.443593945,0.349151956,0.3963729505
318,0.435838881,0.339914016,0.3878764485
319,0.585763358,0.347797808,0.466780583
320,0.515382447,0.368007243,0.441694845
321,0.328380305,0.32937373,0.3288770175
322,0.396060501,0.346159052,0.3711097765
323,0.260189888,0.333983803,0.2970868455
324,0.4732959,0.33017258,0.40173424
325,0.440570095,0.346406771,0.393488433
326,0.4459275729999999,0.371439275,0.40868342399999996
327,0.612161501,0.326097161,0.469129331
328,0.4418795,0.347687405,0.3947834525
329,0.5712638870000001,0.341990379,0.456627133
330,0.529102922,0.338952643,0.43402778249999996
331,0.537795365,0.328735497,0.43326543100000003
332,0.310177901,0.338222862,0.32420038149999997
333,0.508203368,0.351982932,0.43009315000000004
334,0.415701859,0.342100502,0.3789011805
335,0.4878179239999999,0.348876762,0.418347343
336,0.549826333,0.343526007,0.44667617
337,0.601269431,0.35727234,0.47927088549999997
338,0.6676940720000001,0.34068398,0.504189026
339,0.619413311,0.3236817999999999,0.47154755549999994
340,0.5577221729999999,0.354796169,0.45625917099999996
341,0.284783011,0.338553562,0.3116682865
342,0.652743776,0.328944212,0.490843994
343,0.601269431,0.35727234,0.47927088549999997
344,0.546317162,0.357761572,0.452039367
345,0.558219185,0.345463006,0.4518410955
346,0.5931746720000001,0.322090703,0.4576326875
347,0.801961939,0.332072863,0.567017401
348,0.491943591,0.342976081,0.41745983600000003
349,0.60278827,0.3449730629999999,0.47388066649999994
350,0.53272769,0.341541546,0.437134618
351,0.5666172620000001,0.326105638,0.44636145000000005
352,0.649721542,0.341472379,0.4955969605
353,0.609397949,0.33934703,0.4743724895
354,0.546317162,0.357761572,0.452039367
355,0.6714142240000001,0.332526912,0.5019705680000001
356,0.454105785,0.365317086,0.4097114355
357,0.643754822,0.332072414,0.487913618
358,0.498534697,0.347665144,0.4230999205
359,0.360170951,0.3374747629999999,0.34882285699999993
360,0.709896778,0.3453694539999999,0.527633116
361,0.469805135,0.347111792,0.4084584635
362,0.50595767,0.324164518,0.415061094
363,0.37708038,0.341547706,0.359314043
364,0.64996023,0.3475333339999999,0.498746782
365,0.462593669,0.3448664429999999,0.40373005599999995
366,0.54131638,0.343869627,0.4425930035
367,0.650720917,0.341532142,0.4961265295
368,0.740198426,0.33009654,0.535147483
369,0.549188615,0.333137908,0.4411632615
370,0.601269431,0.35727234,0.47927088549999997
371,0.437024186,0.340799686,0.38891193599999996
372,0.436857568,0.344891995,0.3908747815
373,0.566577558,0.330403479,0.4484905185
374,0.436126195,0.335180587,0.38565339099999996
375,0.61612657,0.3391379029999999,0.4776322365
376,0.447833771,0.3392286579999999,0.39353121449999995
377,0.6110002,0.327053481,0.4690268405
378,0.55292968,0.332416776,0.442673228
379,0.318873023,0.336704811,0.327788917
380,0.646995996,0.356231605,0.5016138005
381,0.5669498860000001,0.359448749,0.46319931750000004
382,0.601269431,0.35727234,0.47927088549999997
383,0.684442289,0.356566259,0.520504274
384,0.672091575,0.360248725,0.51617015
385,0.4806045339999999,0.34513681,0.41287067199999994
386,0.40593709,0.344123753,0.3750304215
387,0.556589477,0.34259014,0.4495898085
388,0.221703978,0.337364449,0.2795342135
389,0.300454855,0.336485417,0.318470136
390,0.4788023079999999,0.3438303129999999,0.4113163104999999
391,0.56747012,0.349008817,0.45823946849999997
392,0.503892035,0.324420304,0.4141561695
393,0.257988954,0.343078221,0.30053358750000003
394,0.5478400170000001,0.347623878,0.4477319475
395,0.601269431,0.35727234,0.47927088549999997
396,0.28225575,0.339474044,0.310864897
397,0.501226532,0.345125829,0.4231761805
398,0.395893332,0.348571894,0.372232613
399,0.583549113,0.328738003,0.456143558
400,0.552907261,0.346781359,0.44984431
401,0.599990305,0.333649643,0.46681997399999997
402,0.549578103,0.337069297,0.4433237
403,0.3286775819999999,0.340936027,0.33480680449999994
404,0.613283534,0.347284597,0.4802840655
405,0.463296225,0.323487031,0.393391628
406,0.345097937,0.339715206,0.3424065715
407,0.601269431,0.35727234,0.47927088549999997
408,0.601269431,0.35727234,0.47927088549999997
409,0.6333115810000001,0.3428823239999999,0.48809695249999996
410,0.458796721,0.351606821,0.405201771
411,0.610038693,0.335856277,0.472947485
412,0.1975475239999999,0.336610625,0.26707907449999996
413,0.601269431,0.35727234,0.47927088549999997
414,0.523936201,0.35793816,0.4409371805
415,0.525882111,0.331465552,0.42867383150000005
416,0.601269431,0.35727234,0.47927088549999997
417,0.303970837,0.343489391,0.32373011399999996
418,0.423517272,0.332055131,0.3777862015
419,0.373546063,0.34824435,0.36089520649999995
420,0.5712638870000001,0.341990379,0.456627133
421,0.512470325,0.341703026,0.4270866755
422,0.601269431,0.35727234,0.47927088549999997
423,0.673111938,0.341371386,0.507241662
424,0.351769246,0.330898679,0.3413339625
425,0.601269431,0.35727234,0.47927088549999997
426,0.601269431,0.35727234,0.47927088549999997
427,0.601269431,0.35727234,0.47927088549999997
428,0.601269431,0.35727234,0.47927088549999997
429,0.526970619,0.3357776739999999,0.43137414649999994
430,0.601269431,0.35727234,0.47927088549999997
431,0.5712638870000001,0.341990379,0.456627133
432,0.365254476,0.338673966,0.351964221
433,0.53855553,0.349716905,0.4441362175
434,0.601269431,0.35727234,0.47927088549999997
435,0.601269431,0.35727234,0.47927088549999997
436,0.601269431,0.35727234,0.47927088549999997
437,0.2420300339999999,0.339009296,0.2905196649999999
438,0.602894723,0.344708496,0.4738016095
439,0.601269431,0.35727234,0.47927088549999997
440,0.601269431,0.35727234,0.47927088549999997
441,0.544870836,0.32974567,0.437308253
442,0.5712638870000001,0.341990379,0.456627133
443,0.601269431,0.35727234,0.47927088549999997
444,0.601269431,0.35727234,0.47927088549999997
445,0.601269431,0.35727234,0.47927088549999997
446,0.601269431,0.35727234,0.47927088549999997
447,0.552925542,0.345081834,0.449003688
448,0.601269431,0.35727234,0.47927088549999997
449,0.500169949,0.3563427,0.4282563245
450,0.601269431,0.35727234,0.47927088549999997
451,0.290890671,0.321243011,0.30606684100000003
452,0.484790944,0.330759651,0.40777529749999997
453,0.601269431,0.35727234,0.47927088549999997
454,0.616612035,0.33388237,0.47524720249999997
455,0.498240086,0.345783355,0.4220117205
456,0.596578916,0.334217172,0.465398044
457,0.6299905929999999,0.3402254289999999,0.4851080109999999
458,0.498080925,0.337029156,0.41755504050000003
459,0.570390768,0.33590979,0.453150279
460,0.601269431,0.35727234,0.47927088549999997
461,0.528974609,0.336767589,0.432871099
462,0.482852413,0.348701954,0.4157771835
463,0.601269431,0.35727234,0.47927088549999997
464,0.574526131,0.348346879,0.461436505
465,0.601269431,0.35727234,0.47927088549999997
466,0.601269431,0.35727234,0.47927088549999997
467,0.601269431,0.35727234,0.47927088549999997
468,0.5935339510000001,0.360480887,0.47700741900000004
469,0.601269431,0.35727234,0.47927088549999997
470,0.325901932,0.3576141379999999,0.34175803499999996
471,0.306206867,0.352431444,0.3293191555
472,0.601269431,0.35727234,0.47927088549999997
473,0.601269431,0.35727234,0.47927088549999997
474,0.426681857,0.3520125129999999,0.389347185
475,0.41383108,0.34243046,0.37813077
476,0.601269431,0.35727234,0.47927088549999997
477,0.601269431,0.35727234,0.47927088549999997
478,0.529559824,0.360186269,0.44487304650000004
479,0.481694562,0.333926299,0.4078104305
480,0.5999899479999999,0.337533992,0.46876197
481,0.5712638870000001,0.341990379,0.456627133
482,0.601269431,0.35727234,0.47927088549999997
483,0.277303666,0.333192211,0.3052479385
484,0.601269431,0.35727234,0.47927088549999997
485,0.601269431,0.35727234,0.47927088549999997
486,0.536011581,0.341507003,0.43875929199999997
487,0.601269431,0.35727234,0.47927088549999997
488,0.341709927,0.334572226,0.3381410765
489,0.473292822,0.359641159,0.4164669905
490,0.5712638870000001,0.341990379,0.456627133
491,0.4164052479999999,0.346304232,0.3813547399999999
492,0.701925461,0.331694833,0.5168101469999999
493,0.666147446,0.328004374,0.49707590999999995
494,0.601269431,0.35727234,0.47927088549999997
495,0.509383324,0.353767341,0.4315753325
496,0.601269431,0.35727234,0.47927088549999997
497,0.601269431,0.35727234,0.47927088549999997
498,0.601269431,0.35727234,0.47927088549999997
499,0.567896844,0.334889851,0.4513933475
500,0.601269431,0.35727234,0.47927088549999997
501,0.601269431,0.35727234,0.47927088549999997
502,0.55161001,0.344812065,0.4482110375
503,0.601269431,0.35727234,0.47927088549999997
504,0.5792936120000001,0.344602115,0.46194786350000006
505,0.511920199,0.340170867,0.426045533
506,0.601269431,0.35727234,0.47927088549999997
507,0.513661472,0.331249198,0.422455335
508,0.5712638870000001,0.341990379,0.456627133
509,0.4268190639999999,0.337882252,0.38235065799999995
510,0.5046027670000001,0.337386109,0.420994438
511,0.423920226,0.334776983,0.37934860449999996
512,0.436755582,0.3531380679999999,0.39494682499999995
513,0.564630902,0.331058573,0.4478447375
514,0.546918271,0.350606792,0.4487625315
515,0.601269431,0.35727234,0.47927088549999997
516,0.176627962,0.339645422,0.258136692
517,0.352199722,0.3466026029999999,0.3494011625
518,0.534871901,0.3309600239999999,0.4329159625
519,0.601269431,0.35727234,0.47927088549999997
520,0.388337641,0.357610211,0.372973926
521,0.601269431,0.35727234,0.47927088549999997
522,0.568637897,0.3369342979999999,0.4527860975
523,0.439187291,0.34655422,0.3928707555
524,0.601269431,0.35727234,0.47927088549999997
525,0.513874253,0.347710698,0.4307924755
526,0.601269431,0.35727234,0.47927088549999997
527,0.28990831,0.345877685,0.3178929975
528,0.220661828,0.332952153,0.2768069905
529,0.5370861379999999,0.3444287479999999,0.4407574429999999
530,0.5712638870000001,0.341990379,0.456627133
531,0.601269431,0.35727234,0.47927088549999997
532,0.524318911,0.333915706,0.4291173085
533,0.5712638870000001,0.341990379,0.456627133
534,0.50513612,0.328568016,0.41685206799999996
535,0.335667039,0.348575242,0.3421211405
536,0.390540091,0.344120714,0.3673304025
537,0.301350519,0.345869061,0.32360979
538,0.5712638870000001,0.341990379,0.456627133
539,0.325323088,0.338963823,0.3321434555
540,0.601269431,0.35727234,0.47927088549999997
541,0.48057593,0.343958397,0.41226716350000003
542,0.21745771,0.340685671,0.2790716905
543,0.546082702,0.330361897,0.4382222995
544,0.601269431,0.35727234,0.47927088549999997
545,0.4739801389999999,0.339905025,0.406942582
546,0.3643506039999999,0.3310303539999999,0.34769047899999994
547,0.601269431,0.35727234,0.47927088549999997
548,0.55410757,0.3398819329999999,0.44699475149999995
549,0.5712638870000001,0.341990379,0.456627133
550,0.5712638870000001,0.341990379,0.456627133
551,0.332561002,0.336252192,0.33440659699999997
552,0.601269431,0.35727234,0.47927088549999997
553,0.601269431,0.35727234,0.47927088549999997
554,0.5851390879999999,0.337019378,0.461079233
555,0.601269431,0.35727234,0.47927088549999997
556,0.203735794,0.3465668529999999,0.27515132349999993
557,0.601269431,0.35727234,0.47927088549999997
558,0.516025065,0.335127063,0.42557606400000003
559,0.5712638870000001,0.341990379,0.456627133
560,0.627705084,0.342512253,0.4851086685
561,0.554029301,0.351240826,0.45263506350000005
562,0.5712638870000001,0.341990379,0.456627133
563,0.561854538,0.328893614,0.445374076
564,0.441883526,0.341983374,0.39193345
565,0.601269431,0.35727234,0.47927088549999997
566,0.384319932,0.3449876879999999,0.36465380999999997
567,0.455701432,0.334162456,0.394931944
568,0.601269431,0.35727234,0.47927088549999997
569,0.338241068,0.344957281,0.3415991745
570,0.347658365,0.339652406,0.3436553855
571,0.601269431,0.35727234,0.47927088549999997
572,0.257991931,0.345034326,0.3015131285
573,0.6799286840000001,0.3408082529999999,0.5103684685
574,0.60709869,0.338551611,0.4728251505
575,0.496435851,0.334009585,0.415222718
576,0.195669514,0.33996136,0.267815437
577,0.427006342,0.348010813,0.3875085775
578,0.46730471,0.3366175279999999,0.401961119
579,0.5501773010000001,0.322687203,0.436432252
580,0.364652529,0.3343619539999999,0.34950724149999995
581,0.5712638870000001,0.341990379,0.456627133
582,0.531029836,0.349492904,0.44026137
583,0.601269431,0.35727234,0.47927088549999997
584,0.601269431,0.35727234,0.47927088549999997
585,0.252690768,0.334004867,0.2933478175
586,0.5830598229999999,0.353600024,0.46832992349999997
587,0.601269431,0.35727234,0.47927088549999997
588,0.443349194,0.337845206,0.3905972
589,0.601269431,0.35727234,0.47927088549999997
590,0.601269431,0.35727234,0.47927088549999997
591,0.601269431,0.35727234,0.47927088549999997
592,0.47981328,0.352980017,0.4163966485
593,0.601269431,0.35727234,0.47927088549999997
594,0.34314299,0.349353973,0.3462484815
595,0.399911927,0.34777056,0.37384124350000003
596,0.601269431,0.35727234,0.47927088549999997
597,0.592969455,0.343638889,0.46830417199999996
598,0.521109203,0.3477228579999999,0.43441603049999994
599,0.598970613,0.34878699,0.4738788015
600,0.3371706579999999,0.338246507,0.3377085824999999
601,0.400823648,0.327507045,0.3641653465
602,0.461095752,0.3541882,0.407641976
603,0.350354706,0.354726695,0.35254070049999997
604,0.380416666,0.333829091,0.3571228785
605,0.620897875,0.328593538,0.47474570650000003
606,0.601269431,0.35727234,0.47927088549999997
607,0.625280313,0.3466714829999999,0.48597589799999996
608,0.601269431,0.35727234,0.47927088549999997
609,0.51892843,0.355936729,0.43743257950000003
610,0.418583462,0.333439531,0.3760114965
611,0.385618831,0.3384441379999999,0.36203148449999994
612,0.358290685,0.341439465,0.34986507499999997
613,0.490241091,0.351948211,0.421094651
614,0.27276693,0.345606432,0.309186681
615,0.362544975,0.347283052,0.35491401349999996
616,0.5712638870000001,0.341990379,0.456627133
617,0.648662151,0.352169014,0.5004155825000001
618,0.5712638870000001,0.341990379,0.456627133
619,0.601269431,0.35727234,0.47927088549999997
620,0.601269431,0.35727234,0.47927088549999997
621,0.43010254,0.337060573,0.3835815565
622,0.447685617,0.334565556,0.39112558649999996
623,0.570008272,0.334727497,0.4523678845
624,0.49539786,0.326036305,0.41071708250000005
625,0.289919624,0.341530364,0.315724994
626,0.501545957,0.347802294,0.42467412550000005
627,0.5712638870000001,0.341990379,0.456627133
628,0.601269431,0.35727234,0.47927088549999997
629,0.425725775,0.351608246,0.38866701049999997
630,0.5712638870000001,0.341990379,0.456627133
