,Role_Marshal,Self_Esteem_Cont_SELevelAchievements,Self_Esteem_Cont_SEDiscrepancySociability,Personal_Values_Cont_SelfEnhancement,Self_Esteem_Cont_SEAspiration,Mean,Mean_RoleMarshal
0,0.620860476,0.60585757,0.47333535,0.303075866,0.8819363929999999,0.577013131,0.5770131310000001
1,0.486199546,0.490159766,0.579283201,0.298713976,0.860850675,0.5430414328,0.5430414328
2,0.177482905,0.189998585,0.510045861,0.231112826,0.805829736,0.3828939826,0.3828939826
3,0.738135214,0.378579411,0.50408765,0.297082723,0.8860729909999999,0.5607915978,0.5607915977999999
4,0.203801017,0.628431007,0.4236133829999999,0.2768132789999999,0.829868388,0.4725054147999999,0.4725054148
5,0.768608845,0.538229272,0.512187987,0.30120551,0.890176669,0.6020816566,0.6020816566000001
6,0.780436791,0.50295609,0.627205083,0.293989393,0.8261130740000001,0.6061400862,0.6061400862
7,0.798226648,0.535560064,0.648250491,0.3056086189999999,0.878382274,0.6332056192,0.6332056192
8,0.335576627,0.406943163,0.6917669559999999,0.239436666,0.865768141,0.5078983106,0.5078983106
9,0.4873434,0.2441418289999999,0.4568848339999999,0.242600425,0.875690381,0.4613321737999999,0.46133217379999997
10,0.6420030210000001,0.474678589,0.569143259,0.304240727,0.8170516520000001,0.5614234496000001,0.5614234496
11,0.663963746,0.4890175989999999,0.397581092,0.30223112,0.7069799729999999,0.511954706,0.511954706
12,0.8566972890000001,0.495351301,0.517943178,0.292380884,0.895362214,0.6115469732000001,0.6115469732
13,0.526577328,0.247113657,0.425055378,0.249869738,0.871437076,0.4640106353999999,0.4640106353999999
14,0.8411354090000001,0.495351301,0.587653904,0.2965442889999999,0.888992789,0.6219355384,0.6219355383999999
15,0.7486934009999999,0.46786832,0.615271075,0.294874535,0.8279722759999999,0.5909359214000001,0.5909359214
16,0.5303405720000001,0.336343864,0.550979807,0.292092161,0.8579481520000001,0.5135409112,0.5135409112000001
17,0.797894054,0.4518989879999999,0.553436354,0.294913978,0.892369438,0.5981025623999999,0.5981025623999999
18,0.3678172779999999,0.529295456,0.538996913,0.286623749,0.8744834659999999,0.5194433723999999,0.5194433723999999
19,0.351712429,0.474334563,0.470771299,0.29267992,0.893330007,0.4965656436,0.49656564359999994
20,0.541799041,0.320046192,0.514502121,0.240486551,0.8764223870000001,0.4986512583999999,0.49865125839999996
21,0.787863512,0.554615781,0.420294212,0.288768538,0.882446359,0.5867976803999999,0.5867976804
22,0.668176978,0.478822837,0.598010649,0.2989571139999999,0.8651940459999999,0.5818323247999999,0.5818323248
23,0.845301906,0.532779174,0.597991543,0.2894710339999999,0.8429529720000001,0.6216993258,0.6216993258
24,0.309535768,0.4890175989999999,0.425694466,0.29884191,0.929484478,0.4905148441999999,0.49051484419999997
25,0.7860690090000001,0.2561329,0.555009825,0.305018811,0.817564491,0.5439590072,0.5439590071999999
26,0.394206902,0.249291945,0.504159344,0.237323086,0.834880324,0.4439723202,0.44397232019999994
27,0.466185197,0.309278677,0.497719478,0.2433295469999999,0.876313635,0.4785653068,0.47856530680000003
28,0.6852456929999999,0.344363657,0.420819507,0.291297815,0.86478355,0.5213020443999999,0.5213020443999999
29,0.666041468,0.50295609,0.555351908,0.286882523,0.895827468,0.5814118913999999,0.5814118914
30,0.739399365,0.449661008,0.615617606,0.294382743,0.891555014,0.5981231472,0.5981231472
31,0.807735298,0.4513174029999999,0.5323912789999999,0.291759187,0.881298425,0.5929003183999999,0.5929003183999999
32,0.771026193,0.459952821,0.51720997,0.304306205,0.887242726,0.587947583,0.587947583
33,0.4873434,0.2441418289999999,0.4568848339999999,0.242600425,0.875690381,0.4613321737999999,0.46133217379999997
34,0.634550277,0.398962417,0.5353104710000001,0.288734566,0.883709263,0.5482533988,0.5482533988
35,0.4056061829999999,0.482210951,0.4987515939999999,0.297729743,0.797813715,0.4964224372,0.49642243720000007
36,0.314411912,0.256565367,0.598175465,0.246699406,0.887942091,0.4607588482,0.46075884820000007
37,0.522366474,0.533947414,0.489336261,0.300292546,0.901447057,0.5494779504,0.5494779504
38,0.7439497829999999,0.383038714,0.63054712,0.287913273,0.8826634059999999,0.5856224591999999,0.5856224592
39,0.431470951,0.3665258279999999,0.465524432,0.241367799,0.83975463,0.4689287279999999,0.4689287279999999
40,0.211175995,0.330448236,0.523288272,0.248621153,0.873749294,0.43745659,0.43745659000000003
41,0.379874819,0.61556635,0.389640791,0.304015048,0.920409885,0.5219013786,0.5219013786
42,0.71957382,0.57498575,0.438619472,0.293745865,0.8865239090000001,0.5826897632000001,0.5826897632
43,0.716027966,0.47983536,0.4257251979999999,0.294230644,0.893193152,0.561802464,0.561802464
44,0.706046223,0.532779174,0.4773025279999999,0.299866201,0.8550908859999999,0.5742170024,0.5742170024000001
45,0.39694107,0.496584001,0.513682238,0.2981888669999999,0.8873289329999999,0.5185450218,0.5185450218
46,0.354733934,0.325397314,0.4562032239999999,0.237109631,0.926195759,0.4599279723999999,0.4599279724
47,0.304917873,0.432481684,0.429381576,0.233443283,0.833169871,0.4466788573999999,0.44667885739999996
48,0.479289297,0.602055176,0.513599795,0.295175959,0.91190938,0.5604059214,0.5604059214
49,0.741855525,0.336748004,0.696945658,0.296294201,0.821160491,0.5786007758,0.5786007758
50,0.390913932,0.387639131,0.638075837,0.242550341,0.8313278059999999,0.4981014094,0.4981014094
51,0.73204878,0.4039851989999999,0.536883598,0.294174813,0.814723121,0.5563631022,0.5563631021999998
52,0.433690377,0.409127761,0.417116295,0.2376998139999999,0.842143703,0.46795559,0.4679555899999999
53,0.381832083,0.460952308,0.472810276,0.293197181,0.887833331,0.4993250357999999,0.49932503579999993
54,0.6140418089999999,0.327053622,0.598198905,0.243389617,0.891759625,0.5348887156,0.5348887156000001
55,0.288852915,0.267715106,0.440402505,0.242139476,0.844624397,0.4167468797999999,0.41674687979999997
56,0.545635172,0.519601161,0.57442067,0.312192619,0.922641209,0.5748981662,0.5748981662
57,0.545523237,0.562401636,0.566517785,0.309135521,0.816211545,0.5599579448,0.5599579447999999
58,0.7539611620000001,0.44724703,0.550088268,0.290301397,0.83705069,0.5757297094,0.5757297094
59,0.262890582,0.228791417,0.579523848,0.257036709,0.884149237,0.4424783585999999,0.4424783585999999
60,0.186488903,0.60640077,0.506987404,0.302586941,0.853717163,0.4912362361999999,0.49123623619999995
61,0.316080758,0.508454714,0.523643799,0.293412105,0.8310544790000001,0.494529171,0.494529171
62,0.480377261,0.289819165,0.451176633,0.241863715,0.8602260270000001,0.4646925602,0.46469256020000005
63,0.551982216,0.640017556,0.399586402,0.296186543,0.913090249,0.5601725932,0.5601725932
64,0.7702200459999999,0.496584001,0.601513286,0.298826991,0.880979499,0.6096247645999999,0.6096247645999999
65,0.776419918,0.496621663,0.511441634,0.290573456,0.876917761,0.5903948864,0.5903948864
66,0.431730412,0.653659098,0.469044986,0.3059918239999999,0.89637476,0.551360216,0.551360216
67,0.642272696,0.362933826,0.541191918,0.297074633,0.87833302,0.5443612186,0.5443612186000001
68,0.675457544,0.459952821,0.622950992,0.300812449,0.874583185,0.5867513982,0.5867513982
69,0.7898735790000001,0.459952821,0.495082033,0.305916763,0.890176669,0.588200373,0.5882003729999999
70,0.922854586,0.556099077,0.591633208,0.313620009,0.893811183,0.6556036126,0.6556036125999999
71,0.7056814140000001,0.495351301,0.524147896,0.294283935,0.82866126,0.5696251612000001,0.5696251612000002
72,0.515281911,0.527218987,0.527338369,0.295725495,0.803696837,0.5338523198,0.5338523197999999
73,0.726895508,0.469134336,0.790947465,0.289103878,0.8610663120000001,0.6274294998000001,0.6274294998
74,0.726895508,0.469134336,0.790947465,0.289103878,0.8610663120000001,0.6274294998000001,0.6274294998
75,0.7706300970000001,0.744757223,0.539960778,0.296262934,0.928209603,0.6559641270000001,0.655964127
76,0.726955481,0.449251797,0.511398635,0.28874364,0.902338785,0.5757376676,0.5757376676
77,0.578012283,0.206017516,0.361799275,0.2527700639999999,0.8751295920000001,0.4547457459999999,0.45474574599999995
78,0.6757653840000001,0.484418513,0.4840511079999999,0.291387957,0.8963672979999999,0.5663980519999999,0.5663980519999999
79,0.586247954,0.605969831,0.525012656,0.292860287,0.919647085,0.5859475626,0.5859475626
80,0.796758353,0.392715627,0.543095015,0.290341557,0.910826116,0.5867473336,0.5867473336
81,0.647092782,0.475098663,0.459350292,0.292604681,0.8569367,0.5462166236,0.5462166236
82,0.407046664,0.465263137,0.51447838,0.309169009,0.874988256,0.5141890892000001,0.5141890892
83,0.6362865520000001,0.61820485,0.517376949,0.294378353,0.810830797,0.5754155002,0.5754155002
84,0.6179626460000001,0.57893517,0.475342987,0.309698437,0.910293131,0.5784464742000001,0.5784464742000001
85,0.750368554,0.496584001,0.482637394,0.303725076,0.8949818540000001,0.5856593757999999,0.5856593758
86,0.538036168,0.5515666229999999,0.471626744,0.2835220089999999,0.8459972659999999,0.538149762,0.5381497619999999
87,0.632249385,0.488814805,0.265815033,0.292627659,0.746350271,0.4851714306,0.48517143059999995
88,0.8207583559999999,0.7179376679999999,0.47812103,0.288702508,0.878683132,0.6368405387999999,0.6368405387999999
89,0.664860474,0.5913556010000001,0.351086755,0.2965890989999999,0.917751909,0.5643287676,0.5643287676000001
90,0.284369138,0.3514324889999999,0.42274559,0.297743062,0.87035972,0.4453299998,0.44532999980000004
91,0.661322677,0.344363657,0.55891605,0.306467944,0.910687045,0.5563514746,0.5563514746
92,0.633762211,0.53958727,0.499538701,0.293659705,0.890685652,0.5714467078000001,0.5714467078
93,0.7740505679999999,0.57893517,0.550695857,0.29828635,0.8552778540000001,0.6114491598,0.6114491598000001
94,0.475798592,0.3818168779999999,0.62743154,0.297153024,0.850961758,0.5266323584,0.5266323584
95,0.593901394,0.613312436,0.464779989,0.295869997,0.87938935,0.5694506332,0.5694506331999999
96,0.6388863220000001,0.435157589,0.570569265,0.303830477,0.8777231090000001,0.5652333524,0.5652333524
97,0.594666193,0.431693427,0.529722273,0.299015461,0.855432876,0.542106046,0.5421060459999999
98,0.382922252,0.518402502,0.458541188,0.295324198,0.904931974,0.5120244227999999,0.5120244228
99,0.8047206170000001,0.4735146939999999,0.469583239,0.304218798,0.84573469,0.5795544076,0.5795544076
100,0.714588392,0.541251632,0.537359519,0.2925694,0.7877053470000001,0.5746948580000001,0.5746948580000001
101,0.8049475309999999,0.525648779,0.546745531,0.300886886,0.8815687109999999,0.6119594875999999,0.6119594876
102,0.39205488,0.380772756,0.448114001,0.260204583,0.905824441,0.4773941322,0.4773941322
103,0.500383499,0.257613102,0.443441424,0.242786915,0.9001356429999999,0.4688721165999999,0.4688721166
104,0.742093592,0.648860839,0.826076818,0.292543345,0.863405322,0.6745959831999999,0.6745959831999998
105,0.7445741779999999,0.459952821,0.555196647,0.30561813,0.890176669,0.591103689,0.591103689
106,0.337502194,0.3103361,0.5094404810000001,0.237557061,0.872369965,0.4534411601999999,0.45344116019999997
107,0.7323522379999999,0.449251797,0.520098676,0.293421475,0.908821353,0.5807891077999999,0.5807891077999999
108,0.493942215,0.742200565,0.4956896529999999,0.296091146,0.902119272,0.5860085702,0.5860085701999999
109,0.4253618979999999,0.429464138,0.507957498,0.2965810769999999,0.855255489,0.50292402,0.50292402
110,0.566487096,0.482969981,0.604712928,0.294736799,0.936434572,0.5770682752,0.5770682752000001
111,0.77126274,0.608935699,0.463001625,0.288799366,0.7777503459999999,0.5819499552,0.5819499551999999
112,0.282562541,0.412681456,0.3785052989999999,0.292374562,0.885931053,0.4504109822,0.45041098220000003
113,0.7221089479999999,0.545042438,0.5789914829999999,0.297081029,0.822843622,0.5932135040000001,0.5932135040000001
114,0.721111906,0.4921138339999999,0.550248172,0.307026276,0.871131359,0.5883263094,0.5883263093999999
115,0.686031469,0.404169887,0.372564697,0.287047302,0.7699865770000001,0.5039599864000001,0.5039599864000001
116,0.7088235279999999,0.413751196,0.480896716,0.299629737,0.828240953,0.5462684259999999,0.546268426
117,0.605465905,0.67496337,0.5639589389999999,0.291565601,0.898112547,0.6068132723999999,0.6068132724
118,0.364157093,0.325397314,0.499367467,0.2354649089999999,0.903513265,0.4655800096,0.4655800096
119,0.3047453539999999,0.472976565,0.430183844,0.292578324,0.8354616840000001,0.4671891542,0.4671891542
120,0.252949704,0.293832217,0.5667429660000001,0.249727481,0.805880085,0.4338264906,0.4338264906
121,0.358777119,0.2131379689999999,0.5200634470000001,0.2447358589999999,0.818811125,0.4311051037999999,0.43110510379999994
122,0.286364655,0.523579637,0.389724696,0.249108512,0.8726913690000001,0.4642937738,0.4642937738000001
123,0.683684078,0.44601433,0.541692802,0.291733001,0.8948105009999999,0.5715869424,0.5715869423999999
124,0.650794997,0.494902257,0.563891567,0.287216515,0.876256945,0.5746124562,0.5746124562
125,0.669039386,0.480297441,0.551696007,0.297160748,0.8655765390000001,0.5727540242,0.5727540242
126,0.277333424,0.264878757,0.473072032,0.233580225,0.894234537,0.428619795,0.42861979499999997
127,0.494876353,0.435948487,0.452534169,0.290544195,0.915563262,0.5178932932,0.5178932932000001
128,0.7836987240000001,0.308613184,0.549802452,0.288824772,0.83739939,0.5536677044,0.5536677044
129,0.653487705,0.585469494,0.588951009,0.300636126,0.8548827179999999,0.5966854104,0.5966854104
130,0.549728908,0.56486776,0.45574545,0.306942406,0.830960329,0.5416489706000001,0.5416489706
131,0.534711774,0.519601161,0.505718365,0.2922615839999999,0.915726872,0.5536039511999999,0.5536039511999999
132,0.687826433,0.560987869,0.448782279,0.300046053,0.7760983440000001,0.5547481956,0.5547481956000001
133,0.44295796,0.4890175989999999,0.509594415,0.287872616,0.865426829,0.5189738838,0.5189738838000001
134,0.7310191109999999,0.438399188,0.600807367,0.249817667,0.835466785,0.5711020236,0.5711020236
135,0.38842735,0.372655759,0.499367467,0.23046892,0.8754523890000001,0.4732743770000001,0.4732743770000001
136,0.348993709,0.376767877,0.512457348,0.235051265,0.903513265,0.4753566928,0.4753566928
137,0.6425123629999999,0.522838629,0.5119058879999999,0.307337317,0.866928825,0.5703046044,0.5703046044
138,0.436624749,0.523329586,0.3928011429999999,0.235806707,0.8361415040000001,0.4849407377999999,0.48494073779999997
139,0.78291104,0.459952821,0.530016742,0.289126805,0.8636316999999999,0.5851278216,0.5851278216
140,0.493500492,0.317830306,0.444432237,0.247405034,0.8710235740000001,0.4748383286,0.4748383286
141,0.452688532,0.551519545,0.507515839,0.293436956,0.893303966,0.5396929676,0.5396929675999999
142,0.651608422,0.50295609,0.5161040579999999,0.2924829089999999,0.868478147,0.5663259251999999,0.5663259252
143,0.7878234040000001,0.485509257,0.5978935120000001,0.28234311,0.869672397,0.6046483360000001,0.604648336
144,0.20860589,0.345995716,0.429121835,0.240210036,0.8047020009999999,0.4057270956,0.40572709560000003
145,0.781904053,0.52556404,0.42102535,0.296693323,0.863275502,0.5776924536,0.5776924536
146,0.178259496,0.498270092,0.433408166,0.299928843,0.884680859,0.4589094912,0.4589094912
147,0.646538217,0.57618441,0.529736627,0.290618895,0.904258364,0.5894673026,0.5894673026
148,0.377636866,0.744757223,0.5082463420000001,0.285309437,0.920889567,0.5673678870000001,0.5673678870000001
149,0.775176801,0.542466226,0.603655488,0.294656679,0.862679174,0.6157268736,0.6157268736
150,0.65301604,0.364615571,0.3818891729999999,0.308260121,0.857891132,0.5131344073999999,0.5131344073999999
151,0.741085503,0.573390917,0.701858874,0.300921171,0.883729428,0.6401971786,0.6401971786000001
152,0.644877618,0.50295609,0.52667227,0.290072812,0.858006307,0.5645170194,0.5645170194000001
153,0.746289772,0.469134336,0.576912906,0.2899799489999999,0.838773523,0.5842180972000001,0.5842180972000001
154,0.4873434,0.2441418289999999,0.4568848339999999,0.242600425,0.875690381,0.4613321737999999,0.46133217379999997
155,0.7486133140000001,0.459952821,0.553833641,0.29395717,0.911359034,0.593543196,0.593543196
156,0.78699172,0.5351171029999999,0.4825120479999999,0.301702116,0.873884087,0.5960414148,0.5960414147999998
157,0.712481418,0.651978078,0.6158966229999999,0.290752262,0.869702332,0.6281621425999999,0.6281621425999999
158,0.812545649,0.5515666229999999,0.421370289,0.288164626,0.901666961,0.5950628296,0.5950628295999999
159,0.757493255,0.508653887,0.522235071,0.302705403,0.886254575,0.5954684382,0.5954684382000001
160,0.684223088,0.449661008,0.59796356,0.286227251,0.881765527,0.5799680867999999,0.5799680868
161,0.767174395,0.50295609,0.325401661,0.296168377,0.927373962,0.563814897,0.563814897
162,0.747407893,0.379762137,0.496976886,0.300258631,0.8693545079999999,0.5587520109999999,0.558752011
163,0.289140909,0.301876846,0.4511670779999999,0.232271124,0.8559872959999999,0.4260886505999999,0.42608865059999995
164,0.485609484,0.53958727,0.5178913470000001,0.29295771,0.8859076929999999,0.5443907008,0.5443907008000001
165,0.825848365,0.469134336,0.556940923,0.29500995,0.8437554690000001,0.5981378086,0.5981378085999999
166,0.390540401,0.247927382,0.447234869,0.243130191,0.838815229,0.4335296144,0.4335296144
167,0.640084585,0.50527881,0.457088837,0.306978879,0.861751638,0.5542365497999999,0.5542365498
168,0.478074335,0.435828644,0.4370729029999999,0.245479924,0.8762944779999999,0.4945500567999999,0.4945500568
169,0.729114113,0.449251797,0.511398635,0.290698408,0.924426701,0.5809779307999999,0.5809779307999999
170,0.292053631,0.41482379,0.5168237760000001,0.233921356,0.820315728,0.4555876561999999,0.4555876562
171,0.3742902329999999,0.548282078,0.5067313720000001,0.29130123,0.888020246,0.5217250318,0.5217250318
172,0.818983508,0.488814805,0.523059151,0.29940151,0.8309623979999999,0.5922442743999999,0.5922442743999999
173,0.756931309,0.508516277,0.512979331,0.305330329,0.8671585509999999,0.5901831594000001,0.5901831594000001
174,0.620319284,0.492255066,0.55323925,0.303555134,0.888590256,0.5715917979999999,0.5715917979999999
175,0.561993477,0.604048355,0.5355887020000001,0.285045678,0.862311475,0.5697975374,0.5697975374
176,0.484941109,0.623930894,0.531387549,0.285550523,0.905932241,0.5663484632,0.5663484632000001
177,0.645755169,0.56486776,0.503467618,0.297591434,0.843510777,0.5710385515999999,0.5710385515999999
178,0.711517924,0.5359319020000001,0.5169452529999999,0.281605657,0.780575666,0.5653152803999999,0.5653152804
179,0.456131245,0.614514717,0.5133535929999999,0.304319216,0.882617751,0.5541873043999999,0.5541873044
180,0.765195491,0.48919939,0.49480248,0.295275541,0.913288164,0.5915522132,0.5915522132
181,0.705562611,0.449251797,0.397082789,0.293987628,0.854954129,0.5401677908,0.5401677908
182,0.71086253,0.51653607,0.5059955,0.304074957,0.885132548,0.5845203210000001,0.584520321
183,0.745223393,0.574652588,0.380251082,0.2984743569999999,0.863602798,0.5724408436,0.5724408436
184,0.6273974,0.432503156,0.5461981929999999,0.295928693,0.8708316620000001,0.5545718208,0.5545718208
185,0.371162582,0.325397314,0.499367467,0.2339210089999999,0.8754523890000001,0.4610601521999999,0.46106015219999996
186,0.337872321,0.2021877789999999,0.399691795,0.246842351,0.8677023340000001,0.410859316,0.410859316
187,0.721307732,0.55403999,0.386784937,0.304578053,0.921748761,0.5776918946,0.5776918946
188,0.268463877,0.729191824,0.443210867,0.233664911,0.915948494,0.5180959946,0.5180959946
189,0.2861611,0.5721149529999999,0.40777729,0.245827269,0.89165688,0.4807074984,0.4807074984
190,0.7428418179999999,0.528933323,0.434602226,0.300305805,0.8957925590000001,0.5804951462,0.5804951462
191,0.536010931,0.34689575,0.469071202,0.232999937,0.8499395390000001,0.4869834718,0.48698347179999996
192,0.715235418,0.595717852,0.533012508,0.295348656,0.876279895,0.6031188658000001,0.6031188658000001
193,0.823719475,0.6000634460000001,0.459466163,0.285815167,0.872473595,0.6083075692,0.6083075692
194,0.676257407,0.4780464239999999,0.483518644,0.295489815,0.826556645,0.551973787,0.551973787
195,0.134616328,0.247571446,0.473295256,0.250172587,0.8206653429999999,0.385264192,0.385264192
196,0.769446816,0.4632692329999999,0.507228244,0.296442469,0.908143289,0.5889060101999999,0.5889060102
197,0.812680258,0.531982482,0.5090917739999999,0.280576734,0.858056733,0.5984775961999999,0.5984775961999999
198,0.368599292,0.393764135,0.392089888,0.230546322,0.826309862,0.4422618997999999,0.4422618998
199,0.283664623,0.417348005,0.449864383,0.2459277339999999,0.87352533,0.454066015,0.454066015
200,0.444228829,0.410318177,0.510030067,0.306034341,0.856324456,0.505387174,0.505387174
201,0.233227583,0.250929497,0.563828688,0.259346258,0.811895162,0.4238454376,0.4238454376
202,0.6531032379999999,0.3951697289999999,0.477310014,0.2267587539999999,0.87631961,0.5257322689999999,0.525732269
203,0.716414331,0.423998105,0.5323409920000001,0.291732108,0.8370975740000001,0.560316622,0.5603166220000001
204,0.485246101,0.594515571,0.529895334,0.299848831,0.887285987,0.5593583648,0.5593583648
205,0.4873434,0.2441418289999999,0.4568848339999999,0.242600425,0.875690381,0.4613321737999999,0.46133217379999997
206,0.467980075,0.445413004,0.418188275,0.2478131989999999,0.8608530999999999,0.4880495305999999,0.48804953059999995
207,0.627895776,0.5579886860000001,0.317400411,0.301957466,0.8730738859999999,0.5356632450000001,0.535663245
208,0.787483515,0.574786577,0.53113076,0.301932915,0.893386195,0.6177439924000001,0.6177439924
209,0.39053167,0.309592905,0.582083664,0.24315695,0.901271149,0.4853272675999999,0.48532726759999995
210,0.760565358,0.488814805,0.570604611,0.29204794,0.8586259070000001,0.5941317242,0.5941317242
211,0.546454106,0.558237109,0.491806732,0.293621901,0.807272179,0.5394784054,0.5394784054
212,0.571472997,0.53958727,0.534120435,0.29960885,0.8561165190000001,0.5601812142,0.5601812142
213,0.077848565,0.353928081,0.631024601,0.241704596,0.843230485,0.4295472655999999,0.42954726559999995
214,0.255265833,0.412226065,0.425458307,0.253098237,0.803153907,0.4298404697999999,0.42984046979999996
215,0.500868336,0.392868669,0.52532039,0.250105234,0.7552853979999999,0.4848896054,0.4848896054
216,0.637393416,0.574652588,0.522661251,0.295775425,0.88293606,0.582683748,0.582683748
217,0.282253456,0.399169934,0.4834969739999999,0.2460599819999999,0.8266290279999999,0.4475218747999999,0.4475218748
218,0.297869011,0.501230165,0.46357986,0.305540223,0.872678538,0.4881795593999999,0.48817955939999996
219,0.470440464,0.30483852,0.413610316,0.242718829,0.7675279970000001,0.4398272252,0.4398272252
220,0.530971462,0.585341299,0.5013706139999999,0.287174043,0.882877189,0.5575469214,0.5575469214000001
221,0.560163046,0.61556635,0.5068357960000001,0.298535662,0.7716392670000001,0.5505480242,0.5505480241999999
222,0.415453084,0.360031757,0.469165144,0.244153302,0.8645093559999999,0.4706625285999999,0.47066252859999996
223,0.4873434,0.2441418289999999,0.4568848339999999,0.242600425,0.875690381,0.4613321737999999,0.46133217379999997
224,0.5982536070000001,0.53958727,0.516698784,0.294434804,0.889339885,0.56766287,0.56766287
225,0.7112672459999999,0.514170618,0.5906128079999999,0.296629516,0.783970875,0.5793302126,0.5793302126
226,0.52451651,0.508900138,0.518469408,0.291179836,0.8415522809999999,0.5369236345999999,0.5369236345999999
227,0.555383926,0.292111078,0.433650583,0.250977883,0.915513845,0.4895274629999999,0.48952746299999994
228,0.3929868689999999,0.372655759,0.501139357,0.22783244,0.8790714009999999,0.4747371652,0.47473716520000003
229,0.453090811,0.61556635,0.507027448,0.292559386,0.911227126,0.5558942242,0.5558942242000001
230,0.729683815,0.523182655,0.5592935929999999,0.289153732,0.875185422,0.5952998434,0.5952998434
231,0.08211187,0.61793325,0.447632689,0.305259794,0.886134767,0.467814474,0.4678144739999999
232,0.343705264,0.244218686,0.5074779079999999,0.242026788,0.809149056,0.4293155403999999,0.4293155403999999
233,0.563987108,0.4458673039999999,0.474942815,0.295261576,0.881576728,0.5323271062,0.5323271062
234,0.4873434,0.2441418289999999,0.4568848339999999,0.242600425,0.875690381,0.4613321737999999,0.46133217379999997
235,0.1998576319999999,0.42861083,0.420141174,0.248040403,0.800756185,0.4194812448,0.41948124480000004
236,0.4873434,0.2441418289999999,0.4568848339999999,0.242600425,0.875690381,0.4613321737999999,0.46133217379999997
237,0.4873434,0.2441418289999999,0.4568848339999999,0.242600425,0.875690381,0.4613321737999999,0.46133217379999997
238,0.562410059,0.379986286,0.359447921,0.238143221,0.790862189,0.4661699351999999,0.46616993519999994
239,0.281578086,0.3685273129999999,0.5066690979999999,0.2415791739999999,0.8660946959999999,0.4528896733999999,0.4528896733999999
240,0.570852248,0.453643245,0.666115299,0.2418999339999999,0.8965287959999999,0.5658079044,0.5658079043999998
241,0.3619643489999999,0.289346669,0.4311901829999999,0.24015512,0.838335237,0.4321983116,0.43219831160000005
242,0.431311135,0.412457358,0.428489733,0.243424902,0.859458728,0.4750283711999999,0.4750283712
243,0.394419576,0.582918631,0.571737811,0.311714415,0.917504121,0.5556589108,0.5556589108
244,0.24767917,0.164711806,0.554448121,0.254941903,0.897377973,0.4238317946,0.42383179460000003
245,0.20673952,0.61556635,0.40229004,0.297945458,0.927132278,0.4899347292,0.4899347292
246,0.451817562,0.522208518,0.649714082,0.307070574,0.825110123,0.5511841717999999,0.5511841718
247,0.4873434,0.2441418289999999,0.4568848339999999,0.242600425,0.875690381,0.4613321737999999,0.46133217379999997
248,0.4873434,0.2441418289999999,0.4568848339999999,0.242600425,0.875690381,0.4613321737999999,0.46133217379999997
249,0.713672485,0.400132106,0.560342398,0.306259986,0.905784538,0.5772383026,0.5772383026
250,0.344481852,0.334634599,0.464147386,0.249629838,0.834923225,0.4455633799999999,0.4455633799999999
251,0.301081397,0.481368456,0.512491865,0.227042583,0.845217393,0.4734403388,0.4734403388000001
252,0.323874895,0.468997045,0.471812756,0.2430481589999999,0.908089118,0.4831643946,0.4831643946
253,0.460389741,0.4037084379999999,0.506996176,0.242265136,0.841938403,0.4910595787999999,0.4910595787999999
254,0.17037762,0.21686408,0.524559236,0.24701285,0.8269802959999999,0.3971588164,0.3971588164
255,0.261914708,0.407680183,0.378180457,0.2438713569999999,0.890688875,0.436467116,0.43646711600000004
256,0.4873434,0.2441418289999999,0.4568848339999999,0.242600425,0.875690381,0.4613321737999999,0.46133217379999997
257,0.312330204,0.339016227,0.4768509179999999,0.230941607,0.7889792390000001,0.429623639,0.42962363899999995
258,0.448212664,0.394318016,0.531917066,0.2529309369999999,0.8393102790000001,0.4933377924,0.49333779240000003
259,0.682284048,0.5757824420000001,0.557274807,0.295164631,0.839837012,0.5900685880000001,0.5900685880000002
260,0.369852423,0.512427311,0.537963846,0.283162866,0.883443733,0.5173700358000001,0.5173700358000001
261,0.8068642970000001,0.347449028,0.538261992,0.29218658,0.8623063409999999,0.5694136476,0.5694136475999999
262,0.428144426,0.306639462,0.514354187,0.242074782,0.8053665109999999,0.4593158735999999,0.4593158736
263,0.4873434,0.2441418289999999,0.4568848339999999,0.242600425,0.875690381,0.4613321737999999,0.46133217379999997
264,0.318466719,0.3715479779999999,0.385126425,0.24976492,0.8877484959999999,0.4425309075999999,0.44253090759999997
265,0.5641572810000001,0.299380285,0.499650485,0.25921726,0.828284977,0.4901380576,0.4901380576
266,0.408970858,0.290782781,0.433650583,0.2356380039999999,0.910780948,0.4559646347999999,0.45596463479999993
267,0.7591148590000001,0.519601161,0.470845909,0.293014212,0.898396615,0.5881945512,0.5881945512
268,0.570569115,0.449020033,0.546344497,0.293807935,0.921575212,0.5562633584000001,0.5562633584
269,0.669651299,0.459952821,0.534097642,0.2997814139999999,0.8925220770000001,0.5712010506,0.5712010506
270,0.794994421,0.435184387,0.550763094,0.295818618,0.888243462,0.5930007963999999,0.5930007964
271,0.688131325,0.5590866720000001,0.606214775,0.297570661,0.78499399,0.5871994845999999,0.5871994846
272,0.669651299,0.459952821,0.534097642,0.2997814139999999,0.8925220770000001,0.5712010506,0.5712010506
273,0.683028917,0.514888365,0.55743494,0.297216115,0.8850003009999999,0.5875137276,0.5875137276000001
274,0.343905676,0.519601161,0.4460437339999999,0.291670837,0.871386185,0.4945215186,0.49452151860000004
275,0.5844856039999999,0.61556635,0.522630856,0.290074215,0.914710408,0.5854934866000001,0.5854934866
276,0.486386677,0.566207651,0.4636076779999999,0.300497642,0.888856372,0.541111204,0.541111204
277,0.382703179,0.657562875,0.3728898,0.251693364,0.863931613,0.5057561662000001,0.5057561662
278,0.83367029,0.638721121,0.518692677,0.301987309,0.8368704290000001,0.6259883652,0.6259883652
279,0.51475394,0.263711702,0.392205845,0.233001321,0.8340017,0.4475349015999999,0.4475349015999999
280,0.6459150539999999,0.459952821,0.584805403,0.29129009,0.8484286959999999,0.5660784127999999,0.5660784127999999
281,0.556980556,0.496584001,0.466005664,0.2906482019999999,0.901950645,0.5424338136,0.5424338135999999
282,0.669651299,0.459952821,0.534097642,0.2997814139999999,0.8925220770000001,0.5712010506,0.5712010506
283,0.804806305,0.571545489,0.4920019929999999,0.306251345,0.892684348,0.613457896,0.613457896
284,0.787999637,0.7049914209999999,0.519739001,0.281239277,0.85215846,0.6292255592,0.6292255592
285,0.617016078,0.499935178,0.60042285,0.2963127989999999,0.875584721,0.5778543252,0.5778543252
286,0.322870463,0.3924543379999999,0.5342283720000001,0.232394083,0.878097336,0.4720089184,0.4720089184
287,0.741128082,0.575800549,0.548750975,0.306045332,0.891468835,0.6126387546000001,0.6126387546
288,0.377853774,0.250976613,0.482001178,0.237343338,0.815212745,0.4326775296,0.4326775296
289,0.278497426,0.230846425,0.564327379,0.257655856,0.860301929,0.438325803,0.43832580300000007
290,0.5564455220000001,0.557903947,0.536150739,0.288760088,0.908511608,0.5695543808,0.5695543808
291,0.7831869509999999,0.475506425,0.509023721,0.311132956,0.8770974440000001,0.5911894994000001,0.5911894994000001
292,0.775669267,0.575800549,0.4809304579999999,0.298614015,0.891714102,0.6045456781999999,0.6045456781999999
293,0.8759635459999999,0.5266410229999999,0.551847191,0.304904761,0.87885844,0.6276429922,0.6276429922000001
294,0.4873434,0.2441418289999999,0.4568848339999999,0.242600425,0.875690381,0.4613321737999999,0.46133217379999997
295,0.669651299,0.459952821,0.534097642,0.2997814139999999,0.8925220770000001,0.5712010506,0.5712010506
296,0.669651299,0.459952821,0.534097642,0.2997814139999999,0.8925220770000001,0.5712010506,0.5712010506
297,0.34810128,0.377160871,0.522298962,0.2278523539999999,0.829723407,0.4610273748,0.4610273748
298,0.555005812,0.439398589,0.45379875,0.23976844,0.889991959,0.51559271,0.51559271
299,0.351251271,0.545600847,0.5297693410000001,0.303152259,0.883519453,0.5226586342,0.5226586342
300,0.483367376,0.50295609,0.553173834,0.298279541,0.910920536,0.5497394753999999,0.5497394753999999
301,0.772122106,0.331213891,0.5420478320000001,0.296958917,0.704576517,0.5293838526,0.5293838526
302,0.602796776,0.493750675,0.491009798,0.300516453,0.753847778,0.528384296,0.528384296
303,0.755945172,0.5937608870000001,0.453331983,0.289405517,0.949164219,0.6083215556,0.6083215556
304,0.825953185,0.530573061,0.5538601879999999,0.3102304,0.8469187359999999,0.6135071139999999,0.6135071139999999
305,0.436990534,0.61556635,0.648806118,0.289447793,0.940833086,0.5863287762,0.5863287761999999
306,0.6951844779999999,0.444743244,0.476025787,0.297295685,0.905751099,0.5638000585999999,0.5638000585999999
307,0.748412735,0.57893517,0.6078060279999999,0.288894418,0.871232887,0.6190562476,0.6190562476
308,0.376739477,0.346132657,0.519837818,0.246536967,0.827713858,0.4633921553999999,0.46339215539999995
309,0.561687332,0.6090552029999999,0.6050307070000001,0.305145559,0.87569384,0.5913225282,0.5913225282
310,0.7107940490000001,0.378786344,0.404167062,0.2346659019999999,0.8542596090000001,0.5165345932000001,0.5165345932
311,0.5772089429999999,0.496584001,0.530875337,0.290923733,0.87919223,0.5549568488000001,0.5549568488
312,0.287155162,0.285971715,0.513100852,0.23875294,0.933053581,0.4516068499999999,0.45160684999999995
313,0.7204166999999999,0.515069432,0.438708512,0.294854789,0.87012275,0.5678344365999999,0.5678344366
314,0.35447519,0.482969981,0.279941861,0.291678335,0.888615244,0.4595361222,0.4595361222
315,0.3374108979999999,0.488146307,0.284916377,0.288525422,0.852417862,0.4502833732,0.4502833732
316,0.636018746,0.582800576,0.319521446,0.301080201,0.881831081,0.54425041,0.54425041
317,0.654931421,0.423998105,0.480874645,0.297266921,0.8778921759999999,0.5469926536,0.5469926535999999
318,0.619766561,0.492255066,0.589905245,0.299405011,0.822039075,0.5646741916,0.5646741916
319,0.427892227,0.34173524,0.402846185,0.2301206,0.793460084,0.4392108672,0.43921086719999997
320,0.4391988329999999,0.424728144,0.502320613,0.240853357,0.905928728,0.502605935,0.502605935
321,0.454606028,0.484769781,0.5250053029999999,0.2925550389999999,0.8349954820000001,0.5183863266,0.5183863266
322,0.6440130999999999,0.463052678,0.442126976,0.293112293,0.819392748,0.532339559,0.532339559
323,0.7977945240000001,0.4062775,0.520075925,0.3021066289999999,0.873893908,0.5800296972,0.5800296972
324,0.584416209,0.471308581,0.449131596,0.306587354,0.8177134140000001,0.5258314308,0.5258314307999999
325,0.585356648,0.351982873,0.372399411,0.254056387,0.906404841,0.494040032,0.494040032
326,0.269098102,0.230185128,0.442771598,0.2411182039999999,0.8542230590000001,0.4074792181999999,0.40747921819999994
327,0.683888504,0.7081260429999999,0.497444142,0.285595272,0.911538545,0.6173185012,0.6173185012000001
328,0.33776192,0.193310614,0.506376034,0.2480436439999999,0.794067605,0.4159119634,0.4159119634
329,0.669651299,0.459952821,0.534097642,0.2997814139999999,0.8925220770000001,0.5712010506,0.5712010506
330,0.7315553659999999,0.575800549,0.530145639,0.286810995,0.8533818409999999,0.595538878,0.595538878
331,0.68187105,0.536349803,0.4417976179999999,0.290708498,0.8705014059999999,0.5642456749999999,0.5642456749999999
332,0.795976245,0.514130784,0.605343076,0.2974950389999999,0.901914522,0.6229719332,0.6229719332
333,0.456790045,0.377071875,0.441184557,0.243622349,0.8894487109999999,0.4816235074,0.4816235074
334,0.569263189,0.544985221,0.472277261,0.291911435,0.843684635,0.5444243482,0.5444243482000001
335,0.4384628829999999,0.468706816,0.42391735,0.248898667,0.8759763079999999,0.4911924047999999,0.4911924048
336,0.575463892,0.471541071,0.614267549,0.294337015,0.902748475,0.5716716004,0.5716716004000001
337,0.4873434,0.2441418289999999,0.4568848339999999,0.242600425,0.875690381,0.4613321737999999,0.46133217379999997
338,0.391028479,0.421046433,0.6151348729999999,0.294909044,0.8097460740000001,0.5063729805999999,0.5063729806
339,0.565994718,0.4571136999999999,0.539372447,0.300698967,0.7383391990000001,0.5203038062,0.5203038061999999
340,0.5423931879999999,0.2817922989999999,0.5497748060000001,0.232874291,0.894227355,0.5002123878,0.5002123878
341,0.390278933,0.60487619,0.463827696,0.307455424,0.9074064,0.5347689285999999,0.5347689286
342,0.683080641,0.4931256329999999,0.487628956,0.299199565,0.883306791,0.5692683171999999,0.5692683172
343,0.4873434,0.2441418289999999,0.4568848339999999,0.242600425,0.875690381,0.4613321737999999,0.46133217379999997
344,0.322870463,0.3924543379999999,0.5342283720000001,0.232394083,0.878097336,0.4720089184,0.4720089184
345,0.4100865139999999,0.270109895,0.433650583,0.243768193,0.912250665,0.4539731699999999,0.45397316999999987
346,0.45654891,0.480382181,0.630345181,0.292167965,0.856972182,0.5432832837999999,0.5432832838
347,0.477145363,0.6804453359999999,0.523384018,0.286208975,0.916359887,0.5767087157999999,0.5767087158
348,0.616783981,0.482969981,0.425426123,0.28937614,0.863331417,0.5355775284,0.5355775284000001
349,0.624526817,0.630302982,0.459470175,0.294494385,0.870315127,0.5758218972,0.5758218972
350,0.523250998,0.61556635,0.500040223,0.297858841,0.8903323190000001,0.5654097462000001,0.5654097462
351,0.720927187,0.431693427,0.548750975,0.3001401589999999,0.86641892,0.5735861335999999,0.5735861336
352,0.622162336,0.617655857,0.51508625,0.297828603,0.8849091170000001,0.5875284326000001,0.5875284326000001
353,0.458050647,0.553896585,0.570604419,0.304721527,0.883140134,0.5540826624,0.5540826624
354,0.322870463,0.3924543379999999,0.5342283720000001,0.232394083,0.878097336,0.4720089184,0.4720089184
355,0.323093281,0.191912537,0.562257836,0.2293845189999999,0.837308974,0.4287914294,0.4287914294
356,0.53616894,0.4169590379999999,0.435509281,0.249627065,0.8576729329999999,0.4991874514,0.49918745140000004
357,0.4066774529999999,0.625905241,0.529885862,0.2904496569999999,0.867521287,0.5440878999999998,0.5440879
358,0.358316333,0.398067128,0.4664523279999999,0.241885259,0.87664813,0.4682738355999999,0.46827383559999997
359,0.546640303,0.429873348,0.557791736,0.293881671,0.8731240290000001,0.5402622174,0.5402622174
360,0.5313584060000001,0.564711753,0.545862225,0.316082006,0.871314015,0.565865681,0.565865681
361,0.450103259,0.259324728,0.462503955,0.251570464,0.743293331,0.4333591474,0.43335914740000003
362,0.6543096589999999,0.341958371,0.441705627,0.290757871,0.8596146809999999,0.5176692418,0.5176692418000001
363,0.8606607059999999,0.4513174029999999,0.524950799,0.289665082,0.920102045,0.609339207,0.609339207
364,0.3129682669999999,0.285748764,0.498330632,0.237176675,0.85562914,0.4379706955999999,0.43797069559999996
365,0.681976611,0.563850167,0.519436948,0.2924928739999999,0.89516856,0.5905850320000001,0.590585032
366,0.47981441,0.532779174,0.504853288,0.303812782,0.879865276,0.5402249859999999,0.540224986
367,0.433785797,0.547101525,0.469155589,0.302808864,0.914884381,0.5335472312,0.5335472312
368,0.481166858,0.380994837,0.445519538,0.2951201539999999,0.856296067,0.4918194907999999,0.4918194907999999
369,0.660411427,0.595880812,0.555300256,0.296142072,0.8874141870000001,0.5990297508,0.5990297508000001
370,0.4873434,0.2441418289999999,0.4568848339999999,0.242600425,0.875690381,0.4613321737999999,0.46133217379999997
371,0.495502685,0.666503224,0.498343329,0.292940555,0.8988985540000001,0.5704376694,0.5704376694
372,0.415541006,0.407976215,0.516339063,0.244498711,0.914124051,0.4996958092,0.49969580919999995
373,0.53079567,0.4722689579999999,0.526404025,0.293463457,0.8591562359999999,0.5364176692,0.5364176692
374,0.93993602,0.436073785,0.561928278,0.304101148,0.8449745390000001,0.6174027540000001,0.6174027540000001
375,0.652338042,0.42157761,0.597511702,0.303343261,0.897962604,0.5745466438,0.5745466438000001
376,0.810314891,0.614552379,0.342902287,0.287826491,0.888052623,0.5887297342,0.5887297342000001
377,0.313449096,0.358486835,0.326120541,0.298621881,0.874028789,0.4341414284,0.4341414284
378,0.140999175,0.623080606,0.516455112,0.299014005,0.885775043,0.4930647882,0.49306478820000005
379,0.805437262,0.440616379,0.5448898529999999,0.291082485,0.879268002,0.5922587962,0.5922587962
380,0.252460672,0.471912665,0.4440865579999999,0.24923222,0.873138684,0.4581661598,0.45816615980000003
381,0.518378326,0.433892481,0.432876431,0.251501501,0.833816063,0.4940929604,0.4940929604
382,0.4873434,0.2441418289999999,0.4568848339999999,0.242600425,0.875690381,0.4613321737999999,0.46133217379999997
383,0.445765158,0.326362327,0.5115651170000001,0.2465274419999999,0.8255813679999999,0.4711602823999999,0.4711602824
384,0.605464459,0.363661236,0.503901179,0.256589913,0.852250398,0.516373437,0.516373437
385,0.7294022440000001,0.496584001,0.482637394,0.303518643,0.8949818540000001,0.5814248272,0.5814248272000001
386,0.402326093,0.244894281,0.450632915,0.241304506,0.922618424,0.4523552438,0.45235524380000003
387,0.4109739289999999,0.290782781,0.433650583,0.237560739,0.915625281,0.4577186625999999,0.4577186626
388,0.66746179,0.472302998,0.420658065,0.295495375,0.868560537,0.5448957529999999,0.5448957529999999
389,0.7633829590000001,0.46864763,0.523410279,0.284748553,0.915560378,0.5911499598,0.5911499598
390,0.510522554,0.525648779,0.549175702,0.288096566,0.858205488,0.5463298178,0.5463298177999999
391,0.369800973,0.4722689579999999,0.4936093379999999,0.3001387219999999,0.817403095,0.4906442171999999,0.4906442171999999
392,0.346524036,0.529775644,0.526525238,0.293657488,0.802503058,0.4997970928,0.4997970928
393,0.77865742,0.435009839,0.662218065,0.294044125,0.892263687,0.6124386272000001,0.6124386272000001
394,0.40755259,0.290782781,0.433650583,0.239748503,0.902315983,0.454810088,0.45481008799999995
395,0.4873434,0.2441418289999999,0.4568848339999999,0.242600425,0.875690381,0.4613321737999999,0.46133217379999997
396,0.564683365,0.406039651,0.5888597529999999,0.2896402839999999,0.874644781,0.5447735668,0.5447735668
397,0.737757025,0.47983536,0.4427980139999999,0.302096763,0.906143378,0.573726108,0.5737261079999999
398,0.2063627999999999,0.449969819,0.482604806,0.248852989,0.8334214190000001,0.4442423666,0.4442423666
399,0.623199246,0.569644291,0.537072074,0.297218585,0.841878448,0.5738025288,0.5738025288
400,0.580679798,0.435593597,0.7730522209999999,0.287389225,0.822764678,0.5798959038,0.5798959037999999
401,0.553437675,0.4844525529999999,0.212413847,0.2893978439999999,0.903624968,0.4886653773999999,0.4886653773999999
402,0.63942161,0.7179376679999999,0.48554931,0.295232391,0.8829389670000001,0.6042159891999999,0.6042159892
403,0.746298288,0.382376735,0.512564155,0.305191604,0.8068432659999999,0.5506548095999999,0.5506548096
404,0.533772543,0.4844525529999999,0.551273844,0.290000426,0.8475852420000001,0.5414169216,0.5414169215999999
405,0.607737636,0.47983536,0.482860713,0.293883476,0.8623428590000001,0.5453320088,0.5453320088
406,0.6969645790000001,0.510145874,0.6393258470000001,0.311582538,0.885397663,0.6086833002,0.6086833002
407,0.4873434,0.2441418289999999,0.4568848339999999,0.242600425,0.875690381,0.4613321737999999,0.46133217379999997
408,0.4873434,0.2441418289999999,0.4568848339999999,0.242600425,0.875690381,0.4613321737999999,0.46133217379999997
409,0.3761158539999999,0.519601161,0.468806321,0.292303773,0.8805430009999999,0.507474022,0.5074740219999999
410,0.635953569,0.5488383139999999,0.7790986520000001,0.301836101,0.860940192,0.6253333656000001,0.6253333656000001
411,0.5768207089999999,0.569644291,0.522851009,0.303211401,0.898617291,0.5742289402,0.5742289401999999
412,0.6968083340000001,0.2883960339999999,0.513382153,0.300559702,0.8498310609999999,0.5297954568,0.5297954568
413,0.4873434,0.2441418289999999,0.4568848339999999,0.242600425,0.875690381,0.4613321737999999,0.46133217379999997
414,0.408822186,0.271092889,0.4364741789999999,0.2410217939999999,0.8567856890000001,0.4428393473999999,0.4428393474
415,0.694541905,0.496584001,0.58409555,0.297426316,0.90408013,0.5953455804,0.5953455804
416,0.4873434,0.2441418289999999,0.4568848339999999,0.242600425,0.875690381,0.4613321737999999,0.46133217379999997
417,0.712257117,0.459952821,0.5311012860000001,0.289614622,0.900997659,0.578784701,0.578784701
418,0.6837221090000001,0.516517963,0.52979885,0.3031470999999999,0.865477743,0.579732753,0.579732753
419,0.722927937,0.528886246,0.566208704,0.293938518,0.845876539,0.5915675888,0.5915675888000002
420,0.669651299,0.459952821,0.534097642,0.2997814139999999,0.8925220770000001,0.5712010506,0.5712010506
421,0.421447494,0.511650898,0.557602605,0.299156688,0.90873708,0.5397189530000001,0.5397189530000001
422,0.4873434,0.2441418289999999,0.4568848339999999,0.242600425,0.875690381,0.4613321737999999,0.46133217379999997
423,0.392559869,0.512137605,0.52830936,0.2926281289999999,0.7446256590000001,0.4940521244,0.4940521244
424,0.7905117620000001,0.53835457,0.499378524,0.293942657,0.8840660570000001,0.6012507140000001,0.601250714
425,0.4873434,0.2441418289999999,0.4568848339999999,0.242600425,0.875690381,0.4613321737999999,0.46133217379999997
426,0.4873434,0.2441418289999999,0.4568848339999999,0.242600425,0.875690381,0.4613321737999999,0.46133217379999997
427,0.4873434,0.2441418289999999,0.4568848339999999,0.242600425,0.875690381,0.4613321737999999,0.46133217379999997
428,0.4873434,0.2441418289999999,0.4568848339999999,0.242600425,0.875690381,0.4613321737999999,0.46133217379999997
429,0.557309583,0.536400502,0.562928671,0.296801528,0.881922215,0.5670724998,0.5670724998
430,0.4873434,0.2441418289999999,0.4568848339999999,0.242600425,0.875690381,0.4613321737999999,0.46133217379999997
431,0.669651299,0.459952821,0.534097642,0.2997814139999999,0.8925220770000001,0.5712010506,0.5712010506
432,0.639786921,0.384119318,0.497950052,0.304891013,0.86653469,0.5386563987999999,0.5386563988
433,0.403134101,0.264811818,0.493353056,0.239193915,0.919182955,0.463935169,0.463935169
434,0.4873434,0.2441418289999999,0.4568848339999999,0.242600425,0.875690381,0.4613321737999999,0.46133217379999997
435,0.4873434,0.2441418289999999,0.4568848339999999,0.242600425,0.875690381,0.4613321737999999,0.46133217379999997
436,0.4873434,0.2441418289999999,0.4568848339999999,0.242600425,0.875690381,0.4613321737999999,0.46133217379999997
437,0.703008601,0.444091405,0.550971322,0.3005261469999999,0.900018208,0.5797231366,0.5797231366000001
438,0.494228027,0.481963252,0.833314398,0.303330418,0.904132118,0.6033936426000001,0.6033936426000001
439,0.4873434,0.2441418289999999,0.4568848339999999,0.242600425,0.875690381,0.4613321737999999,0.46133217379999997
440,0.4873434,0.2441418289999999,0.4568848339999999,0.242600425,0.875690381,0.4613321737999999,0.46133217379999997
441,0.380853265,0.359555127,0.489356061,0.290103728,0.868125351,0.4775987064000001,0.4775987064000001
442,0.669651299,0.459952821,0.534097642,0.2997814139999999,0.8925220770000001,0.5712010506,0.5712010506
443,0.4873434,0.2441418289999999,0.4568848339999999,0.242600425,0.875690381,0.4613321737999999,0.46133217379999997
444,0.4873434,0.2441418289999999,0.4568848339999999,0.242600425,0.875690381,0.4613321737999999,0.46133217379999997
445,0.4873434,0.2441418289999999,0.4568848339999999,0.242600425,0.875690381,0.4613321737999999,0.46133217379999997
446,0.4873434,0.2441418289999999,0.4568848339999999,0.242600425,0.875690381,0.4613321737999999,0.46133217379999997
447,0.461625685,0.349104061,0.436308991,0.242696377,0.8041810090000001,0.4587832246,0.45878322459999993
448,0.4873434,0.2441418289999999,0.4568848339999999,0.242600425,0.875690381,0.4613321737999999,0.46133217379999997
449,0.21493446,0.344691545,0.503126115,0.250675788,0.812926125,0.4252708066,0.4252708066
450,0.4873434,0.2441418289999999,0.4568848339999999,0.242600425,0.875690381,0.4613321737999999,0.46133217379999997
451,0.673227881,0.4753651929999999,0.4850427989999999,0.3003722339999999,0.814172817,0.5496361848,0.5496361847999999
452,0.632567801,0.513361614,0.470521445,0.299245193,0.846627803,0.5524647711999999,0.5524647711999999
453,0.4873434,0.2441418289999999,0.4568848339999999,0.242600425,0.875690381,0.4613321737999999,0.46133217379999997
454,0.4978044129999999,0.436345385,0.555761674,0.2962346289999999,0.852600461,0.5277493123999999,0.5277493124
455,0.5984338889999999,0.507939761,0.544820069,0.289471608,0.8783676090000001,0.5638065872,0.5638065872000001
456,0.411858126,0.4890175989999999,0.538737603,0.298134145,0.848789722,0.517307439,0.517307439
457,0.6517765,0.638721121,0.49937387,0.296003381,0.859539363,0.589082847,0.5890828469999999
458,0.440798024,0.478596866,0.505661995,0.283559205,0.918867895,0.525496797,0.5254967970000001
459,0.306376008,0.467398272,0.632726786,0.307405292,0.720435446,0.4868683607999999,0.48686836079999996
460,0.4873434,0.2441418289999999,0.4568848339999999,0.242600425,0.875690381,0.4613321737999999,0.46133217379999997
461,0.793584162,0.469933925,0.57314029,0.300626796,0.868057106,0.6010684557999999,0.6010684558
462,0.140442518,0.195280094,0.558594479,0.254227001,0.8914299440000001,0.4079948072,0.4079948072000001
463,0.4873434,0.2441418289999999,0.4568848339999999,0.242600425,0.875690381,0.4613321737999999,0.46133217379999997
464,0.261094204,0.236964339,0.560623704,0.262889834,0.840168,0.4323480161999999,0.4323480161999999
465,0.4873434,0.2441418289999999,0.4568848339999999,0.242600425,0.875690381,0.4613321737999999,0.46133217379999997
466,0.4873434,0.2441418289999999,0.4568848339999999,0.242600425,0.875690381,0.4613321737999999,0.46133217379999997
467,0.4873434,0.2441418289999999,0.4568848339999999,0.242600425,0.875690381,0.4613321737999999,0.46133217379999997
468,0.332386596,0.311678416,0.540454115,0.234614627,0.848754407,0.4535776322,0.4535776322
469,0.4873434,0.2441418289999999,0.4568848339999999,0.242600425,0.875690381,0.4613321737999999,0.46133217379999997
470,0.3366495579999999,0.4527619029999999,0.481866805,0.237889209,0.807271031,0.4632877011999999,0.4632877012
471,0.648314493,0.459952821,0.463082537,0.294670427,0.7802614040000001,0.5292563364,0.5292563364
472,0.4873434,0.2441418289999999,0.4568848339999999,0.242600425,0.875690381,0.4613321737999999,0.46133217379999997
473,0.4873434,0.2441418289999999,0.4568848339999999,0.242600425,0.875690381,0.4613321737999999,0.46133217379999997
474,0.175680808,0.43673661,0.556137233,0.237425836,0.850986523,0.451393402,0.45139340199999994
475,0.7784220070000001,0.459952821,0.439191356,0.29892282,0.831415604,0.5615809216000001,0.5615809216000001
476,0.4873434,0.2441418289999999,0.4568848339999999,0.242600425,0.875690381,0.4613321737999999,0.46133217379999997
477,0.4873434,0.2441418289999999,0.4568848339999999,0.242600425,0.875690381,0.4613321737999999,0.46133217379999997
478,0.2826218769999999,0.440354926,0.41577203,0.251477961,0.841183468,0.4462820523999999,0.44628205239999996
479,0.617948928,0.5427849029999999,0.527706225,0.28666484,0.912310171,0.5774830134,0.5774830134000001
480,0.611456136,0.430649036,0.701366768,0.292359543,0.911933301,0.5895529568,0.5895529568
481,0.669651299,0.459952821,0.534097642,0.2997814139999999,0.8925220770000001,0.5712010506,0.5712010506
482,0.4873434,0.2441418289999999,0.4568848339999999,0.242600425,0.875690381,0.4613321737999999,0.46133217379999997
483,0.830378183,0.434840361,0.547908815,0.288708407,0.841467567,0.5886606666,0.5886606666
484,0.4873434,0.2441418289999999,0.4568848339999999,0.242600425,0.875690381,0.4613321737999999,0.46133217379999997
485,0.4873434,0.2441418289999999,0.4568848339999999,0.242600425,0.875690381,0.4613321737999999,0.46133217379999997
486,0.651969881,0.4039851989999999,0.552512666,0.297859635,0.74927593,0.5311206622,0.5311206622000001
487,0.4873434,0.2441418289999999,0.4568848339999999,0.242600425,0.875690381,0.4613321737999999,0.46133217379999997
488,0.660437433,0.364932075,0.4886164329999999,0.283915949,0.84953956,0.52948829,0.5294882900000001
489,0.3188354969999999,0.5265398960000001,0.468482451,0.249484912,0.863755643,0.4854196798,0.48541967980000006
490,0.669651299,0.459952821,0.534097642,0.2997814139999999,0.8925220770000001,0.5712010506,0.5712010506
491,0.479401802,0.550809765,0.494443956,0.310301504,0.884010417,0.5437934888000001,0.5437934888000001
492,0.436412498,0.520365262,0.496549189,0.301615176,0.853265952,0.5216416154,0.5216416154
493,0.323960721,0.432951476,0.6090065920000001,0.287557741,0.867942285,0.5042837630000001,0.5042837630000001
494,0.4873434,0.2441418289999999,0.4568848339999999,0.242600425,0.875690381,0.4613321737999999,0.46133217379999997
495,0.662580373,0.50295609,0.598166404,0.31178428,0.8370806270000001,0.5825135548,0.5825135548000001
496,0.4873434,0.2441418289999999,0.4568848339999999,0.242600425,0.875690381,0.4613321737999999,0.46133217379999997
497,0.4873434,0.2441418289999999,0.4568848339999999,0.242600425,0.875690381,0.4613321737999999,0.46133217379999997
498,0.4873434,0.2441418289999999,0.4568848339999999,0.242600425,0.875690381,0.4613321737999999,0.46133217379999997
499,0.504684052,0.35250078,0.5674847679999999,0.296255187,0.853724388,0.514929835,0.5149298349999999
500,0.4873434,0.2441418289999999,0.4568848339999999,0.242600425,0.875690381,0.4613321737999999,0.46133217379999997
501,0.4873434,0.2441418289999999,0.4568848339999999,0.242600425,0.875690381,0.4613321737999999,0.46133217379999997
502,0.2717466839999999,0.2841754,0.52012205,0.244690895,0.85169569,0.4344861437999999,0.4344861438
503,0.4873434,0.2441418289999999,0.4568848339999999,0.242600425,0.875690381,0.4613321737999999,0.46133217379999997
504,0.407476238,0.254785708,0.551101565,0.2326627819999999,0.832155221,0.4556363027999999,0.4556363027999999
505,0.536289211,0.4890175989999999,0.477262733,0.2928160939999999,0.819463598,0.5229698469999999,0.522969847
506,0.4873434,0.2441418289999999,0.4568848339999999,0.242600425,0.875690381,0.4613321737999999,0.46133217379999997
507,0.38994432,0.626318073,0.4316031729999999,0.283554082,0.911546123,0.5285931542,0.5285931541999999
508,0.669651299,0.459952821,0.534097642,0.2997814139999999,0.8925220770000001,0.5712010506,0.5712010506
509,0.73314135,0.44601433,0.494178272,0.296855072,0.905710949,0.5751799946,0.5751799946
510,0.721953611,0.46864763,0.250758642,0.291795761,0.881563125,0.5229437538,0.5229437538
511,0.73724496,0.499718623,0.568119587,0.304346137,0.878626342,0.5976111298,0.5976111298000001
512,0.15538054,0.426188745,0.4407199189999999,0.244965524,0.87853954,0.4291588536,0.4291588536
513,0.604600294,0.4585709229999999,0.489347151,0.290583855,0.8634475070000001,0.5413099459999999,0.541309946
514,0.568679494,0.470827669,0.694181686,0.298900965,0.849663517,0.5764506662000001,0.5764506662000001
515,0.4873434,0.2441418289999999,0.4568848339999999,0.242600425,0.875690381,0.4613321737999999,0.46133217379999997
516,0.748353681,0.45424923,0.601524725,0.2963076189999999,0.83906639,0.587900329,0.587900329
517,0.756692136,0.392715627,0.5212723220000001,0.284548173,0.856754098,0.5623964712,0.5623964712
518,0.399397176,0.618803818,0.526672979,0.297492963,0.849821928,0.5384377727999999,0.5384377727999999
519,0.4873434,0.2441418289999999,0.4568848339999999,0.242600425,0.875690381,0.4613321737999999,0.46133217379999997
520,0.138089329,0.165223177,0.505825026,0.2490256569999999,0.81113276,0.3738591898,0.37385918980000005
521,0.4873434,0.2441418289999999,0.4568848339999999,0.242600425,0.875690381,0.4613321737999999,0.46133217379999997
522,0.557189715,0.44827766,0.5165808820000001,0.288842553,0.897249911,0.5416281442,0.5416281442
523,0.602533877,0.434568761,0.5768796110000001,0.2941090719999999,0.903633175,0.5623448992,0.5623448992000001
524,0.4873434,0.2441418289999999,0.4568848339999999,0.242600425,0.875690381,0.4613321737999999,0.46133217379999997
525,0.524565955,0.391694412,0.6979279740000001,0.287166993,0.868033122,0.5538776912000001,0.5538776912
526,0.4873434,0.2441418289999999,0.4568848339999999,0.242600425,0.875690381,0.4613321737999999,0.46133217379999997
527,0.773540153,0.53958727,0.55725507,0.29778904,0.889415145,0.6115173356000001,0.6115173356
528,0.7290186809999999,0.50295609,0.4271110429999999,0.293042352,0.752586394,0.540942912,0.5409429120000001
529,0.634958193,0.496584001,0.455131707,0.295102388,0.885222862,0.5533998302,0.5533998302
530,0.669651299,0.459952821,0.534097642,0.2997814139999999,0.8925220770000001,0.5712010506,0.5712010506
531,0.4873434,0.2441418289999999,0.4568848339999999,0.242600425,0.875690381,0.4613321737999999,0.46133217379999997
532,0.7246686940000001,0.619980749,0.479210422,0.294835256,0.855326211,0.5948042664,0.5948042664000001
533,0.669651299,0.459952821,0.534097642,0.2997814139999999,0.8925220770000001,0.5712010506,0.5712010506
534,0.692875125,0.535404636,0.544958435,0.294522361,0.8945785620000001,0.5924678238,0.5924678238
535,0.7669425790000001,0.39305241,0.40978557,0.294768708,0.907360117,0.5543818768000001,0.5543818768000001
536,0.6779192270000001,0.323417172,0.495075146,0.2901687069999999,0.909408697,0.5391977898,0.5391977897999999
537,0.872899295,0.383158218,0.4754682839999999,0.305097327,0.912396421,0.589803909,0.589803909
538,0.669651299,0.459952821,0.534097642,0.2997814139999999,0.8925220770000001,0.5712010506,0.5712010506
539,0.723790031,0.387236557,0.550535742,0.290267767,0.8803410309999999,0.5664342255999999,0.5664342256
540,0.4873434,0.2441418289999999,0.4568848339999999,0.242600425,0.875690381,0.4613321737999999,0.46133217379999997
541,0.803770478,0.577577172,0.528406629,0.2948186869999999,0.87469217,0.6158530271999999,0.6158530271999999
542,0.645537633,0.459952821,0.602753684,0.295458065,0.880607673,0.5768619752,0.5768619752
543,0.37211822,0.438353049,0.56816613,0.298675924,0.848652964,0.5051932574,0.5051932574000001
544,0.4873434,0.2441418289999999,0.4568848339999999,0.242600425,0.875690381,0.4613321737999999,0.46133217379999997
545,0.597547741,0.5757824420000001,0.546548899,0.2877001369999999,0.861533683,0.5738225804000001,0.5738225804
546,0.724534699,0.4836196479999999,0.442940616,0.300055112,0.799810458,0.5501921066,0.5501921066
547,0.4873434,0.2441418289999999,0.4568848339999999,0.242600425,0.875690381,0.4613321737999999,0.46133217379999997
548,0.693252677,0.528886246,0.439341236,0.295883542,0.868777452,0.5652282306,0.5652282305999999
549,0.669651299,0.459952821,0.534097642,0.2997814139999999,0.8925220770000001,0.5712010506,0.5712010506
550,0.669651299,0.459952821,0.534097642,0.2997814139999999,0.8925220770000001,0.5712010506,0.5712010506
551,0.763236281,0.438887557,0.484813355,0.293916658,0.821009228,0.5603726158,0.5603726158
552,0.4873434,0.2441418289999999,0.4568848339999999,0.242600425,0.875690381,0.4613321737999999,0.46133217379999997
553,0.4873434,0.2441418289999999,0.4568848339999999,0.242600425,0.875690381,0.4613321737999999,0.46133217379999997
554,0.53770898,0.632112197,0.539208744,0.295950134,0.889140013,0.5788240136,0.5788240135999999
555,0.4873434,0.2441418289999999,0.4568848339999999,0.242600425,0.875690381,0.4613321737999999,0.46133217379999997
556,0.744115713,0.449251797,0.765475982,0.284838472,0.8451278170000001,0.6177619562000001,0.6177619562
557,0.4873434,0.2441418289999999,0.4568848339999999,0.242600425,0.875690381,0.4613321737999999,0.46133217379999997
558,0.61151163,0.535913795,0.446322547,0.306990141,0.8919853109999999,0.5585446848,0.5585446848000001
559,0.669651299,0.459952821,0.534097642,0.2997814139999999,0.8925220770000001,0.5712010506,0.5712010506
560,0.436870473,0.6456233720000001,0.543890764,0.289349167,0.808385644,0.544823884,0.544823884
561,0.099722498,0.193349841,0.592516557,0.2434680189999999,0.815775855,0.3889665539999999,0.38896655399999996
562,0.669651299,0.459952821,0.534097642,0.2997814139999999,0.8925220770000001,0.5712010506,0.5712010506
563,0.6086343479999999,0.4288818279999999,0.48868898,0.292611556,0.860144609,0.5357922642,0.5357922642
564,0.6803792190000001,0.475506425,0.609527998,0.2895833989999999,0.8183006270000001,0.5746595336,0.5746595336000001
565,0.4873434,0.2441418289999999,0.4568848339999999,0.242600425,0.875690381,0.4613321737999999,0.46133217379999997
566,0.627270408,0.508563354,0.4096037429999999,0.297566706,0.7952148840000001,0.5276438189999999,0.527643819
567,0.723222873,0.40892976,0.483869002,0.293181659,0.774801093,0.5368008773999999,0.5368008774
568,0.4873434,0.2441418289999999,0.4568848339999999,0.242600425,0.875690381,0.4613321737999999,0.46133217379999997
569,0.525155395,0.539169369,0.570854458,0.292060369,0.855175327,0.5564829836,0.5564829836
570,0.197305614,0.345975763,0.440644141,0.2657868539999999,0.849954764,0.4199334272,0.4199334272
571,0.4873434,0.2441418289999999,0.4568848339999999,0.242600425,0.875690381,0.4613321737999999,0.46133217379999997
572,0.640023797,0.4649364929999999,0.481628756,0.293581352,0.843652275,0.5447645346,0.5447645346
573,0.506471671,0.213676146,0.401471392,0.237659103,0.8916507370000001,0.4501858097999999,0.45018580979999995
574,0.331816673,0.24892158,0.564513199,0.263103983,0.884661245,0.458603336,0.458603336
575,0.65999599,0.559539338,0.658227162,0.296782597,0.8063281959999999,0.5961746566,0.5961746566
576,0.76549095,0.487569792,0.501145605,0.284502391,0.869717672,0.581685282,0.581685282
577,0.155672666,0.431324726,0.627114435,0.237592401,0.78379824,0.4471004936,0.4471004936
578,0.569752979,0.528886246,0.577287333,0.30617455,0.803088852,0.5570379919999999,0.557037992
579,0.693121885,0.446372842,0.4820363279999999,0.290502178,0.8345801279999999,0.5493226722,0.5493226721999999
580,0.7478623940000001,0.434071191,0.513984601,0.290624072,0.870479125,0.5714042766,0.5714042766
581,0.669651299,0.459952821,0.534097642,0.2997814139999999,0.8925220770000001,0.5712010506,0.5712010506
582,0.674350287,0.463995672,0.4883892729999999,0.298849451,0.874933414,0.5601036194,0.5601036194
583,0.4873434,0.2441418289999999,0.4568848339999999,0.242600425,0.875690381,0.4613321737999999,0.46133217379999997
584,0.4873434,0.2441418289999999,0.4568848339999999,0.242600425,0.875690381,0.4613321737999999,0.46133217379999997
585,0.7385033209999999,0.459952821,0.5538481279999999,0.301060797,0.888163757,0.5883057648,0.5883057648
586,0.258245963,0.274266215,0.555170021,0.259650445,0.8768896190000001,0.4448444526,0.4448444526
587,0.4873434,0.2441418289999999,0.4568848339999999,0.242600425,0.875690381,0.4613321737999999,0.46133217379999997
588,0.779357581,0.508516277,0.56632086,0.290763896,0.820880527,0.5931678282,0.5931678282
589,0.4873434,0.2441418289999999,0.4568848339999999,0.242600425,0.875690381,0.4613321737999999,0.46133217379999997
590,0.4873434,0.2441418289999999,0.4568848339999999,0.242600425,0.875690381,0.4613321737999999,0.46133217379999997
591,0.4873434,0.2441418289999999,0.4568848339999999,0.242600425,0.875690381,0.4613321737999999,0.46133217379999997
592,0.495308382,0.36018884,0.413766408,0.236492459,0.8331608429999999,0.4677833864,0.4677833864
593,0.4873434,0.2441418289999999,0.4568848339999999,0.242600425,0.875690381,0.4613321737999999,0.46133217379999997
594,0.720812162,0.3789466139999999,0.555717436,0.296201312,0.893504318,0.5690363683999999,0.5690363683999999
595,0.289667885,0.139153855,0.585173631,0.252512923,0.8271263809999999,0.418726935,0.418726935
596,0.4873434,0.2441418289999999,0.4568848339999999,0.242600425,0.875690381,0.4613321737999999,0.46133217379999997
597,0.4718752579999999,0.4722689579999999,0.508293318,0.293654241,0.848085674,0.5188354898,0.5188354897999999
598,0.674386569,0.450084703,0.3827056679999999,0.309531235,0.694957025,0.50233304,0.50233304
599,0.3499719779999999,0.307945264,0.406445038,0.234943818,0.886747127,0.437210645,0.437210645
600,0.632167637,0.46786832,0.511504964,0.297303459,0.85694528,0.5531579320000001,0.5531579320000001
601,0.552824811,0.4039851989999999,0.547812058,0.284287396,0.7856567459999999,0.5149132419999999,0.5149132419999999
602,0.379610437,0.34173524,0.451924503,0.2498751739999999,0.8746533759999999,0.4595597459999999,0.4595597459999999
603,0.694071137,0.477364166,0.749400165,0.296436605,0.776445862,0.5987435870000001,0.5987435870000001
604,0.7269328829999999,0.5590866720000001,0.506312756,0.289037318,0.84962559,0.5861990438,0.5861990438000001
605,0.57788607,0.471885097,0.645564335,0.301323643,0.8293007,0.565191969,0.5651919689999999
606,0.4873434,0.2441418289999999,0.4568848339999999,0.242600425,0.875690381,0.4613321737999999,0.46133217379999997
607,0.577536311,0.423998105,0.7570487770000001,0.296607258,0.851247705,0.5812876312,0.5812876312
608,0.4873434,0.2441418289999999,0.4568848339999999,0.242600425,0.875690381,0.4613321737999999,0.46133217379999997
609,0.674879065,0.492255066,0.48172567,0.3001862919999999,0.738909626,0.5375911438,0.5375911438
610,0.727655327,0.449251797,0.51039102,0.296010916,0.8867334370000001,0.5740084994,0.5740084994
611,0.715435762,0.466871006,0.6100094779999999,0.278393517,0.827807871,0.5797035268,0.5797035268
612,0.7239893359999999,0.4655130079999999,0.736711638,0.281058304,0.858582139,0.6131708849999999,0.613170885
613,0.684051192,0.4787721379999999,0.551864535,0.291278157,0.8906296229999999,0.5793191289999999,0.5793191289999999
614,0.386783312,0.3776793189999999,0.489925557,0.265504207,0.819192224,0.4678169237999999,0.4678169238
615,0.7192441340000001,0.548282078,0.604639398,0.286828929,0.913444365,0.6144877808,0.6144877808000001
616,0.669651299,0.459952821,0.534097642,0.2997814139999999,0.8925220770000001,0.5712010506,0.5712010506
617,0.464907119,0.270109895,0.443441424,0.235305028,0.845068003,0.4517662937999999,0.45176629379999994
618,0.669651299,0.459952821,0.534097642,0.2997814139999999,0.8925220770000001,0.5712010506,0.5712010506
619,0.4873434,0.2441418289999999,0.4568848339999999,0.242600425,0.875690381,0.4613321737999999,0.46133217379999997
620,0.4873434,0.2441418289999999,0.4568848339999999,0.242600425,0.875690381,0.4613321737999999,0.46133217379999997
621,0.523509708,0.48981067,0.440983605,0.301490767,0.697558052,0.4906705604,0.49067056039999996
622,0.594023448,0.411437892,0.70424595,0.290002801,0.842489127,0.5684398436,0.5684398436000001
623,0.248413635,0.482969981,0.631617109,0.30111456,0.8781602190000001,0.5084551008,0.5084551008
624,0.5070935679999999,0.6040302479999999,0.4355780729999999,0.298419274,0.900295147,0.5490832619999999,0.5490832619999999
625,0.626869401,0.30163923,0.590454445,0.291030487,0.8600464109999999,0.5340079947999999,0.5340079947999999
626,0.204185663,0.4168513679999999,0.427677127,0.258268457,0.834154524,0.4282274278,0.4282274278
627,0.669651299,0.459952821,0.534097642,0.2997814139999999,0.8925220770000001,0.5712010506,0.5712010506
628,0.4873434,0.2441418289999999,0.4568848339999999,0.242600425,0.875690381,0.4613321737999999,0.46133217379999997
629,0.408997545,0.380705488,0.334124614,0.243948462,0.890088397,0.4515729011999999,0.4515729012
630,0.669651299,0.459952821,0.534097642,0.2997814139999999,0.8925220770000001,0.5712010506,0.5712010506
