,Role_Operator,Self_Esteem_Cont_SEDiscrepancyAppearance,Personal_Values_Facet_Cont_ConformityInterpersonal,Character_Facet_Cont_Modesty,Self_Esteem_Cont_SEDiscrepancyOriginality,Character_Facet_Cont_Imagination,Mean,Mean_RoleOperator
0,0.608209633,0.606056844,0.545424599,0.461667062,0.55640687,0.707489563,0.5808757618333332,0.5808757618333332
1,0.518500655,0.619993802,0.627667937,0.60686589,0.559898855,0.334937271,0.5446440683333333,0.5446440683333333
2,0.476385016,0.5278866010000001,0.6202561129999999,0.6382983010000001,0.63985732,0.5711055420000001,0.5789648155000001,0.5789648155000001
3,0.353374353,0.473965441,0.5169482670000001,0.706056205,0.574750688,0.47236588,0.5162434723333333,0.5162434723333333
4,0.549475329,0.406912421,0.353078371,0.384002807,0.42695681,0.551450391,0.4453126881666667,0.4453126881666667
5,0.442394215,0.61122259,0.581306265,0.649252324,0.500962651,0.5441163370000001,0.5548757303333334,0.5548757303333334
6,0.532552583,0.412992235,0.476767309,0.554509171,0.5560032460000001,0.660994557,0.5323031834999999,0.5323031834999999
7,0.258820066,0.667383896,0.623864827,0.669129648,0.54343393,0.519669744,0.5470503518333333,0.5470503518333333
8,0.696637232,0.3266621289999999,0.3426247089999999,0.450260046,0.456853892,0.3533978579999999,0.4377393109999999,0.43773931099999996
9,0.714987533,0.474618208,0.499477342,0.620583673,0.586408102,0.433483426,0.5549263806666667,0.5549263806666667
10,0.592640045,0.5127087610000001,0.567308201,0.555866478,0.5969711289999999,0.672565593,0.5830100345,0.5830100345
11,0.544223362,0.289678381,0.708187453,0.63022161,0.5106412,0.40788671,0.515139786,0.515139786
12,0.33190578,0.54761439,0.620094359,0.700567687,0.508918413,0.639560824,0.5581102421666667,0.5581102421666667
13,0.515721709,0.520918125,0.4807458289999999,0.542598971,0.676618941,0.4124126379999999,0.5248360355,0.5248360355
14,0.397307265,0.533500547,0.615076795,0.6734142940000001,0.527602569,0.543460065,0.5483935891666667,0.5483935891666667
15,0.228440073,0.508190974,0.759775602,0.5547352,0.742662684,0.5615249529999999,0.559221581,0.559221581
16,0.3285702219999999,0.466642786,0.7182255359999999,0.655482997,0.6111050170000001,0.548782655,0.5548015355000001,0.5548015355000001
17,0.346832561,0.472035319,0.620093989,0.644350278,0.602877125,0.6814798440000001,0.561278186,0.561278186
18,0.823444293,0.498305848,0.579495639,0.504235574,0.529121435,0.37090381,0.5509177665,0.5509177665
19,0.349909463,0.531793786,0.458297816,0.571682571,0.591425863,0.614510566,0.5196033441666666,0.5196033441666666
20,0.706334076,0.455149569,0.5428591460000001,0.551429245,0.577999181,0.394017696,0.5379648188333334,0.5379648188333334
21,0.163591027,0.5270929360000001,0.504950522,0.737856293,0.718163945,0.715938599,0.5612655536666667,0.5612655536666667
22,0.345618446,0.6321172110000001,0.72714974,0.665034134,0.651994847,0.457559635,0.5799123355,0.5799123355000001
23,0.345732972,0.454162772,0.505102032,0.686874364,0.538532776,0.6718684779999999,0.5337122323333333,0.5337122323333333
24,0.766901235,0.462635771,0.466396817,0.594369055,0.534338316,0.563075203,0.5646193995,0.5646193995
25,0.164919116,0.547213255,0.657087642,0.686159702,0.66460987,0.6378385010000001,0.5596380143333334,0.5596380143333334
26,0.618193373,0.435547921,0.448498802,0.62526105,0.474616272,0.4938661139999999,0.5159972553333333,0.5159972553333333
27,0.593802332,0.399488237,0.49706105,0.536202643,0.513470306,0.331775897,0.4786334108333334,0.4786334108333334
28,0.287423908,0.731654602,0.4734705389999999,0.628692418,0.470236563,0.512289221,0.5172945418333333,0.5172945418333333
29,0.472618924,0.492383413,0.581093509,0.617120995,0.504674731,0.5644349820000001,0.5387210923333333,0.5387210923333333
30,0.374280465,0.423013226,0.518487612,0.551189139,0.5870309979999999,0.536318222,0.4983866103333333,0.4983866103333333
31,0.2231882339999999,0.477640691,0.5896287379999999,0.704131636,0.610595213,0.4888635079999999,0.51567467,0.51567467
32,0.398226578,0.609106956,0.581306265,0.637734541,0.516678691,0.5828197279999999,0.5543121265000001,0.5543121265000001
33,0.714987533,0.474618208,0.499477342,0.620583673,0.586408102,0.433483426,0.5549263806666667,0.5549263806666667
34,0.449871881,0.4428970229999999,0.58737401,0.5685764,0.525732114,0.4369810879999999,0.5019054193333333,0.5019054193333333
35,0.740798415,0.543483012,0.662156121,0.469534589,0.460304167,0.383416608,0.543282152,0.543282152
36,0.675604636,0.441677489,0.450360282,0.5737868389999999,0.602660175,0.319779765,0.5106448643333333,0.5106448643333333
37,0.519239381,0.50006266,0.466533672,0.547658932,0.482549219,0.496894456,0.5021563866666667,0.5021563866666667
38,0.186530545,0.439371093,0.552757821,0.888006651,0.69252254,0.468378681,0.5379278885,0.5379278885
39,0.680513162,0.4603861529999999,0.545914858,0.585535378,0.4137567239999999,0.443235019,0.5215568823333333,0.5215568823333333
40,0.716952702,0.444625166,0.530990736,0.477819565,0.5515704029999999,0.4858398929999999,0.5346330775,0.5346330775
41,0.6860826320000001,0.4308114329999999,0.581849264,0.603091687,0.505771689,0.643129641,0.5751227243333333,0.5751227243333333
42,0.329371739,0.513194716,0.629043159,0.754429495,0.738787467,0.6254976870000001,0.5983873771666667,0.5983873771666667
43,0.383053841,0.510729309,0.611282732,0.613889395,0.5454485370000001,0.48818556,0.5254315623333333,0.5254315623333333
44,0.518063765,0.547755126,0.659512549,0.530948173,0.517092863,0.532061297,0.5509056288333333,0.5509056288333333
45,0.3669285229999999,0.513762696,0.629545704,0.50024862,0.511442824,0.542229084,0.5106929084999999,0.5106929084999999
46,0.6904418170000001,0.417585389,0.481227434,0.523917166,0.474465194,0.468550826,0.5093646376666666,0.5093646376666666
47,0.7917624940000001,0.446734223,0.4611726679999999,0.618815667,0.470150526,0.4578505029999999,0.5410810134999999,0.5410810134999999
48,0.674056777,0.467618501,0.509666826,0.454388446,0.5232077039999999,0.50253771,0.5219126606666666,0.5219126606666666
49,0.143435752,0.525106338,0.604570423,0.732813906,0.714032771,0.626465472,0.5577374436666667,0.5577374436666667
50,0.7433063390000001,0.454381243,0.49500567,0.519858531,0.570135425,0.483795142,0.5444137250000001,0.5444137250000001
51,0.293451344,0.468960481,0.668087816,0.758811531,0.6111050170000001,0.573797743,0.5623689886666666,0.5623689886666666
52,0.757245742,0.5145610660000001,0.376398847,0.5989577110000001,0.4566685729999999,0.54639066,0.5417037665000001,0.5417037665000001
53,0.707381301,0.47165221,0.528649892,0.51246384,0.595760959,0.4021432729999999,0.5363419125000001,0.5363419125000001
54,0.6272502670000001,0.495082189,0.549612623,0.328723371,0.535973999,0.512412245,0.5081757823333334,0.5081757823333334
55,0.742137072,0.478095516,0.497000184,0.580561349,0.516509732,0.475233399,0.5482562086666667,0.5482562086666667
56,0.648423592,0.4453996079999999,0.4761203679999999,0.541774408,0.486860406,0.566073136,0.5274419196666665,0.5274419196666665
57,0.608879524,0.496016754,0.542983532,0.511946459,0.540611372,0.4959203789999999,0.5327263366666666,0.5327263366666666
58,0.432475481,0.450407152,0.535058429,0.6363395470000001,0.6823327809999999,0.543943753,0.5467595238333334,0.5467595238333334
59,0.7575364929999999,0.464698668,0.530869348,0.491365767,0.651799695,0.512646128,0.5681526831666667,0.5681526831666667
60,0.6403618179999999,0.475934187,0.599802485,0.322580938,0.538125636,0.380016022,0.4928035143333333,0.4928035143333333
61,0.688889525,0.6005965520000001,0.402665674,0.4886208039999999,0.481687825,0.636638913,0.5498498821666666,0.5498498821666666
62,0.669414802,0.517666541,0.536792751,0.55912259,0.51046858,0.439376189,0.5388069088333333,0.5388069088333333
63,0.707723287,0.5298983279999999,0.5813978479999999,0.536748235,0.498370735,0.521057059,0.5625325819999999,0.5625325819999999
64,0.38698325,0.475277688,0.639975128,0.666178798,0.52331318,0.550211251,0.5403232158333333,0.5403232158333333
65,0.200405616,0.444318671,0.571185895,0.7913211529999999,0.683683587,0.6241116760000001,0.5525044330000001,0.5525044330000001
66,0.558400214,0.5518379170000001,0.538536165,0.61371649,0.5076428470000001,0.5496996160000001,0.5533055415,0.5533055415
67,0.506205968,0.5731756929999999,0.512722719,0.592020399,0.678546868,0.522380195,0.5641753070000001,0.5641753070000001
68,0.4832517289999999,0.559000252,0.6623038729999999,0.612811882,0.55598637,0.528761196,0.567019217,0.567019217
69,0.377277309,0.5745868479999999,0.581306265,0.645779868,0.54027033,0.549576276,0.5447994826666666,0.5447994826666666
70,0.327108317,0.486171298,0.4802666889999999,0.5981289989999999,0.505628241,0.776083153,0.5288977828333333,0.5288977828333333
71,0.219102932,0.4909534789999999,0.688359697,0.768818155,0.615278381,0.632219461,0.5691220175,0.5691220175
72,0.588650694,0.4812352589999999,0.60499035,0.543153533,0.529617176,0.5192687810000001,0.5444859655,0.5444859655
73,0.133378314,0.5385428529999999,0.559881865,0.697981084,0.7668471020000001,0.616580486,0.5522019506666668,0.5522019506666668
74,0.133378314,0.5385428529999999,0.559881865,0.697981084,0.7668471020000001,0.616580486,0.5522019506666668,0.5522019506666668
75,0.4227463589999999,0.447770292,0.3213702969999999,0.666497333,0.5967032179999999,0.582087007,0.506195751,0.506195751
76,0.338038937,0.5277909239999999,0.689653923,0.671053711,0.527602569,0.54873332,0.5504788973333333,0.5504788973333333
77,0.359753208,0.457884172,0.5427720629999999,0.579701252,0.4184722179999999,0.553436359,0.4853365453333333,0.4853365453333333
78,0.525124034,0.40137222,0.530933681,0.4935399829999999,0.528037134,0.670482604,0.5249149426666666,0.5249149426666666
79,0.582009474,0.471529573,0.6190428920000001,0.483781512,0.630276476,0.7037010090000001,0.5817234893333334,0.5817234893333334
80,0.256948053,0.557585888,0.653152816,0.635437212,0.495726784,0.505152187,0.5173338233333333,0.5173338233333333
81,0.635011155,0.581404265,0.508352957,0.557622403,0.662718319,0.5828275820000001,0.5879894468333334,0.5879894468333334
82,0.7707144509999999,0.508068536,0.56664579,0.5406326,0.5431603939999999,0.372626692,0.5503080771666666,0.5503080771666666
83,0.4280801429999999,0.497854332,0.467129955,0.5601619520000001,0.55082082,0.462406848,0.4944090083333333,0.4944090083333333
84,0.603357675,0.481735829,0.642063974,0.560925136,0.516678691,0.731774811,0.5894226860000001,0.589422686
85,0.4395108689999999,0.542591397,0.622567639,0.61401788,0.500962651,0.551210367,0.5451434671666667,0.5451434671666667
86,0.313168114,0.4351012529999999,0.634076264,0.620162345,0.551211084,0.575685226,0.521567381,0.521567381
87,0.3390632779999999,0.52842776,0.692165916,0.645513944,0.661709258,0.475281746,0.5570269836666666,0.5570269836666666
88,0.359064931,0.4572399889999999,0.584311369,0.6834442559999999,0.552101308,0.51213065,0.5247154171666667,0.5247154171666667
89,0.476241244,0.485334748,0.526896409,0.65130976,0.589193975,0.5752302570000001,0.5507010655000001,0.5507010655000001
90,0.7646666059999999,0.631407805,0.621889355,0.53298688,0.458553252,0.297626886,0.551188464,0.551188464
91,0.196705643,0.547603141,0.589139674,0.728421712,0.610746396,0.515149333,0.5312943165,0.5312943165
92,0.520885273,0.442633039,0.6235477229999999,0.629976078,0.4988601479999999,0.473020813,0.531487179,0.531487179
93,0.329542887,0.474183231,0.5796479999999999,0.755974583,0.606710151,0.4438639379999999,0.5316537983333333,0.5316537983333333
94,0.64980081,0.360073711,0.547967933,0.476243321,0.501426749,0.477551851,0.5021773958333332,0.5021773958333332
95,0.660306571,0.6359332639999999,0.515304313,0.525492532,0.45035841,0.538473064,0.5543113589999998,0.5543113589999998
96,0.372437288,0.688829369,0.587430523,0.648084204,0.572611619,0.3746679979999999,0.5406768335,0.5406768335
97,0.297868861,0.556131101,0.7598964029999999,0.573235765,0.534346051,0.485434027,0.534485368,0.534485368
98,0.542822279,0.699261331,0.504359705,0.6196539289999999,0.471228045,0.609340208,0.5744442495000001,0.5744442495000001
99,0.2593273439999999,0.52249,0.63389172,0.609118597,0.56682235,0.565823272,0.5262455471666668,0.5262455471666668
100,0.4271017579999999,0.462142674,0.728117282,0.614015469,0.494131272,0.546530207,0.545339777,0.545339777
101,0.406697863,0.487217798,0.6825546779999999,0.66054154,0.560054257,0.6941406529999999,0.5818677981666666,0.5818677981666667
102,0.571629275,0.474618208,0.371592477,0.537039334,0.466290111,0.417998366,0.4731946285000001,0.47319462850000005
103,0.594203953,0.477012425,0.563920359,0.485448315,0.450374464,0.649960384,0.5368199833333333,0.5368199833333333
104,0.474684107,0.506024147,0.532360074,0.613984074,0.658231337,0.422062331,0.5345576783333335,0.5345576783333335
105,0.465710425,0.5745868479999999,0.632684984,0.597895477,0.54027033,0.532910921,0.5573431641666667,0.5573431641666667
106,0.690619207,0.484434995,0.5428591460000001,0.437603842,0.477427514,0.429352034,0.5103827896666667,0.5103827896666667
107,0.353793181,0.702529947,0.689653923,0.665660968,0.527602569,0.5227920620000001,0.5770054416666667,0.5770054416666667
108,0.63768728,0.516758167,0.56996652,0.527060181,0.591601658,0.536201911,0.5632126195,0.5632126195
109,0.7297389390000001,0.548670233,0.646732974,0.3724427629999999,0.490196285,0.566288859,0.5590116755,0.5590116755
110,0.700424079,0.6351690720000001,0.463770918,0.596615444,0.495118535,0.536768005,0.5713110088333334,0.5713110088333334
111,0.359705591,0.4288126579999999,0.517848023,0.6963243729999999,0.679531318,0.711190971,0.5655688223333333,0.5655688223333333
112,0.790140693,0.459608489,0.553704696,0.367382328,0.487162773,0.364067663,0.5036777736666668,0.5036777736666668
113,0.169013851,0.457354628,0.452561369,0.684869635,0.6351284070000001,0.637272844,0.5060334556666667,0.5060334556666667
114,0.409104417,0.468922332,0.666646717,0.533670027,0.644333014,0.4629119439999999,0.5309314085,0.5309314085
115,0.435310361,0.571342876,0.6016660110000001,0.562291746,0.568361608,0.6049415539999999,0.5573190259999999,0.5573190259999999
116,0.437067993,0.5157210179999999,0.469342276,0.625363198,0.5951077060000001,0.594742336,0.5395574211666666,0.5395574211666666
117,0.605897194,0.507402762,0.48532666,0.593528906,0.484922446,0.668147509,0.5575375795,0.5575375795
118,0.7341234729999999,0.442997043,0.483411294,0.529798772,0.517300624,0.545181114,0.5421353866666667,0.5421353866666667
119,0.657194691,0.674597703,0.539641013,0.572739736,0.497994535,0.302504713,0.5407787318333334,0.5407787318333334
120,0.625044657,0.517666541,0.545914858,0.6481925239999999,0.538596202,0.534184006,0.5682664646666667,0.5682664646666667
121,0.616210038,0.507902565,0.450360282,0.74388681,0.539762395,0.630741173,0.5814772105,0.5814772105
122,0.642980914,0.495082189,0.307907213,0.601009755,0.465465956,0.469272786,0.4969531355,0.49695313550000003
123,0.327746751,0.5611987270000001,0.59692709,0.5521023079999999,0.53748504,0.432129795,0.5012649518333333,0.5012649518333333
124,0.549802908,0.57474403,0.75790694,0.566382042,0.583015848,0.578370913,0.6017037801666667,0.6017037801666667
125,0.603223699,0.453760971,0.399094887,0.647187033,0.514530481,0.508006964,0.5209673391666666,0.5209673391666666
126,0.362353566,0.473987201,0.424707093,0.6763993890000001,0.569181704,0.7087561090000001,0.5358975103333333,0.5358975103333333
127,0.673912593,0.480808937,0.525257689,0.526865487,0.5595149189999999,0.5654816020000001,0.5553068711666667,0.5553068711666667
128,0.186966931,0.553669967,0.525924818,0.68094313,0.561608001,0.7141099759999999,0.5372038038333333,0.5372038038333333
129,0.6476042089999999,0.6157439060000001,0.570779068,0.605736609,0.556312644,0.605870213,0.6003411081666666,0.6003411081666667
130,0.658686423,0.575690861,0.379924492,0.6319583000000001,0.484922446,0.6431225620000001,0.5623841806666667,0.5623841806666667
131,0.543334451,0.538063307,0.516364029,0.470725774,0.610763272,0.642885123,0.5536893260000001,0.5536893260000001
132,0.515745651,0.573680216,0.532057741,0.555476698,0.5891616279999999,0.608170615,0.5623820915000001,0.5623820915000001
133,0.713583099,0.462948646,0.482754699,0.618301831,0.488350442,0.607964824,0.5623172568333333,0.5623172568333333
134,0.447948426,0.46070373,0.572824978,0.279194728,0.465561593,0.307275813,0.4222515446666666,0.42225154466666664
135,0.7138084840000001,0.442997043,0.541901918,0.4998614629999999,0.517300624,0.561566066,0.5462392663333334,0.5462392663333334
136,0.7378268459999999,0.442997043,0.541901918,0.52144669,0.517300624,0.53492918,0.5494003835,0.5494003835
137,0.489772813,0.562853471,0.5831780089999999,0.600256684,0.53012698,0.4926317679999999,0.5431366208333334,0.5431366208333334
138,0.722816882,0.497615812,0.454737321,0.449077639,0.481297237,0.5453722089999999,0.5251528500000001,0.5251528500000001
139,0.141394866,0.463663769,0.610083284,0.676296479,0.480239278,0.65426035,0.5043230043333333,0.5043230043333333
140,0.818247231,0.478095516,0.571110064,0.5229404870000001,0.484076667,0.505936203,0.563401028,0.563401028
141,0.711596564,0.480584059,0.5764282079999999,0.6440859720000001,0.598992767,0.543725261,0.5925688051666667,0.5925688051666667
142,0.446829186,0.586805457,0.592755374,0.664289739,0.55598637,0.527284025,0.5623250251666667,0.5623250251666667
143,0.339576847,0.4921056729999999,0.544256215,0.631375142,0.7733029840000001,0.4484144929999999,0.5381718923333334,0.5381718923333334
144,0.372744015,0.377854526,0.468964159,0.494864983,0.443088054,0.59370625,0.4585369978333333,0.45853699783333335
145,0.446217944,0.497864329,0.5345417929999999,0.45602742,0.604455761,0.609897872,0.5248341865,0.5248341865
146,0.615020165,0.469340797,0.479851361,0.4372439079999999,0.4639501479999999,0.44884319,0.4857082614999999,0.48570826149999985
147,0.238914133,0.531730694,0.497502292,0.711941897,0.696902639,0.623442469,0.550072354,0.550072354
148,0.6683353160000001,0.454390176,0.361988,0.4739946539999999,0.499513401,0.639806702,0.5163380415,0.5163380415
149,0.361746181,0.472367624,0.4026147029999999,0.676702197,0.578223687,0.642081425,0.5222893028333333,0.5222893028333333
150,0.598534122,0.585051423,0.537125612,0.587824648,0.549780116,0.541539798,0.5666426198333333,0.5666426198333333
151,0.5282858220000001,0.521723843,0.555240532,0.6289463679999999,0.554084272,0.525091615,0.5522287419999999,0.5522287419999999
152,0.4566317829999999,0.4839554689999999,0.628520136,0.646233382,0.55598637,0.523299765,0.5491044841666667,0.5491044841666667
153,0.321290024,0.63062108,0.635625165,0.64870399,0.6237263679999999,0.5951962270000001,0.5758604756666666,0.5758604756666666
154,0.714987533,0.474618208,0.499477342,0.620583673,0.586408102,0.433483426,0.5549263806666667,0.5549263806666667
155,0.214802898,0.4814316279999999,0.7483114820000001,0.6783467479999999,0.633079345,0.552879766,0.5514753111666667,0.5514753111666667
156,0.4785951779999999,0.4432064129999999,0.4686440129999999,0.6886182340000001,0.733995306,0.6242623070000001,0.5728869084999999,0.5728869084999999
157,0.546421183,0.615139963,0.563817211,0.548517125,0.535882496,0.531158831,0.5568228015,0.5568228015
158,0.350654019,0.60156505,0.658876325,0.66915298,0.6034713110000001,0.632025496,0.5859575301666666,0.5859575301666666
159,0.4801883489999999,0.515872353,0.54564294,0.614404536,0.534012041,0.660952312,0.5585120885,0.5585120885
160,0.166183355,0.4306777,0.528613266,0.771864372,0.581496983,0.5611054129999999,0.5066568481666667,0.5066568481666667
161,0.426665052,0.584985923,0.712229947,0.594755955,0.571430982,0.640764608,0.5884720778333333,0.5884720778333332
162,0.242728718,0.4449304129999999,0.592280704,0.727409242,0.586134445,0.7953798059999999,0.5648105546666665,0.5648105546666665
163,0.267660318,0.484182065,0.5593202079999999,0.521101082,0.704738093,0.56783897,0.5174734559999999,0.5174734559999999
164,0.59076738,0.437889698,0.594193101,0.6178731510000001,0.505628241,0.425533066,0.5286474394999999,0.5286474394999999
165,0.229949093,0.520273898,0.6968178070000001,0.6994105890000001,0.5844018129999999,0.7478460229999999,0.5797832038333334,0.5797832038333334
166,0.667349933,0.476690688,0.490014832,0.7144727240000001,0.54597719,0.5206813779999999,0.5691977908333333,0.5691977908333333
167,0.458597718,0.463567246,0.5399724370000001,0.47031632,0.564820401,0.672376816,0.5282751563333333,0.5282751563333333
168,0.348846473,0.557169829,0.404160694,0.502345138,0.517208295,0.50831836,0.4730081315,0.4730081315
169,0.348170667,0.517984251,0.689653923,0.666536108,0.527602569,0.531773327,0.5469534741666666,0.5469534741666666
170,0.69071845,0.478157593,0.390632405,0.5813494260000001,0.465198784,0.6049399120000001,0.535166095,0.535166095
171,0.602779288,0.630135587,0.514842569,0.5017857920000001,0.563741725,0.392367056,0.5342753361666667,0.5342753361666667
172,0.224383073,0.5975242470000001,0.6642971329999999,0.56049557,0.547648782,0.585411012,0.5299599695,0.5299599695
173,0.398813626,0.506877654,0.541047893,0.6408584310000001,0.618438466,0.6506982570000001,0.5594557211666666,0.5594557211666666
174,0.44235895,0.504688194,0.521019393,0.792228217,0.7081992020000001,0.590557306,0.5931752103333333,0.5931752103333333
175,0.600175968,0.498098311,0.4585052639999999,0.527083042,0.501296661,0.443391811,0.5047585095,0.5047585095
176,0.6928300609999999,0.472019236,0.574308102,0.420112508,0.560275759,0.406123601,0.5209448778333333,0.5209448778333333
177,0.499677775,0.426227353,0.4064926889999999,0.5349978089999999,0.68112683,0.709605122,0.543021263,0.543021263
178,0.150014751,0.601623929,0.499570443,0.697690404,0.508918413,0.582253686,0.5066786043333333,0.5066786043333333
179,0.389541769,0.631443796,0.44396046,0.482016259,0.499513401,0.568301951,0.5024629393333334,0.5024629393333334
180,0.133538968,0.497008054,0.720796445,0.7153160559999999,0.600117853,0.732344311,0.5665202811666666,0.5665202811666666
181,0.475029195,0.528283164,0.557935352,0.548670037,0.6286169739999999,0.613321598,0.5586427199999999,0.5586427199999999
182,0.247693978,0.502236161,0.27999366,0.581159325,0.5755945020000001,0.771058958,0.4929560973333333,0.49295609733333334
183,0.526578718,0.558199919,0.564658222,0.53470084,0.525741959,0.573330077,0.5472016224999999,0.5472016224999999
184,0.441221996,0.4558396779999999,0.600660609,0.592592861,0.6372379429999999,0.362465656,0.5150031238333332,0.5150031238333332
185,0.733293843,0.442997043,0.541901918,0.517462161,0.517300624,0.548194745,0.5501917223333334,0.5501917223333334
186,0.787849514,0.548719616,0.536792751,0.638411459,0.3946918279999999,0.5967404000000001,0.5838675946666667,0.5838675946666667
187,0.262655601,0.517194924,0.605440787,0.740985615,0.6811866,0.648361255,0.5759707970000001,0.5759707970000001
188,0.696354686,0.459998364,0.459565046,0.496220634,0.486435317,0.508232895,0.517801157,0.517801157
189,0.471487585,0.399640317,0.348890143,0.5448146460000001,0.479036343,0.57559706,0.4699110156666666,0.4699110156666667
190,0.233080796,0.525655432,0.578304685,0.738936303,0.657693406,0.645919059,0.5632649468333334,0.5632649468333334
191,0.6774142390000001,0.439905139,0.436515045,0.59267462,0.4216413979999999,0.372841714,0.4901653591666666,0.49016535916666665
192,0.325235222,0.493653311,0.613976714,0.657793896,0.552101308,0.535040124,0.5296334291666667,0.5296334291666667
193,0.424998082,0.462469921,0.592941363,0.613613558,0.505628241,0.558606935,0.52637635,0.52637635
194,0.402467395,0.581847086,0.484716602,0.561557006,0.61505899,0.576681624,0.5370547838333334,0.5370547838333334
195,0.309677976,0.458137102,0.5864478160000001,0.8347809209999999,0.562085458,0.6059978220000001,0.5595211824999999,0.5595211824999999
196,0.358131649,0.487918702,0.645918651,0.6949095270000001,0.4429954279999999,0.589631891,0.536584308,0.536584308
197,0.285926783,0.524693388,0.561863769,0.631853043,0.543097108,0.566048381,0.5189137453333333,0.5189137453333333
198,0.6596906020000001,0.424899891,0.468168948,0.497637836,0.497235755,0.526835022,0.5124113423333334,0.5124113423333334
199,0.715686088,0.517666541,0.428966068,0.5191971679999999,0.545826112,0.506471741,0.538968953,0.538968953
200,0.4391586179999999,0.494247485,0.553052171,0.626732671,0.5724231670000001,0.508286487,0.5323167665,0.5323167665
201,0.408524535,0.537928912,0.4554694489999999,0.5923213979999999,0.582659079,0.708360533,0.5475439843333333,0.5475439843333333
202,0.551825255,0.4998223189999999,0.4745301839999999,0.469910903,0.5209849,0.525985822,0.5071765638333333,0.5071765638333333
203,0.555558596,0.566925738,0.642257446,0.601597203,0.568826409,0.532065236,0.5778717713333333,0.5778717713333333
204,0.451440911,0.431943462,0.469373815,0.592167506,0.563677736,0.693284755,0.5336480308333333,0.5336480308333333
205,0.714987533,0.474618208,0.499477342,0.620583673,0.586408102,0.433483426,0.5549263806666667,0.5549263806666667
206,0.567553076,0.452953483,0.349484196,0.584245887,0.460874694,0.527960675,0.4905120018333333,0.4905120018333333
207,0.5845126429999999,0.4533046529999999,0.640615205,0.56559174,0.520834476,0.42274383,0.5312670911666667,0.5312670911666667
208,0.3375026989999999,0.594569432,0.5934995989999999,0.515050538,0.665699093,0.7032692429999999,0.5682651006666666,0.5682651006666666
209,0.558499554,0.35523916,0.490600999,0.6793764870000001,0.647880667,0.538159055,0.5449593203333333,0.5449593203333333
210,0.198945621,0.457946419,0.683844848,0.748153057,0.687839372,0.849239657,0.6043281623333333,0.6043281623333333
211,0.608454525,0.580705647,0.622571535,0.616154467,0.6289509839999999,0.525258727,0.5970159808333332,0.5970159808333333
212,0.631712133,0.554414266,0.594016555,0.586155593,0.54027033,0.448406581,0.5591625763333333,0.5591625763333333
213,0.646807726,0.382424838,0.51261944,0.373456785,0.591297127,0.492191697,0.4997996021666666,0.49979960216666663
214,0.749487329,0.333965222,0.473551719,0.4990169,0.50626276,0.477528276,0.5066353676666667,0.5066353676666667
215,0.695414577,0.372349132,0.348240185,0.7874881570000001,0.380342193,0.458879903,0.5071190245000001,0.5071190245000001
216,0.449649546,0.516211058,0.6447307879999999,0.600260849,0.556945505,0.540843537,0.5514402138333333,0.5514402138333333
217,0.722029061,0.444715463,0.4899803379999999,0.5270993860000001,0.461149065,0.453764839,0.5164563586666665,0.5164563586666665
218,0.779717969,0.4762627029999999,0.543960397,0.47765576,0.51441094,0.372090525,0.5273497156666667,0.5273497156666667
219,0.535140773,0.4624738439999999,0.468964159,0.4268149999999999,0.505706213,0.439250286,0.4730583791666666,0.4730583791666666
220,0.7139252429999999,0.456527233,0.587395387,0.519066127,0.491331919,0.421530378,0.5316293811666666,0.5316293811666666
221,0.615149052,0.432336733,0.507415049,0.618478359,0.455670221,0.323739031,0.4921314075,0.49213140750000006
222,0.726991383,0.412493115,0.490600999,0.404367777,0.518240873,0.490552476,0.5072077705,0.5072077705
223,0.714987533,0.474618208,0.499477342,0.620583673,0.586408102,0.433483426,0.5549263806666667,0.5549263806666667
224,0.551638793,0.3677366079999999,0.633317822,0.621950011,0.552101308,0.6535625860000001,0.5633845213333334,0.5633845213333334
225,0.326395955,0.578849128,0.599693947,0.667794995,0.7029752890000001,0.725180542,0.6001483093333333,0.6001483093333333
226,0.640387335,0.492297827,0.643575966,0.575068056,0.640447953,0.400246329,0.5653372443333332,0.5653372443333332
227,0.678569949,0.49246243,0.4723787239999999,0.7236674820000001,0.480106555,0.452150046,0.5498891976666667,0.5498891976666667
228,0.645688354,0.48229518,0.5236796420000001,0.4826875089999999,0.506693956,0.582170958,0.5372025998333333,0.5372025998333333
229,0.715929096,0.516654199,0.589254742,0.577809555,0.567932669,0.45421145,0.5702986185,0.5702986185
230,0.460793491,0.591403105,0.630031851,0.601366489,0.584465099,0.6077976310000001,0.579309611,0.579309611
231,0.633986653,0.472776829,0.331120459,0.371972477,0.53902922,0.523999389,0.4788141711666666,0.4788141711666666
232,0.660826782,0.478157593,0.4807458289999999,0.555147567,0.549550798,0.576037122,0.5500776151666665,0.5500776151666665
233,0.6078634,0.489154345,0.594193101,0.554983356,0.53012698,0.477194853,0.5422526725,0.5422526725
234,0.714987533,0.474618208,0.499477342,0.620583673,0.586408102,0.433483426,0.5549263806666667,0.5549263806666667
235,0.6395174379999999,0.4679394129999999,0.462601272,0.355699582,0.439561143,0.48304801,0.4747278096666666,0.47472780966666667
236,0.714987533,0.474618208,0.499477342,0.620583673,0.586408102,0.433483426,0.5549263806666667,0.5549263806666667
237,0.714987533,0.474618208,0.499477342,0.620583673,0.586408102,0.433483426,0.5549263806666667,0.5549263806666667
238,0.590575959,0.401312062,0.5427720629999999,0.56060081,0.386432933,0.622464274,0.5173596835,0.5173596835
239,0.681030523,0.478095516,0.572824978,0.382667592,0.5711319570000001,0.490605836,0.5293927336666666,0.5293927336666666
240,0.692304392,0.311676888,0.4264864029999999,0.368655056,0.5017597429999999,0.382078979,0.4471602435,0.4471602435
241,0.653019267,0.461614409,0.514521145,0.499916572,0.456853892,0.475307922,0.5102055345,0.5102055345
242,0.75988369,0.495939737,0.4592089929999999,0.434387191,0.401862297,0.4488991479999999,0.500030176,0.500030176
243,0.588811289,0.488294206,0.364553145,0.569557866,0.5712629229999999,0.534396502,0.5194793218333333,0.5194793218333333
244,0.683950279,0.521080825,0.481263031,0.801143582,0.630178126,0.577565242,0.6158635141666667,0.6158635141666667
245,0.593133282,0.714851235,0.6234640770000001,0.548607748,0.4692521129999999,0.553815217,0.5838539453333333,0.5838539453333335
246,0.372599835,0.460815725,0.7149708290000001,0.536319865,0.624731913,0.534314964,0.5406255218333333,0.5406255218333333
247,0.714987533,0.474618208,0.499477342,0.620583673,0.586408102,0.433483426,0.5549263806666667,0.5549263806666667
248,0.714987533,0.474618208,0.499477342,0.620583673,0.586408102,0.433483426,0.5549263806666667,0.5549263806666667
249,0.114938514,0.4723961479999999,0.563322474,0.71612929,0.609083379,0.63468482,0.5184257708333333,0.5184257708333333
250,0.240526665,0.4976825039999999,0.435975342,0.708790852,0.630178126,0.7633867059999999,0.5460900325,0.5460900325
251,0.7478603159999999,0.4200035379999999,0.481227434,0.503040073,0.581038607,0.5262839,0.5432423113333332,0.5432423113333332
252,0.441770589,0.402031195,0.388455094,0.405482152,0.611973972,0.6712774359999999,0.4868317396666666,0.48683173966666665
253,0.73839501,0.432128289,0.426271554,0.6488788529999999,0.441733885,0.4623136089999999,0.5249535333333333,0.5249535333333333
254,0.668385518,0.52280501,0.571110064,0.72501223,0.568245084,0.42895034,0.5807513743333333,0.5807513743333333
255,0.570729829,0.416956446,0.423794397,0.392901501,0.4217021279999999,0.5932380829999999,0.4698870639999999,0.4698870639999999
256,0.714987533,0.474618208,0.499477342,0.620583673,0.586408102,0.433483426,0.5549263806666667,0.5549263806666667
257,0.5176419529999999,0.453705102,0.508541833,0.663026444,0.5213827670000001,0.5118131229999999,0.5293518703333334,0.5293518703333334
258,0.785142998,0.39753466,0.485940695,0.4881841779999999,0.537083353,0.3339524989999999,0.5046397305,0.5046397305
259,0.356077259,0.5383319870000001,0.64498194,0.684803445,0.552754561,0.50152587,0.5464125103333334,0.5464125103333334
260,0.540749354,0.6408163179999999,0.705977515,0.407960821,0.4692521129999999,0.377628088,0.5237307015,0.5237307015
261,0.276853698,0.5217480520000001,0.539056819,0.651130904,0.532510052,0.547447578,0.5114578504999999,0.5114578504999999
262,0.739235502,0.478157593,0.467632719,0.550170344,0.512828718,0.592027188,0.556675344,0.556675344
263,0.714987533,0.474618208,0.499477342,0.620583673,0.586408102,0.433483426,0.5549263806666667,0.5549263806666667
264,0.605010405,0.459998364,0.4825121089999999,0.380136282,0.578932906,0.352754031,0.4765573495,0.47655734950000006
265,0.483576807,0.4998223189999999,0.492535685,0.336769976,0.416739991,0.343962874,0.4289012753333333,0.4289012753333333
266,0.670004498,0.512235656,0.54280064,0.546534463,0.5059934110000001,0.481501097,0.5431782941666666,0.5431782941666666
267,0.3899293029999999,0.502888731,0.608639436,0.6969742590000001,0.615442925,0.572384475,0.5643765215,0.5643765215
268,0.666286061,0.498674158,0.38955569,0.532311934,0.466520265,0.4083430229999999,0.4936151884999999,0.4936151884999999
269,0.4795071429999999,0.534129366,0.628520136,0.61428508,0.516678691,0.5144959579999999,0.5479360623333334,0.5479360623333334
270,0.20934934,0.511618235,0.5403871889999999,0.751918757,0.5844018129999999,0.535147045,0.5221370631666666,0.5221370631666666
271,0.108188591,0.430795355,0.526179493,0.817503654,0.5056915270000001,0.5873609679999999,0.4959532646666666,0.4959532646666666
272,0.4795071429999999,0.534129366,0.628520136,0.61428508,0.516678691,0.5144959579999999,0.5479360623333334,0.5479360623333334
273,0.378008847,0.459147106,0.45580321,0.675230235,0.654807561,0.7520024470000001,0.562499901,0.562499901
274,0.691538,0.668266889,0.5704397179999999,0.5897864389999999,0.515327885,0.410222781,0.5742636186666666,0.5742636186666666
275,0.654561127,0.438016078,0.621231195,0.6287184029999999,0.570334024,0.64503153,0.5929820595,0.5929820594999999
276,0.396790125,0.526970691,0.614858046,0.640702736,0.5334171520000001,0.501592642,0.5357218986666666,0.5357218986666666
277,0.611046254,0.418038179,0.351705593,0.46131404,0.464998304,0.408329138,0.452571918,0.45257191799999996
278,0.446953302,0.5179779999999999,0.494356435,0.6806350609999999,0.497994535,0.490362516,0.5213799748333333,0.5213799748333333
279,0.427299374,0.431308574,0.448085192,0.7572931359999999,0.5806782229999999,0.629255214,0.5456532854999999,0.5456532854999999
280,0.363908807,0.469333801,0.597512732,0.582865424,0.5459583410000001,0.676429837,0.5393348236666666,0.5393348236666666
281,0.538823446,0.496234623,0.666396346,0.5039069039999999,0.567932669,0.506104212,0.5465663666666666,0.5465663666666666
282,0.4795071429999999,0.534129366,0.628520136,0.61428508,0.516678691,0.5144959579999999,0.5479360623333334,0.5479360623333334
283,0.360234104,0.476004755,0.548338668,0.65238217,0.55593996,0.610220671,0.5338533879999999,0.5338533879999999
284,0.33060424,0.48423383,0.563690507,0.67329231,0.599076445,0.420132624,0.511838326,0.511838326
285,0.646965798,0.46818794,0.450263241,0.5735128429999999,0.516678691,0.532877782,0.5314143825000001,0.5314143825000001
286,0.759015245,0.48250599,0.456283686,0.516262144,0.517300624,0.5305978720000001,0.5436609268333333,0.5436609268333333
287,0.535886129,0.655591684,0.622175612,0.560076341,0.5167940120000001,0.557493331,0.5746695181666667,0.5746695181666668
288,0.622753064,0.381644015,0.563021174,0.550420845,0.562553851,0.491487554,0.5286467505,0.5286467505
289,0.4629755889999999,0.455690895,0.486586085,0.609589865,0.431917841,0.567798025,0.5024263833333334,0.5024263833333334
290,0.663871651,0.453711685,0.7254186859999999,0.484249691,0.552101308,0.530324676,0.5682796161666667,0.5682796161666667
291,0.320664418,0.557961411,0.557513899,0.7454342909999999,0.652577079,0.7191966759999999,0.592224629,0.5922246289999998
292,0.490998971,0.606369324,0.641116738,0.578793743,0.5167940120000001,0.540078417,0.5623585341666667,0.5623585341666667
293,0.4188796939999999,0.539446846,0.58969831,0.638773255,0.534012041,0.596260921,0.5528451778333334,0.5528451778333334
294,0.714987533,0.474618208,0.499477342,0.620583673,0.586408102,0.433483426,0.5549263806666667,0.5549263806666667
295,0.4795071429999999,0.534129366,0.628520136,0.61428508,0.516678691,0.5144959579999999,0.5479360623333334,0.5479360623333334
296,0.4795071429999999,0.534129366,0.628520136,0.61428508,0.516678691,0.5144959579999999,0.5479360623333334,0.5479360623333334
297,0.5321105279999999,0.3248187389999999,0.536792751,0.442269365,0.443088054,0.593862338,0.4788236291666667,0.47882362916666665
298,0.521819734,0.512235656,0.476755762,0.6561479929999999,0.4295565679999999,0.480556777,0.5128454149999999,0.5128454149999999
299,0.635955673,0.479878669,0.563969747,0.695701467,0.580667935,0.535938959,0.5820187416666667,0.5820187416666667
300,0.682504199,0.511640305,0.65306451,0.5374015670000001,0.520949797,0.574444438,0.5800008026666668,0.5800008026666668
301,0.228297063,0.632004265,0.506212396,0.7210957459999999,0.7123803009999999,0.583111762,0.5638502555,0.5638502555
302,0.487661817,0.49881006,0.527358227,0.689170505,0.68345435,0.612728881,0.5831973066666666,0.5831973066666666
303,0.402601415,0.509533435,0.578120242,0.680094491,0.632859954,0.656592481,0.5766336696666666,0.5766336696666666
304,0.330760873,0.448541739,0.597672646,0.753588723,0.742599398,0.639023799,0.5853645296666666,0.5853645296666665
305,0.635395715,0.503719007,0.4497569729999999,0.5901384270000001,0.4648572479999999,0.494388182,0.523042592,0.523042592
306,0.450469307,0.469516504,0.468279209,0.6360918560000001,0.540171885,0.408485911,0.4955024453333334,0.4955024453333334
307,0.421450149,0.512966171,0.449813611,0.665488827,0.5560032460000001,0.6867286659999999,0.5487417783333334,0.5487417783333334
308,0.561116168,0.49225162,0.476755762,0.640613312,0.704386195,0.4777622529999999,0.5588142183333333,0.5588142183333333
309,0.606296825,0.4797765089999999,0.457344696,0.548380097,0.505110701,0.460631907,0.5095901225,0.5095901225
310,0.4615758129999999,0.457915422,0.424707093,0.4037000429999999,0.486918931,0.40527306,0.4400150603333333,0.4400150603333333
311,0.558359697,0.521012306,0.7254186859999999,0.448386001,0.595929722,0.476555823,0.5542770391666666,0.5542770391666666
312,0.6574941129999999,0.441677489,0.490600999,0.542375865,0.499207494,0.339070586,0.4950710909999999,0.4950710909999999
313,0.504377992,0.603282282,0.659149207,0.657410136,0.612687169,0.549584085,0.5977484785000001,0.5977484785
314,0.823562056,0.426400623,0.591794574,0.422875976,0.47524671,0.338178426,0.5130097275,0.5130097275
315,0.634625951,0.64480778,0.674039513,0.413642081,0.47222023,0.388630153,0.5379942846666667,0.5379942846666667
316,0.505267492,0.395372235,0.498568832,0.587967117,0.497463635,0.730958607,0.5359329863333334,0.5359329863333334
317,0.302876572,0.448150305,0.603679906,0.6354190789999999,0.5167940120000001,0.687166955,0.5323478048333333,0.5323478048333333
318,0.445538308,0.457441532,0.606548629,0.785161408,0.625291643,0.528995178,0.5748294496666665,0.5748294496666666
319,0.62987307,0.477842586,0.51261944,0.5049518620000001,0.472977857,0.576926951,0.5291986276666667,0.5291986276666667
320,0.375420409,0.396471892,0.439540182,0.513853336,0.639495554,0.536993295,0.4836291113333335,0.4836291113333334
321,0.026883225,0.44815119,0.380037836,0.785376484,0.742599398,0.7182539509999999,0.5168836806666667,0.5168836806666667
322,0.549678394,0.50338309,0.674513602,0.583103081,0.5934650810000001,0.494247668,0.566398486,0.566398486
323,0.260399471,0.507930811,0.6293711470000001,0.6752594759999999,0.734093751,0.534082725,0.5568562301666667,0.5568562301666667
324,0.6076754360000001,0.4981443129999999,0.586983658,0.670038813,0.6163887,0.705250349,0.6140802115,0.6140802115
325,0.347214985,0.486549645,0.442207819,0.485140347,0.43520017,0.486428624,0.4471235983333333,0.44712359833333337
326,0.655892431,0.3610233879999999,0.489951349,0.562503114,0.6321093179999999,0.427436877,0.5214860794999999,0.5214860794999999
327,0.581875362,0.4939787129999999,0.583907001,0.6201521170000001,0.518197557,0.61494105,0.5688419666666668,0.5688419666666668
328,0.407697942,0.3748941289999999,0.492535685,0.779950955,0.481902682,0.6687733570000001,0.5342924583333333,0.5342924583333333
329,0.4795071429999999,0.534129366,0.628520136,0.61428508,0.516678691,0.5144959579999999,0.5479360623333334,0.5479360623333334
330,0.3981444529999999,0.507103915,0.582551667,0.65749253,0.494704363,0.525654371,0.5276085498333333,0.5276085498333333
331,0.641031851,0.5765205379999999,0.581093509,0.502247078,0.455909301,0.545025051,0.5503045546666667,0.5503045546666667
332,0.29223858,0.468038696,0.629312836,0.701387601,0.6457639820000001,0.796554153,0.5888826413333333,0.5888826413333332
333,0.524693572,0.439025228,0.4566807539999999,0.491567422,0.47824656,0.581697061,0.4953184328333332,0.49531843283333327
334,0.645210335,0.57746815,0.4259801029999999,0.6268775910000001,0.547726132,0.578794195,0.5670094176666666,0.5670094176666666
335,0.600719322,0.48250599,0.536792751,0.376831215,0.486815124,0.3788255179999999,0.4770816533333332,0.47708165333333324
336,0.501364565,0.5338222229999999,0.65434676,0.544450141,0.5334171520000001,0.5409373160000001,0.5513896928333334,0.5513896928333334
337,0.714987533,0.474618208,0.499477342,0.620583673,0.586408102,0.433483426,0.5549263806666667,0.5549263806666667
338,0.609017689,0.6164526770000001,0.595100393,0.517166945,0.553904258,0.353713585,0.5408925911666668,0.5408925911666668
339,0.3997667379999999,0.412844075,0.4263231629999999,0.436677373,0.575579736,0.595962588,0.4745256121666666,0.4745256121666666
340,0.720093179,0.474365279,0.4723787239999999,0.553793871,0.445899296,0.433399376,0.5166549541666666,0.5166549541666666
341,0.177812331,0.467577206,0.517300876,0.447837049,0.531842032,0.513107083,0.4425794295,0.44257942949999995
342,0.546578328,0.586596838,0.504123266,0.64576435,0.500899365,0.448222987,0.5386975223333333,0.5386975223333333
343,0.714987533,0.474618208,0.499477342,0.620583673,0.586408102,0.433483426,0.5549263806666667,0.5549263806666667
344,0.759015245,0.48250599,0.456283686,0.516262144,0.517300624,0.5305978720000001,0.5436609268333333,0.5436609268333333
345,0.694781368,0.517666541,0.539718058,0.53428892,0.5059934110000001,0.46864469,0.543515498,0.543515498
346,0.6404676739999999,0.501728097,0.436659555,0.507612081,0.661771138,0.5466865160000001,0.5491541768333333,0.5491541768333333
347,0.645721208,0.494540684,0.609158341,0.559246516,0.5176877520000001,0.5677900779999999,0.5656907631666667,0.5656907631666667
348,0.566382494,0.4722745339999999,0.5528948779999999,0.6095458029999999,0.567848288,0.393122473,0.5270114116666667,0.5270114116666667
349,0.685268891,0.439295434,0.546204072,0.572503929,0.522816736,0.401721556,0.5279684363333333,0.5279684363333333
350,0.6842968140000001,0.565799044,0.497481864,0.54770451,0.527260824,0.553189985,0.5626221735,0.5626221735
351,0.5414162539999999,0.570085679,0.622175612,0.528622544,0.5167940120000001,0.525403583,0.550749614,0.550749614
352,0.553024229,0.523605422,0.6881431159999999,0.595926269,0.556945505,0.5178775179999999,0.5725870098333333,0.5725870098333334
353,0.6157391179999999,0.475067998,0.5578551620000001,0.501820765,0.700288444,0.542712385,0.5655806453333333,0.5655806453333333
354,0.759015245,0.48250599,0.456283686,0.516262144,0.517300624,0.5305978720000001,0.5436609268333333,0.5436609268333333
355,0.694448634,0.523057939,0.5864478160000001,0.5892289829999999,0.54507563,0.526339889,0.5774331485,0.5774331485
356,0.512006517,0.373925307,0.5032814720000001,0.4375980679999999,0.401493225,0.546566333,0.462478487,0.46247848699999994
357,0.5589984370000001,0.566016857,0.63619676,0.443694669,0.560275759,0.394686475,0.5266448261666666,0.5266448261666666
358,0.632649926,0.483296062,0.51146714,0.483249274,0.456853892,0.54717707,0.5191155606666666,0.5191155606666666
359,0.185331306,0.580857648,0.5306781629999999,0.6215740120000001,0.552101308,0.6986259090000001,0.5281947243333334,0.5281947243333334
360,0.556159024,0.442180774,0.4160716279999999,0.582595305,0.482035899,0.618962751,0.5163342301666667,0.5163342301666667
361,0.606576476,0.499207685,0.481227434,0.563032406,0.445899296,0.540448174,0.5227319118333332,0.5227319118333332
362,0.589939255,0.425812217,0.575132391,0.7026076170000001,0.578583011,0.420676346,0.5487918061666667,0.5487918061666667
363,0.3084253389999999,0.492370747,0.635077441,0.644651237,0.51188653,0.554859047,0.5245450568333333,0.5245450568333333
364,0.586628513,0.437368524,0.51261944,0.5500857570000001,0.495902481,0.57136878,0.5256622491666666,0.5256622491666666
365,0.4472463789999999,0.423534764,0.659122988,0.640240872,0.555714943,0.597891654,0.5539586,0.5539586
366,0.731700461,0.502444321,0.602552933,0.459044426,0.599814783,0.44284272,0.5563999406666666,0.5563999406666666
367,0.732345513,0.593300257,0.573219286,0.574266892,0.530242301,0.554801446,0.5930292825,0.5930292825
368,0.605730112,0.5509351,0.639570332,0.417406375,0.519325455,0.519586935,0.5420923848333333,0.5420923848333333
369,0.621624003,0.444011002,0.544734594,0.556993548,0.564413261,0.532052255,0.5439714438333333,0.5439714438333333
370,0.714987533,0.474618208,0.499477342,0.620583673,0.586408102,0.433483426,0.5549263806666667,0.5549263806666667
371,0.641150935,0.473474217,0.50748339,0.53354198,0.514719636,0.574401655,0.5407953021666666,0.5407953021666666
372,0.731604582,0.495939737,0.490600999,0.480802568,0.485776035,0.41487404,0.5165996601666666,0.5165996601666666
373,0.5680365279999999,0.637260876,0.475259225,0.591113385,0.61280249,0.522955022,0.5679045876666667,0.5679045876666667
374,0.39067208,0.461116856,0.4101578589999999,0.659787185,0.480974099,0.618397005,0.503517514,0.503517514
375,0.474424292,0.596774601,0.6248709570000001,0.5601702820000001,0.6115445039999999,0.502024825,0.5616349101666667,0.5616349101666667
376,0.380272492,0.532359201,0.5219413589999999,0.679810885,0.57820681,0.471660794,0.5273752568333333,0.5273752568333333
377,0.846187822,0.410064377,0.413611002,0.440037003,0.514504885,0.3999481479999999,0.5040588728333334,0.5040588728333334
378,0.504202716,0.4797709779999999,0.437017169,0.43836839,0.594931911,0.4624183839999999,0.4861182579999999,0.4861182579999999
379,0.272111696,0.548397028,0.698255409,0.616643663,0.6246165920000001,0.58381271,0.557306183,0.557306183
380,0.524877834,0.444625166,0.464064994,0.563596695,0.536061561,0.700082181,0.5388847385000001,0.5388847385000001
381,0.713726133,0.509670458,0.440366056,0.414777045,0.489854549,0.519160799,0.5145925066666667,0.5145925066666667
382,0.714987533,0.474618208,0.499477342,0.620583673,0.586408102,0.433483426,0.5549263806666667,0.5549263806666667
383,0.513709811,0.4452062539999999,0.40892717,0.67591938,0.51473617,0.689709905,0.5413681149999999,0.5413681149999999
384,0.491212005,0.510733134,0.500829584,0.4167553579999999,0.54507563,0.501277997,0.4943139513333333,0.49431395133333333
385,0.485937482,0.542591397,0.630999393,0.600124607,0.500962651,0.541092767,0.5502847161666666,0.5502847161666666
386,0.691235387,0.458703887,0.49706105,0.629028857,0.495504614,0.407812645,0.5298910733333334,0.5298910733333334
387,0.69726145,0.512235656,0.571110064,0.539852872,0.474465194,0.478342004,0.54554454,0.54554454
388,0.15597678,0.490394615,0.559236078,0.945333775,0.716650705,0.7347952740000001,0.6003978711666668,0.6003978711666668
389,0.200935591,0.4106942629999999,0.548230091,0.7513276999999999,0.666518296,0.60254743,0.5300422285,0.5300422285
390,0.310439761,0.4652370429999999,0.625485845,0.7636767320000001,0.7349024059999999,0.4968873929999999,0.5661048633333333,0.5661048633333333
391,0.610698889,0.575874939,0.574336434,0.635554074,0.623611047,0.44029722,0.5767287671666667,0.5767287671666667
392,0.7242913059999999,0.442595054,0.4417452089999999,0.617381796,0.62868448,0.301122258,0.5259700171666667,0.5259700171666667
393,0.142802919,0.451438816,0.579790487,0.730925842,0.591145295,0.7719506340000001,0.5446756655,0.5446756655
394,0.703707286,0.512235656,0.4723787239999999,0.544095627,0.477427514,0.472069536,0.5303190571666666,0.5303190571666666
395,0.714987533,0.474618208,0.499477342,0.620583673,0.586408102,0.433483426,0.5549263806666667,0.5549263806666667
396,0.0828531129999999,0.3261130439999999,0.655908273,0.846773008,0.627830118,0.560172944,0.5166084166666666,0.5166084166666666
397,0.426730789,0.478566975,0.61707119,0.625728069,0.5363852689999999,0.555309408,0.5399652833333334,0.5399652833333334
398,0.749270872,0.4998223189999999,0.387733545,0.409525205,0.361483696,0.460764929,0.4781000943333333,0.4781000943333332
399,0.614916948,0.604104877,0.633437409,0.666850874,0.545079368,0.579362971,0.6072920745,0.6072920745
400,0.637297916,0.511566442,0.60861923,0.4965568079999999,0.578216655,0.46801678,0.5500456385,0.5500456385
401,0.6950726309999999,0.511045016,0.49142891,0.596598318,0.549067093,0.357088726,0.533383449,0.533383449
402,0.6251780610000001,0.497339584,0.555202595,0.543388695,0.521487729,0.520918642,0.5439192176666667,0.5439192176666667
403,0.268565878,0.571212073,0.599781576,0.7507986720000001,0.644385753,0.637390271,0.5786890371666668,0.5786890371666668
404,0.647165687,0.447146075,0.588246472,0.5814485110000001,0.599942058,0.4238078329999999,0.5479594393333334,0.5479594393333334
405,0.556118256,0.470521752,0.621871273,0.518957813,0.56894173,0.490951175,0.5378936665,0.5378936665
406,0.445117255,0.449874921,0.570740231,0.7235569559999999,0.573477935,0.438756811,0.5335873515,0.5335873515
407,0.714987533,0.474618208,0.499477342,0.620583673,0.586408102,0.433483426,0.5549263806666667,0.5549263806666667
408,0.714987533,0.474618208,0.499477342,0.620583673,0.586408102,0.433483426,0.5549263806666667,0.5549263806666667
409,0.691197332,0.490319375,0.600058607,0.580780921,0.549843402,0.415077307,0.5545461573333333,0.5545461573333333
410,0.336954793,0.544040696,0.753695052,0.706782267,0.657693406,0.439597121,0.5731272224999999,0.5731272224999999
411,0.458767918,0.50528882,0.596126919,0.67702082,0.6692403,0.616086521,0.5870885496666667,0.5870885496666667
412,0.231166691,0.542000816,0.7323813659999999,0.664447829,0.5228736939999999,0.459463599,0.5253889991666666,0.5253889991666666
413,0.714987533,0.474618208,0.499477342,0.620583673,0.586408102,0.433483426,0.5549263806666667,0.5549263806666667
414,0.413369334,0.4727267089999999,0.51261944,0.583600907,0.6689409820000001,0.674854431,0.5543519671666667,0.5543519671666667
415,0.340758954,0.500882712,0.5317944370000001,0.7728300770000001,0.572580679,0.5391874520000001,0.5430057185,0.5430057185
416,0.714987533,0.474618208,0.499477342,0.620583673,0.586408102,0.433483426,0.5549263806666667,0.5549263806666667
417,0.3399193129999999,0.437100152,0.727762839,0.665199716,0.616409796,0.48142171,0.5446355876666668,0.5446355876666668
418,0.395037895,0.471732809,0.655032965,0.7309932929999999,0.6034713110000001,0.539941169,0.5660349069999999,0.5660349069999999
419,0.3533442539999999,0.477824416,0.63695542,0.790738243,0.702384619,0.548507996,0.584959158,0.584959158
420,0.4795071429999999,0.534129366,0.628520136,0.61428508,0.516678691,0.5144959579999999,0.5479360623333334,0.5479360623333334
421,0.6605419539999999,0.475146974,0.525063385,0.704039984,0.5749968010000001,0.315290553,0.5425132751666667,0.5425132751666667
422,0.714987533,0.474618208,0.499477342,0.620583673,0.586408102,0.433483426,0.5549263806666667,0.5549263806666667
423,0.713688648,0.4584886529999999,0.569639009,0.538430631,0.510933019,0.490263629,0.5469072648333332,0.5469072648333332
424,0.207278863,0.565110045,0.608584577,0.74031368,0.7071767809999999,0.694229517,0.5871155771666666,0.5871155771666666
425,0.714987533,0.474618208,0.499477342,0.620583673,0.586408102,0.433483426,0.5549263806666667,0.5549263806666667
426,0.714987533,0.474618208,0.499477342,0.620583673,0.586408102,0.433483426,0.5549263806666667,0.5549263806666667
427,0.714987533,0.474618208,0.499477342,0.620583673,0.586408102,0.433483426,0.5549263806666667,0.5549263806666667
428,0.714987533,0.474618208,0.499477342,0.620583673,0.586408102,0.433483426,0.5549263806666667,0.5549263806666667
429,0.65551301,0.584470089,0.695737644,0.578546891,0.7273256570000001,0.481722452,0.6205526238333333,0.6205526238333333
430,0.714987533,0.474618208,0.499477342,0.620583673,0.586408102,0.433483426,0.5549263806666667,0.5549263806666667
431,0.4795071429999999,0.534129366,0.628520136,0.61428508,0.516678691,0.5144959579999999,0.5479360623333334,0.5479360623333334
432,0.165618588,0.491723561,0.666963937,0.7870293629999999,0.64011113,0.640267275,0.5652856423333333,0.5652856423333333
433,0.6848649990000001,0.512235656,0.51261944,0.551979126,0.477427514,0.482578482,0.5369508695,0.5369508695
434,0.714987533,0.474618208,0.499477342,0.620583673,0.586408102,0.433483426,0.5549263806666667,0.5549263806666667
435,0.714987533,0.474618208,0.499477342,0.620583673,0.586408102,0.433483426,0.5549263806666667,0.5549263806666667
436,0.714987533,0.474618208,0.499477342,0.620583673,0.586408102,0.433483426,0.5549263806666667,0.5549263806666667
437,0.11435386,0.6736152559999999,0.6301895989999999,0.6864622459999999,0.600117853,0.405080503,0.5183032194999999,0.5183032194999999
438,0.497194146,0.547346329,0.599545011,0.634782855,0.4932023729999999,0.431029696,0.5338500683333333,0.5338500683333333
439,0.714987533,0.474618208,0.499477342,0.620583673,0.586408102,0.433483426,0.5549263806666667,0.5549263806666667
440,0.714987533,0.474618208,0.499477342,0.620583673,0.586408102,0.433483426,0.5549263806666667,0.5549263806666667
441,0.54767353,0.456404621,0.684190595,0.602847825,0.621848881,0.444710719,0.5596126951666667,0.5596126951666667
442,0.4795071429999999,0.534129366,0.628520136,0.61428508,0.516678691,0.5144959579999999,0.5479360623333334,0.5479360623333334
443,0.714987533,0.474618208,0.499477342,0.620583673,0.586408102,0.433483426,0.5549263806666667,0.5549263806666667
444,0.714987533,0.474618208,0.499477342,0.620583673,0.586408102,0.433483426,0.5549263806666667,0.5549263806666667
445,0.714987533,0.474618208,0.499477342,0.620583673,0.586408102,0.433483426,0.5549263806666667,0.5549263806666667
446,0.714987533,0.474618208,0.499477342,0.620583673,0.586408102,0.433483426,0.5549263806666667,0.5549263806666667
447,0.817818927,0.478157593,0.501464365,0.53092315,0.423938834,0.478954284,0.5385428588333333,0.5385428588333333
448,0.714987533,0.474618208,0.499477342,0.620583673,0.586408102,0.433483426,0.5549263806666667,0.5549263806666667
449,0.659374737,0.509017111,0.491202178,0.605707317,0.540193094,0.514962363,0.5534094666666667,0.5534094666666667
450,0.714987533,0.474618208,0.499477342,0.620583673,0.586408102,0.433483426,0.5549263806666667,0.5549263806666667
451,0.118107036,0.4117619079999999,0.604068891,0.820545748,0.579348772,0.616909112,0.5251235778333333,0.5251235778333333
452,0.594525781,0.5368791629999999,0.743588012,0.628743214,0.48643428,0.5425054420000001,0.5887793153333333,0.5887793153333333
453,0.714987533,0.474618208,0.499477342,0.620583673,0.586408102,0.433483426,0.5549263806666667,0.5549263806666667
454,0.7856707159999999,0.534347106,0.719955358,0.482309614,0.572957583,0.507645865,0.6004810403333334,0.6004810403333334
455,0.509931128,0.595772481,0.641821941,0.703187259,0.556169196,0.5378807210000001,0.5907937876666666,0.5907937876666666
456,0.573598264,0.559315351,0.540998792,0.6034890039999999,0.57820681,0.570778684,0.5710644841666667,0.5710644841666667
457,0.525252815,0.551045205,0.6881431159999999,0.634137903,0.552101308,0.511272314,0.5769921101666666,0.5769921101666666
458,0.735901943,0.481600728,0.561926336,0.533674906,0.538346434,0.47444392,0.5543157111666667,0.5543157111666667
459,0.711633898,0.659521238,0.550225203,0.464681906,0.505223913,0.4076808289999999,0.5498278311666667,0.5498278311666667
460,0.714987533,0.474618208,0.499477342,0.620583673,0.586408102,0.433483426,0.5549263806666667,0.5549263806666667
461,0.396700913,0.548014984,0.631183836,0.60668784,0.461679584,0.474532974,0.5198000218333334,0.5198000218333334
462,0.436812154,0.478157593,0.473410283,0.633625312,0.514338304,0.555329803,0.5152789081666667,0.5152789081666667
463,0.714987533,0.474618208,0.499477342,0.620583673,0.586408102,0.433483426,0.5549263806666667,0.5549263806666667
464,0.7788775809999999,0.521751506,0.571110064,0.6422086229999999,0.5570954889999999,0.44797823,0.5865035821666666,0.5865035821666666
465,0.714987533,0.474618208,0.499477342,0.620583673,0.586408102,0.433483426,0.5549263806666667,0.5549263806666667
466,0.714987533,0.474618208,0.499477342,0.620583673,0.586408102,0.433483426,0.5549263806666667,0.5549263806666667
467,0.714987533,0.474618208,0.499477342,0.620583673,0.586408102,0.433483426,0.5549263806666667,0.5549263806666667
468,0.8435474159999999,0.512926411,0.500829584,0.524104482,0.6072514379999999,0.547930579,0.5894316516666666,0.5894316516666666
469,0.714987533,0.474618208,0.499477342,0.620583673,0.586408102,0.433483426,0.5549263806666667,0.5549263806666667
470,0.44004964,0.4976825039999999,0.460688356,0.485633589,0.450207295,0.4576597529999999,0.4653201894999998,0.46532018949999987
471,0.124691902,0.458596615,0.714018198,0.673423709,0.508742618,0.496205085,0.4959463545,0.4959463545
472,0.714987533,0.474618208,0.499477342,0.620583673,0.586408102,0.433483426,0.5549263806666667,0.5549263806666667
473,0.714987533,0.474618208,0.499477342,0.620583673,0.586408102,0.433483426,0.5549263806666667,0.5549263806666667
474,0.553463229,0.401933907,0.541542256,0.50921812,0.598649908,0.467866226,0.5121122743333334,0.5121122743333334
475,0.366974509,0.505522891,0.618376927,0.643969015,0.50215032,0.524644784,0.5269397410000001,0.5269397410000001
476,0.714987533,0.474618208,0.499477342,0.620583673,0.586408102,0.433483426,0.5549263806666667,0.5549263806666667
477,0.714987533,0.474618208,0.499477342,0.620583673,0.586408102,0.433483426,0.5549263806666667,0.5549263806666667
478,0.74392752,0.475502585,0.54569737,0.506802406,0.540615806,0.403389631,0.5359892196666667,0.5359892196666667
479,0.532525066,0.47206235,0.693639565,0.6195826729999999,0.500962651,0.512000715,0.5551288366666667,0.5551288366666667
480,0.572327181,0.463076063,0.461814554,0.672107937,0.6039107979999999,0.438264971,0.5352502506666666,0.5352502506666666
481,0.4795071429999999,0.534129366,0.628520136,0.61428508,0.516678691,0.5144959579999999,0.5479360623333334,0.5479360623333334
482,0.714987533,0.474618208,0.499477342,0.620583673,0.586408102,0.433483426,0.5549263806666667,0.5549263806666667
483,0.193397611,0.582395833,0.70046847,0.700814595,0.53012698,0.611122092,0.5530542635,0.5530542635
484,0.714987533,0.474618208,0.499477342,0.620583673,0.586408102,0.433483426,0.5549263806666667,0.5549263806666667
485,0.714987533,0.474618208,0.499477342,0.620583673,0.586408102,0.433483426,0.5549263806666667,0.5549263806666667
486,0.3732518139999999,0.5051335579999999,0.593235165,0.641051471,0.687839372,0.424253646,0.5374608376666666,0.5374608376666666
487,0.714987533,0.474618208,0.499477342,0.620583673,0.586408102,0.433483426,0.5549263806666667,0.5549263806666667
488,0.186371012,0.460901831,0.6354622639999999,0.677909907,0.648109786,0.548648116,0.5262338193333332,0.5262338193333332
489,0.764476212,0.407582347,0.528065429,0.4957687879999999,0.365404841,0.454152822,0.5025750731666667,0.5025750731666667
490,0.4795071429999999,0.534129366,0.628520136,0.61428508,0.516678691,0.5144959579999999,0.5479360623333334,0.5479360623333334
491,0.15873101,0.457260806,0.453019125,0.62289618,0.564607338,0.567136089,0.4706084246666666,0.47060842466666664
492,0.484573808,0.550014491,0.48066842,0.665481826,0.632393746,0.53185242,0.5574974518333333,0.5574974518333333
493,0.5299141079999999,0.583978138,0.546529014,0.593253309,0.53389883,0.506331565,0.5489841606666667,0.5489841606666667
494,0.714987533,0.474618208,0.499477342,0.620583673,0.586408102,0.433483426,0.5549263806666667,0.5549263806666667
495,0.4309351079999999,0.561661551,0.715454783,0.67081973,0.55221663,0.417354655,0.5580737428333332,0.5580737428333332
496,0.714987533,0.474618208,0.499477342,0.620583673,0.586408102,0.433483426,0.5549263806666667,0.5549263806666667
497,0.714987533,0.474618208,0.499477342,0.620583673,0.586408102,0.433483426,0.5549263806666667,0.5549263806666667
498,0.714987533,0.474618208,0.499477342,0.620583673,0.586408102,0.433483426,0.5549263806666667,0.5549263806666667
499,0.34735936,0.5215262070000001,0.55117802,0.7470228440000001,0.74693379,0.485342014,0.5665603725,0.5665603725
500,0.714987533,0.474618208,0.499477342,0.620583673,0.586408102,0.433483426,0.5549263806666667,0.5549263806666667
501,0.714987533,0.474618208,0.499477342,0.620583673,0.586408102,0.433483426,0.5549263806666667,0.5549263806666667
502,0.516533975,0.4998223189999999,0.572824978,0.454648895,0.5595239679999999,0.5971028429999999,0.5334094963333333,0.5334094963333333
503,0.714987533,0.474618208,0.499477342,0.620583673,0.586408102,0.433483426,0.5549263806666667,0.5549263806666667
504,0.415013763,0.417585389,0.526659572,0.449320719,0.514341932,0.506572447,0.4715823036666666,0.47158230366666665
505,0.524012858,0.407819493,0.51315878,0.634284766,0.563741725,0.4840336179999999,0.5211752066666666,0.5211752066666666
506,0.714987533,0.474618208,0.499477342,0.620583673,0.586408102,0.433483426,0.5549263806666667,0.5549263806666667
507,0.784763168,0.49487342,0.6255071870000001,0.5548668370000001,0.551095763,0.350750977,0.5603095586666667,0.5603095586666667
508,0.4795071429999999,0.534129366,0.628520136,0.61428508,0.516678691,0.5144959579999999,0.5479360623333334,0.5479360623333334
509,0.3704570579999999,0.545382254,0.587783292,0.6965233000000001,0.718163945,0.6383122760000001,0.5927703541666667,0.5927703541666667
510,0.428499739,0.600910131,0.618581997,0.660826657,0.5036066029999999,0.542145589,0.5590951193333333,0.5590951193333333
511,0.439398351,0.478409832,0.52861581,0.6614385070000001,0.5951077060000001,0.640857364,0.557304595,0.557304595
512,0.5697051879999999,0.401933907,0.517728607,0.4965794679999999,0.630178126,0.452944997,0.5115117155,0.5115117155
513,0.3856647279999999,0.471259088,0.557628605,0.628055849,0.652728966,0.582100441,0.5462396128333332,0.5462396128333332
514,0.591035781,0.65132423,0.5819187920000001,0.655428556,0.7535964070000001,0.436536135,0.6116399834999999,0.6116399834999999
515,0.714987533,0.474618208,0.499477342,0.620583673,0.586408102,0.433483426,0.5549263806666667,0.5549263806666667
516,0.145668065,0.549554943,0.6302835170000001,0.7738922009999999,0.5473724329999999,0.671688627,0.553076631,0.553076631
517,0.273396776,0.398717885,0.668214133,0.6992056740000001,0.657578085,0.515557108,0.5354449435,0.5354449435
518,0.7807011840000001,0.430440043,0.666672057,0.5685901760000001,0.52522231,0.396009148,0.5612724863333334,0.5612724863333334
519,0.714987533,0.474618208,0.499477342,0.620583673,0.586408102,0.433483426,0.5549263806666667,0.5549263806666667
520,0.655563165,0.478197318,0.571110064,0.539941535,0.536783188,0.524568702,0.5510273286666667,0.5510273286666667
521,0.714987533,0.474618208,0.499477342,0.620583673,0.586408102,0.433483426,0.5549263806666667,0.5549263806666667
522,0.6833734159999999,0.5587037579999999,0.558650931,0.517517701,0.55743773,0.4060539139999999,0.5469562416666666,0.5469562416666666
523,0.584231274,0.6087794910000001,0.654800077,0.561559004,0.59132109,0.404963601,0.5676090895,0.5676090895
524,0.714987533,0.474618208,0.499477342,0.620583673,0.586408102,0.433483426,0.5549263806666667,0.5549263806666667
525,0.586660683,0.458820732,0.6120605020000001,0.665107053,0.57763372,0.455889499,0.5593620315,0.5593620315
526,0.714987533,0.474618208,0.499477342,0.620583673,0.586408102,0.433483426,0.5549263806666667,0.5549263806666667
527,0.345616394,0.505750005,0.598608948,0.7419527309999999,0.635110828,0.471873465,0.5498187285,0.5498187285
528,0.220038255,0.5050606470000001,0.520554814,0.7591391340000001,0.6034713110000001,0.600427006,0.5347818611666667,0.5347818611666667
529,0.46183071,0.610745969,0.339197896,0.592746779,0.44421263,0.421295892,0.4783383126666666,0.47833831266666665
530,0.4795071429999999,0.534129366,0.628520136,0.61428508,0.516678691,0.5144959579999999,0.5479360623333334,0.5479360623333334
531,0.714987533,0.474618208,0.499477342,0.620583673,0.586408102,0.433483426,0.5549263806666667,0.5549263806666667
532,0.520688374,0.530514205,0.620763115,0.5794404879999999,0.53012698,0.5362645770000001,0.5529662898333333,0.5529662898333333
533,0.4795071429999999,0.534129366,0.628520136,0.61428508,0.516678691,0.5144959579999999,0.5479360623333334,0.5479360623333334
534,0.495943378,0.578100889,0.666040277,0.6056739529999999,0.608900552,0.427970003,0.5637715086666667,0.5637715086666667
535,0.286578708,0.547695822,0.6857142270000001,0.791317446,0.7574716229999999,0.645665967,0.6190739655,0.6190739655
536,0.245223932,0.463529066,0.7211968879999999,0.6528391029999999,0.527327626,0.593615827,0.533955407,0.533955407
537,0.278754262,0.426276104,0.572899184,0.703387122,0.670523601,0.650798365,0.5504397729999999,0.5504397729999999
538,0.4795071429999999,0.534129366,0.628520136,0.61428508,0.516678691,0.5144959579999999,0.5479360623333334,0.5479360623333334
539,0.387900377,0.47057624,0.700915066,0.583644736,0.674928311,0.551251131,0.5615359768333333,0.5615359768333333
540,0.714987533,0.474618208,0.499477342,0.620583673,0.586408102,0.433483426,0.5549263806666667,0.5549263806666667
541,0.42711,0.448034856,0.575046391,0.7297490809999999,0.593965041,0.7117888809999999,0.5809490416666666,0.5809490416666667
542,0.056372552,0.465833111,0.466970325,0.828298263,0.592420861,0.684176062,0.515678529,0.515678529
543,0.7102703570000001,0.474891006,0.589588329,0.512904237,0.5547937789999999,0.378988656,0.5369060606666666,0.5369060606666666
544,0.714987533,0.474618208,0.499477342,0.620583673,0.586408102,0.433483426,0.5549263806666667,0.5549263806666667
545,0.565384998,0.501346903,0.553309851,0.625859815,0.518964021,0.4529555629999999,0.5363035251666666,0.5363035251666666
546,0.424910686,0.521533544,0.577640114,0.7189519190000001,0.68758904,0.578113231,0.5847897556666667,0.5847897556666667
547,0.714987533,0.474618208,0.499477342,0.620583673,0.586408102,0.433483426,0.5549263806666667,0.5549263806666667
548,0.470625246,0.458611902,0.629451767,0.8107702390000001,0.548313989,0.515046749,0.5721366486666667,0.5721366486666667
549,0.4795071429999999,0.534129366,0.628520136,0.61428508,0.516678691,0.5144959579999999,0.5479360623333334,0.5479360623333334
550,0.4795071429999999,0.534129366,0.628520136,0.61428508,0.516678691,0.5144959579999999,0.5479360623333334,0.5479360623333334
551,0.250479808,0.603045331,0.693639565,0.680945729,0.626311252,0.554496389,0.5681530123333334,0.5681530123333334
552,0.714987533,0.474618208,0.499477342,0.620583673,0.586408102,0.433483426,0.5549263806666667,0.5549263806666667
553,0.714987533,0.474618208,0.499477342,0.620583673,0.586408102,0.433483426,0.5549263806666667,0.5549263806666667
554,0.579744223,0.597608881,0.709804276,0.558317574,0.541053671,0.450391262,0.5728199811666667,0.5728199811666668
555,0.714987533,0.474618208,0.499477342,0.620583673,0.586408102,0.433483426,0.5549263806666667,0.5549263806666667
556,0.10900503,0.536924497,0.6529357889999999,0.75828828,0.645747106,0.583431365,0.5477220111666666,0.5477220111666666
557,0.714987533,0.474618208,0.499477342,0.620583673,0.586408102,0.433483426,0.5549263806666667,0.5549263806666667
558,0.60675434,0.4921383379999999,0.497866415,0.7060992770000001,0.6126238829999999,0.607202799,0.5871141753333333,0.5871141753333333
559,0.4795071429999999,0.534129366,0.628520136,0.61428508,0.516678691,0.5144959579999999,0.5479360623333334,0.5479360623333334
560,0.5693347679999999,0.536187277,0.595948795,0.646567871,0.5209146379999999,0.4984890329999999,0.561240397,0.561240397
561,0.428726247,0.472897361,0.571110064,0.6947537540000001,0.598649908,0.740279467,0.5844028001666667,0.5844028001666668
562,0.4795071429999999,0.534129366,0.628520136,0.61428508,0.516678691,0.5144959579999999,0.5479360623333334,0.5479360623333334
563,0.526030841,0.450811221,0.625143628,0.603516906,0.578286973,0.578636229,0.5604042996666667,0.5604042996666667
564,0.309172053,0.4848547589999999,0.553346689,0.730527114,0.5844018129999999,0.564566579,0.5378115011666667,0.5378115011666667
565,0.714987533,0.474618208,0.499477342,0.620583673,0.586408102,0.433483426,0.5549263806666667,0.5549263806666667
566,0.192052693,0.5320101220000001,0.5522062289999999,0.718325668,0.5334171520000001,0.689916559,0.5363214038333334,0.5363214038333334
567,0.506901508,0.558067612,0.63104231,0.591580157,0.662982011,0.5518766589999999,0.5837417095,0.5837417095
568,0.714987533,0.474618208,0.499477342,0.620583673,0.586408102,0.433483426,0.5549263806666667,0.5549263806666667
569,0.117639417,0.56659177,0.538265075,0.724033205,0.638785639,0.552862364,0.5230295783333333,0.5230295783333333
570,0.577875901,0.459474595,0.397603051,0.507219464,0.580133418,0.431786743,0.492348862,0.492348862
571,0.714987533,0.474618208,0.499477342,0.620583673,0.586408102,0.433483426,0.5549263806666667,0.5549263806666667
572,0.108618576,0.7053212790000001,0.730156713,0.744086558,0.681071278,0.701651703,0.6118176845,0.6118176845
573,0.76250282,0.556553106,0.496552034,0.651481975,0.413585536,0.473965181,0.5591067753333333,0.5591067753333333
574,0.612521737,0.540902161,0.571110064,0.604956554,0.651799695,0.599174479,0.596744115,0.596744115
575,0.407117802,0.5833049579999999,0.506982818,0.8685040909999999,0.617363306,0.534972834,0.5863743014999999,0.5863743015
576,0.122135806,0.42623674,0.623338585,0.81983501,0.742599398,0.6920458079999999,0.5710318911666666,0.5710318911666666
577,0.623301444,0.344544014,0.489477689,0.481056107,0.578076287,0.4586505179999999,0.4958510098333333,0.4958510098333333
578,0.507497327,0.4341931429999999,0.577110597,0.737992502,0.6362788079999999,0.541201399,0.5723789626666668,0.5723789626666668
579,0.537175964,0.616180747,0.578455311,0.712713336,0.52765812,0.594382482,0.5944276599999999,0.5944276599999999
580,0.3041171,0.600573706,0.66931616,0.6551800520000001,0.619409555,0.610960329,0.576592817,0.576592817
581,0.4795071429999999,0.534129366,0.628520136,0.61428508,0.516678691,0.5144959579999999,0.5479360623333334,0.5479360623333334
582,0.600350998,0.531646154,0.620706537,0.608381374,0.595030356,0.4559642989999999,0.5686799530000001,0.5686799530000001
583,0.714987533,0.474618208,0.499477342,0.620583673,0.586408102,0.433483426,0.5549263806666667,0.5549263806666667
584,0.714987533,0.474618208,0.499477342,0.620583673,0.586408102,0.433483426,0.5549263806666667,0.5549263806666667
585,0.176400643,0.495545695,0.644112008,0.713116523,0.545333215,0.531448261,0.5176593908333333,0.5176593908333333
586,0.561607647,0.540902161,0.571110064,0.563515007,0.651799695,0.6035590160000001,0.582082265,0.5820822650000002
587,0.714987533,0.474618208,0.499477342,0.620583673,0.586408102,0.433483426,0.5549263806666667,0.5549263806666667
588,0.438386056,0.395781438,0.497853084,0.626342567,0.553735495,0.570418235,0.5137528125,0.5137528125
589,0.714987533,0.474618208,0.499477342,0.620583673,0.586408102,0.433483426,0.5549263806666667,0.5549263806666667
590,0.714987533,0.474618208,0.499477342,0.620583673,0.586408102,0.433483426,0.5549263806666667,0.5549263806666667
591,0.714987533,0.474618208,0.499477342,0.620583673,0.586408102,0.433483426,0.5549263806666667,0.5549263806666667
592,0.676957735,0.45785855,0.486418855,0.524364768,0.466631329,0.497519601,0.5182918063333334,0.5182918063333334
593,0.714987533,0.474618208,0.499477342,0.620583673,0.586408102,0.433483426,0.5549263806666667,0.5549263806666667
594,0.269786507,0.471369022,0.6710937090000001,0.788228578,0.72231973,0.6095488370000001,0.5887243971666668,0.5887243971666668
595,0.6530397370000001,0.517666541,0.543361796,0.640052981,0.625912838,0.335686092,0.5526199975,0.5526199975
596,0.714987533,0.474618208,0.499477342,0.620583673,0.586408102,0.433483426,0.5549263806666667,0.5549263806666667
597,0.572366171,0.620196077,0.585040818,0.696972147,0.742599398,0.4939107029999999,0.618514219,0.6185142189999999
598,0.5450332370000001,0.620247392,0.543130245,0.495080555,0.651435117,0.4769602129999999,0.5553144598333334,0.5553144598333334
599,0.493585558,0.368172509,0.476755762,0.684114256,0.523165323,0.583216139,0.5215015911666666,0.5215015911666666
600,0.169176695,0.441853558,0.666592269,0.8094193940000001,0.72231973,0.6459170879999999,0.5758797890000001,0.5758797890000001
601,0.259165041,0.5150915660000001,0.59561108,0.629497114,0.600117853,0.477206687,0.5127815568333333,0.5127815568333333
602,0.778443793,0.44804585,0.51261944,0.426034337,0.60802967,0.46986645,0.54050659,0.54050659
603,0.283555789,0.502600115,0.663012632,0.829778647,0.5869262239999999,0.467374771,0.555541363,0.555541363
604,0.504424954,0.399902742,0.55916126,0.437461624,0.520588364,0.55383763,0.4958960956666666,0.49589609566666665
605,0.565925741,0.503760936,0.47165899,0.548227998,0.594003012,0.5882817579999999,0.5453097391666666,0.5453097391666666
606,0.714987533,0.474618208,0.499477342,0.620583673,0.586408102,0.433483426,0.5549263806666667,0.5549263806666667
607,0.564866935,0.571476368,0.651891157,0.507415201,0.483797361,0.6199040029999999,0.5665585041666666,0.5665585041666666
608,0.714987533,0.474618208,0.499477342,0.620583673,0.586408102,0.433483426,0.5549263806666667,0.5549263806666667
609,0.406036245,0.508674185,0.59626305,0.6739137740000001,0.608900552,0.41737736,0.5351941943333335,0.5351941943333335
610,0.335715192,0.543724475,0.634469332,0.671414465,0.527602569,0.531327389,0.5407089036666666,0.5407089036666666
611,0.257466674,0.520721896,0.542119305,0.801965825,0.727637869,0.5331578339999999,0.5638449005,0.5638449005
612,0.352386715,0.5470650020000001,0.608794478,0.7498263140000001,0.7033901640000001,0.553040505,0.5857505296666666,0.5857505296666667
613,0.345118859,0.517581391,0.675778898,0.6664368079999999,0.552101308,0.3883215989999999,0.5242231438333332,0.5242231438333332
614,0.544589396,0.351066948,0.4594584779999999,0.3909464789999999,0.474510975,0.41586281,0.4394058476666667,0.43940584766666674
615,0.278672064,0.526502361,0.5245807579999999,0.840740151,0.6994797890000001,0.589604762,0.5765966475000001,0.5765966475
616,0.4795071429999999,0.534129366,0.628520136,0.61428508,0.516678691,0.5144959579999999,0.5479360623333334,0.5479360623333334
617,0.533567065,0.515220334,0.598237672,0.531884545,0.5089633339999999,0.6411523570000001,0.5548375511666667,0.5548375511666667
618,0.4795071429999999,0.534129366,0.628520136,0.61428508,0.516678691,0.5144959579999999,0.5479360623333334,0.5479360623333334
619,0.714987533,0.474618208,0.499477342,0.620583673,0.586408102,0.433483426,0.5549263806666667,0.5549263806666667
620,0.714987533,0.474618208,0.499477342,0.620583673,0.586408102,0.433483426,0.5549263806666667,0.5549263806666667
621,0.237940836,0.499870856,0.624097861,0.621194646,0.53012698,0.5511054160000001,0.5107227658333333,0.5107227658333333
622,0.241343022,0.4391337429999999,0.537950329,0.7570576240000001,0.70570995,0.49009085,0.5285475863333334,0.5285475863333334
623,0.745529214,0.4743235079999999,0.507253084,0.549657912,0.500962651,0.318850607,0.5160961626666666,0.5160961626666666
624,0.7294429020000001,0.424872164,0.382000945,0.5125581579999999,0.487285126,0.447427867,0.497264527,0.497264527
625,0.09904432,0.537775163,0.693929905,0.648766957,0.5755945020000001,0.7199139259999999,0.5458374621666666,0.5458374621666666
626,0.81486102,0.49115353,0.501661201,0.529931515,0.513279822,0.384001904,0.5391481653333333,0.5391481653333333
627,0.4795071429999999,0.534129366,0.628520136,0.61428508,0.516678691,0.5144959579999999,0.5479360623333334,0.5479360623333334
628,0.714987533,0.474618208,0.499477342,0.620583673,0.586408102,0.433483426,0.5549263806666667,0.5549263806666667
629,0.643753709,0.370961977,0.599787694,0.609969105,0.502540287,0.400257994,0.5212117943333333,0.5212117943333333
630,0.4795071429999999,0.534129366,0.628520136,0.61428508,0.516678691,0.5144959579999999,0.5479360623333334,0.5479360623333334
