,Role_Guru,Personal_Values_Facet_Cont_SelfDirectionThought,Temperament_Phlegmatic,Personal_Values_Facet_Cont_Reputation,Mean,Mean_RoleGuru
0,0.758007938,0.300860021,0.25,0.303196798,0.40301618925,0.4030161892500001
1,0.38203138,0.326278361,0.75,0.3387208579999999,0.4492576497499999,0.4492576497499999
2,0.34142547,0.271818353,0.5,0.685387537,0.44965784,0.44965784
3,0.379951474,0.374887685,0.5,0.2107834689999999,0.366405657,0.366405657
4,0.632996013,0.253146845,0.75,0.36634715,0.500622502,0.500622502
5,0.480595465,0.307246856,0.25,0.253270545,0.3227782165,0.3227782165
6,0.587758997,0.32928704,0.5,0.2608653139999999,0.4194778377499999,0.41947783774999997
7,0.381446888,0.220327209,0.5,0.50478439,0.4016396217499999,0.40163962174999995
8,0.5360096839999999,0.2220797289999999,1.0,0.530227908,0.5720793302499999,0.5720793302499999
9,0.649759834,0.244408323,0.5,0.36058655,0.43868867675,0.43868867675
10,0.61755167,0.335454956,0.25,0.3297064269999999,0.38317826325,0.38317826325
11,0.478571156,0.303632023,0.5,0.247252413,0.382363898,0.382363898
12,0.4009870679999999,0.316930738,0.5,0.6203158529999999,0.45955841475,0.45955841475
13,0.789314065,0.275918641,0.25,0.531340393,0.46164327475,0.46164327475000005
14,0.4645738829999999,0.220327209,0.5,0.309433577,0.37358366725,0.37358366725
15,0.489223386,0.252469617,0.0,0.485805804,0.30687470175,0.30687470175
16,0.39648468,0.2165246189999999,0.0,0.347089347,0.2400246614999999,0.24002466149999993
17,0.450905111,0.359122811,0.25,0.567653151,0.40692026825,0.40692026825
18,0.406210166,0.298886979,0.5,0.15175895,0.33921402375,0.3392140237499999
19,0.329476288,0.391153567,0.0,0.251960836,0.24314767275,0.24314767274999996
20,0.607838711,0.263279098,0.5,0.50487012,0.4689969822499999,0.4689969822499999
21,0.344382082,0.335454956,0.25,0.3365673729999999,0.31660110275,0.31660110275
22,0.373449582,0.234558588,0.25,0.453563637,0.32789295175,0.32789295175
23,0.474055232,0.307246856,0.5,0.408305276,0.422401841,0.42240184100000006
24,0.337412599,0.309357008,0.5,0.3900245329999999,0.3841985349999999,0.3841985349999999
25,0.362213737,0.2495805569999999,0.25,0.514932883,0.3441817942499999,0.3441817942499999
26,0.4319220079999999,0.316214405,0.75,0.4289727929999999,0.4817773015,0.48177730150000003
27,0.793956338,0.250324673,0.25,0.382561782,0.41921069825,0.41921069825000007
28,0.346394636,0.308932822,0.0,0.395070185,0.26259941075,0.26259941075
29,0.51430984,0.343083415,0.0,0.322694556,0.29502195275,0.29502195275000004
30,0.499528116,0.293391383,0.25,0.219629611,0.3156372775,0.3156372775
31,0.3788125639999999,0.220327209,0.5,0.3990731279999999,0.3745532252499999,0.37455322524999995
32,0.442751117,0.307246856,0.25,0.29039714,0.32259877825,0.32259877825
33,0.649759834,0.244408323,0.5,0.36058655,0.43868867675,0.43868867675
34,0.4124304479999999,0.220327209,0.0,0.264996701,0.2244385894999999,0.22443858949999992
35,0.48885147,0.145022699,0.25,0.21028915,0.27354082975,0.27354082975
36,0.606848663,0.26138314,0.75,0.43546562,0.51342435575,0.5134243557499999
37,0.435551546,0.402354593,0.0,0.4993234029999999,0.3343073854999999,0.3343073854999999
38,0.289326984,0.400837449,0.25,0.6753240309999999,0.403872116,0.403872116
39,0.4159196639999999,0.277985538,0.5,0.5642628239999999,0.4395420064999999,0.43954200649999997
40,0.332839403,0.284920847,0.75,0.421434412,0.4472986654999999,0.44729866549999997
41,0.434150739,0.2040401919999999,0.0,0.255500596,0.2234228817499999,0.22342288174999994
42,0.3538998679999999,0.3425442429999999,0.25,0.500233409,0.3616693799999999,0.36166937999999993
43,0.487101075,0.303650686,0.0,0.257636314,0.26209701875,0.26209701875
44,0.513541354,0.209470217,0.25,0.275637833,0.312162351,0.312162351
45,0.407148524,0.197458191,0.0,0.270848133,0.218863712,0.21886371200000002
46,0.511596383,0.251738306,0.5,0.412233311,0.418892,0.41889200000000004
47,0.458525114,0.2653509089999999,0.5,0.354616921,0.3946232359999999,0.39462323599999993
48,0.559789259,0.346785984,0.25,0.170863895,0.3318597845,0.3318597845
49,0.265234869,0.390763186,0.5,0.538615321,0.423653344,0.42365334399999993
50,0.588148007,0.285584299,0.25,0.4337214889999999,0.3893634487499999,0.38936344874999995
51,0.361974515,0.384571566,0.0,0.469439121,0.3039963005,0.3039963005
52,0.630490679,0.342660756,0.75,0.5637370429999999,0.5717221195,0.5717221195
53,0.468037161,0.400837449,0.25,0.304848635,0.35593081125,0.35593081125
54,0.602001047,0.294947674,0.0,0.5181511360000001,0.35377496425,0.35377496424999993
55,0.468100672,0.23496016,0.75,0.388701205,0.46044050925,0.4604405092500001
56,0.605983708,0.38988982,0.5,0.277367138,0.4433101665,0.44331016649999994
57,0.709229117,0.302747357,0.25,0.153942699,0.3539797932499999,0.35397979324999995
58,0.42356588,0.44167235,0.5,0.476009472,0.4603119255,0.46031192550000005
59,0.479157792,0.25082672,0.25,0.407934604,0.346979779,0.346979779
60,0.451051839,0.332151793,0.5,0.163329885,0.36163337925,0.36163337925
61,0.539576877,0.31773016,0.5,0.193230886,0.38763448075,0.38763448075
62,0.550087573,0.224078566,0.0,0.374465591,0.2871579325,0.2871579325
63,0.605646189,0.338319708,0.5,0.217391271,0.4153392919999999,0.415339292
64,0.4146160029999999,0.267814127,0.5,0.425663937,0.40202351675,0.40202351675
65,0.355128502,0.307246856,0.25,0.418299067,0.33266860625,0.33266860625
66,0.410823285,0.2482056269999999,0.0,0.258127995,0.2292892267499999,0.22928922674999996
67,0.483602176,0.384571566,0.25,0.462355647,0.39513234725,0.39513234725000007
68,0.4922327079999999,0.316930738,0.0,0.265469676,0.2686582804999999,0.26865828049999996
69,0.4303632189999999,0.220327209,0.25,0.253270545,0.2884902432499999,0.2884902432499999
70,0.456287638,0.221756928,0.25,0.383566785,0.32790283775,0.32790283775
71,0.281212687,0.258637532,0.5,0.403525416,0.36084390875,0.36084390875
72,0.410778832,0.1877743089999999,0.0,0.3001145289999999,0.2246669174999999,0.22466691749999992
73,0.260061016,0.277498009,0.5,0.3738100729999999,0.3528422744999999,0.35284227449999994
74,0.260061016,0.277498009,0.5,0.3738100729999999,0.3528422744999999,0.35284227449999994
75,0.6318037679999999,0.316930738,0.5,0.216178008,0.4162281284999999,0.41622812849999996
76,0.416220222,0.220327209,0.25,0.539368325,0.356478939,0.356478939
77,0.4769679739999999,0.255265496,0.0,0.554068429,0.32157547475,0.32157547475
78,0.6064730229999999,0.311272058,0.0,0.433099835,0.337711229,0.337711229
79,0.658888597,0.203673548,0.5,0.270430583,0.408248182,0.40824818199999996
80,0.356275764,0.2417161789999999,0.25,0.548205066,0.3490492522499999,0.34904925224999994
81,0.627421621,0.3676002439999999,0.25,0.2248050439999999,0.36745672725,0.36745672725
82,0.596661922,0.502502837,0.75,0.336311966,0.54636918125,0.5463691812500001
83,0.543148234,0.436511069,0.0,0.595753664,0.39385324175,0.39385324175
84,0.5099835629999999,0.203673548,0.25,0.375716927,0.3348435094999999,0.33484350949999997
85,0.477096423,0.267814127,0.25,0.228343081,0.30581340775,0.30581340775000004
86,0.347164025,0.2582066719999999,0.0,0.31772231,0.2307732517499999,0.23077325174999994
87,0.40355553,0.245201913,0.0,0.514609722,0.29084179125,0.29084179125000004
88,0.407665403,0.267814127,0.25,0.405738559,0.33280452225,0.33280452225
89,0.4391919179999999,0.334432496,0.0,0.322523577,0.27403699775,0.27403699775000007
90,0.376652289,0.405960537,0.25,0.262827936,0.3238601905,0.32386019050000003
91,0.291438508,0.220327209,0.0,0.575624006,0.2718474307499999,0.2718474307499999
92,0.52037763,0.2029953639999999,0.25,0.225918545,0.29982288475,0.29982288475
93,0.388892835,0.220327209,0.5,0.278584776,0.346951205,0.34695120499999993
94,0.561442118,0.267814127,0.25,0.253270545,0.3331316975,0.33313169750000005
95,0.631297596,0.307246856,0.25,0.377720912,0.391566341,0.39156634099999993
96,0.342395027,0.313043526,0.5,0.355663898,0.37777561275,0.37777561275
97,0.3778567539999999,0.246479886,0.0,0.231695288,0.2140079819999999,0.21400798199999993
98,0.35869656,0.309357008,0.25,0.24689072,0.291236072,0.291236072
99,0.409956316,0.203673548,0.5,0.445325792,0.389738914,0.389738914
100,0.525325893,0.123633729,0.0,0.257690356,0.2266624945,0.2266624945
101,0.532169925,0.220327209,0.25,0.281703904,0.3210502595,0.3210502595
102,0.7324121709999999,0.236240563,0.5,0.444068017,0.47818018775,0.47818018775
103,0.448876932,0.27430284,0.0,0.549643625,0.3182058492499999,0.31820584924999995
104,0.4987009329999999,0.316930738,0.5,0.426713561,0.435586308,0.435586308
105,0.465608828,0.220327209,0.25,0.2596683039999999,0.29890108525,0.29890108525
106,0.3813967379999999,0.2582436,0.75,0.344493606,0.4335334859999999,0.43353348599999997
107,0.419182766,0.220327209,0.25,0.441431586,0.33273539025,0.33273539024999993
108,0.4924735979999999,0.1877743089999999,0.0,0.170352217,0.2126500309999999,0.21265003099999993
109,0.6128408439999999,0.327556165,0.25,0.516495911,0.42672323,0.42672322999999995
110,0.5267642379999999,0.220327209,0.5,0.171203298,0.3545736862499999,0.35457368624999996
111,0.443694396,0.303495119,0.25,0.323668576,0.3302145227499999,0.33021452274999996
112,0.507244661,0.2261238789999999,0.5,0.2181030889999999,0.3628679072499999,0.3628679072499999
113,0.42879844,0.313043526,0.0,0.3586397779999999,0.2751204359999999,0.27512043599999997
114,0.433673596,0.2937638919999999,0.25,0.630541449,0.40199473425,0.40199473425000004
115,0.429941924,0.250165401,0.25,0.441826403,0.342983432,0.34298343200000003
116,0.609193494,0.2261238789999999,0.5,0.33448019,0.41744939075,0.4174493907499999
117,0.580413417,0.316930738,0.0,0.3246209,0.30549126375,0.30549126375
118,0.5950483529999999,0.232691251,0.5,0.395970293,0.43092747425,0.43092747424999994
119,0.354746159,0.277498009,0.25,0.221128844,0.275843253,0.27584325300000007
120,0.391904231,0.247840131,0.25,0.436210954,0.331488829,0.331488829
121,0.361461453,0.269487705,0.25,0.4003979729999999,0.32033678275,0.32033678275000005
122,0.5191569229999999,0.2421014889999999,0.75,0.328953727,0.46005303475,0.46005303475
123,0.38919233,0.378403651,0.0,0.56623487,0.3334577127499999,0.33345771274999997
124,0.499801549,0.245201913,0.25,0.489682258,0.3711714299999999,0.37117142999999997
125,0.516055106,0.316930738,0.25,0.421408999,0.37609871075,0.37609871075
126,0.21506393,0.294371561,0.0,0.453845741,0.2408203079999999,0.24082030799999998
127,0.531230546,0.384571566,0.5,0.34127787,0.4392699955,0.43926999550000007
128,0.293452885,0.329309409,0.25,0.576511784,0.3623185195,0.3623185195
129,0.53638214,0.235991195,0.25,0.367113452,0.34737169675,0.34737169675
130,0.578377144,0.314652423,0.0,0.297836764,0.2977165827499999,0.29771658274999996
131,0.609937101,0.307246856,0.0,0.382473901,0.3249144645,0.3249144645
132,0.545867845,0.307246856,0.5,0.442181101,0.4488239505,0.4488239505
133,0.39274236,0.396276655,0.5,0.367644,0.41416575375,0.41416575375000003
134,0.714123473,0.282126554,0.5,0.440137165,0.4840967979999999,0.48409679799999994
135,0.588311416,0.232691251,0.5,0.3862254579999999,0.42680703125,0.42680703125
136,0.572696809,0.261555924,0.5,0.396183496,0.43260905725,0.43260905725000004
137,0.48025401,0.317449844,0.0,0.2449161769999999,0.2606550077499999,0.2606550077499999
138,0.585764261,0.235651791,0.25,0.476930869,0.38708673025,0.38708673025
139,0.341865467,0.316540357,0.25,0.415076277,0.33087052525,0.33087052525
140,0.60219703,0.2703983239999999,0.5,0.462533402,0.458782189,0.45878218899999995
141,0.5484708979999999,0.283599287,0.5,0.359025761,0.4227739865,0.42277398650000003
142,0.452643375,0.316930738,0.0,0.236963951,0.251634516,0.251634516
143,0.416745306,0.307246856,0.5,0.358174187,0.39554158725,0.39554158724999994
144,0.355676246,0.268365927,0.5,0.3977115479999999,0.3804384302499999,0.3804384302499999
145,0.531233497,0.317270036,0.25,0.299191369,0.3494237255,0.34942372549999995
146,0.375178284,0.32562289,0.25,0.302173356,0.3132436325,0.3132436324999999
147,0.308202707,0.335454956,0.0,0.135150612,0.19470206875,0.19470206875000004
148,0.6588183089999999,0.328635826,0.5,0.098185559,0.3964099235,0.3964099235
149,0.474363049,0.325020993,0.25,0.304848635,0.33855816925,0.33855816925
150,0.567388339,0.307246856,0.25,0.2671105589999999,0.3479364385,0.34793643850000006
151,0.533593644,0.307246856,0.5,0.530731972,0.467893118,0.46789311800000005
152,0.4675790629999999,0.316930738,0.0,0.236963951,0.255368438,0.25536843800000003
153,0.37984257,0.219337533,0.0,0.532072915,0.2828132545,0.2828132545
154,0.649759834,0.244408323,0.5,0.36058655,0.43868867675,0.43868867675
155,0.341692076,0.220327209,0.25,0.31065057,0.28066746375,0.28066746375
156,0.485823216,0.374887685,0.5,0.545544061,0.4765637405,0.4765637405
157,0.694484208,0.2595696839999999,0.5,0.239493598,0.4233868724999999,0.4233868725
158,0.527762893,0.267814127,0.25,0.232832564,0.319602396,0.319602396
159,0.556462076,0.327461469,0.25,0.295466065,0.3573474025,0.3573474025
160,0.269421373,0.3451388379999999,0.0,0.35044428,0.24125112275,0.24125112275000002
161,0.4504167779999999,0.203673548,0.5,0.251640388,0.3514326785,0.3514326785
162,0.3221157619999999,0.2475128489999999,0.0,0.409369461,0.2447495179999999,0.24474951799999992
163,0.327138626,0.287172873,0.0,0.472893097,0.271801149,0.271801149
164,0.478774922,0.322467911,0.25,0.1789502439999999,0.3075482692499999,0.30754826924999995
165,0.390664205,0.2810262189999999,0.25,0.281703904,0.300848582,0.300848582
166,0.540813722,0.2459352219999999,0.0,0.436992322,0.3059353165,0.3059353165
167,0.7229168640000001,0.228059985,0.5,0.264156114,0.42878324075,0.42878324075
168,0.704467563,0.254810622,0.25,0.408397227,0.404418853,0.4044188530000001
169,0.42671065,0.220327209,0.25,0.501932167,0.3497425065,0.3497425065
170,0.51416225,0.312498518,0.25,0.359556717,0.35905437125,0.35905437125
171,0.4787765679999999,0.308484507,0.25,0.439191547,0.3691131555,0.3691131555
172,0.424225702,0.351301897,0.5,0.311193783,0.3966803455,0.39668034550000003
173,0.453033074,0.277498009,0.5,0.330193585,0.390181167,0.390181167
174,0.389979829,0.28408001,0.25,0.527478369,0.362884552,0.3628845520000001
175,0.551704683,0.307246856,0.0,0.34804599,0.30174938225,0.30174938225
176,0.658569802,0.14028739,0.5,0.260555594,0.3898531965,0.3898531965
177,0.65684779,0.313043526,0.0,0.240787105,0.30266960525,0.30266960525
178,0.34160745,0.316930738,0.0,0.2314028669999999,0.2224852637499999,0.22248526374999997
179,0.490451352,0.337190511,0.0,0.287237448,0.27871982775,0.27871982775
180,0.32584128,0.257380165,0.25,0.446602032,0.3199558692499999,0.31995586924999997
181,0.4692703729999999,0.520490475,0.5,0.600597704,0.522589638,0.522589638
182,0.453388841,0.401126439,0.0,0.481798421,0.33407842525,0.33407842525
183,0.588116978,0.203673548,0.25,0.213259885,0.31376260275,0.31376260275
184,0.4394920479999999,0.348862272,0.25,0.397874204,0.359057131,0.359057131
185,0.5964791770000001,0.274482586,0.5,0.395970293,0.441733014,0.441733014
186,0.4853769779999999,0.349175611,0.5,0.483613675,0.4545415659999999,0.454541566
187,0.322378765,0.2414956039999999,0.25,0.386663072,0.3001343602499999,0.30013436024999995
188,0.564706531,0.236543548,0.5,0.2420200139999999,0.3858175232499999,0.3858175232499999
189,0.416630442,0.2835707819999999,0.25,0.419369802,0.3423927565,0.3423927565
190,0.3233887239999999,0.28408001,0.25,0.412405759,0.3174686232499999,0.31746862324999997
191,0.60087569,0.2381650689999999,1.0,0.411997885,0.562759661,0.562759661
192,0.379640457,0.267814127,0.0,0.405738559,0.26329828575,0.26329828574999997
193,0.545962373,0.242715895,0.5,0.220563761,0.37731050725,0.37731050725
194,0.43694165,0.187776151,0.0,0.383415282,0.25203327075,0.25203327075
195,0.372747557,0.279719679,0.25,0.44220005,0.3361668215,0.3361668215
196,0.4360319929999999,0.274698234,0.0,0.431623169,0.2855883489999999,0.28558834899999996
197,0.481668751,0.307246856,0.5,0.3430344039999999,0.40798750275,0.40798750275
198,0.423697532,0.279622779,0.5,0.453992646,0.4143282392499999,0.41432823925
199,0.500651572,0.318885315,0.75,0.380079825,0.4874041779999999,0.48740417799999997
200,0.385914806,0.360382261,0.25,0.533679902,0.38249424225,0.38249424225
201,0.30027625,0.276694928,0.0,0.369312924,0.2365710254999999,0.23657102549999998
202,0.575407159,0.2710736569999999,0.0,0.49788001,0.3360902065,0.3360902065
203,0.4983064229999999,0.203673548,0.5,0.244989641,0.361742403,0.361742403
204,0.50724789,0.348505441,0.0,0.315416847,0.2927925445,0.2927925445
205,0.649759834,0.244408323,0.5,0.36058655,0.43868867675,0.43868867675
206,0.768173966,0.247462748,0.25,0.482869302,0.4371265039999999,0.437126504
207,0.4998382879999999,0.233916572,0.75,0.500582809,0.4960844172499999,0.49608441725
208,0.595657085,0.293811237,0.25,0.43122866,0.3926742454999999,0.3926742454999999
209,0.4382750689999999,0.261749312,0.25,0.567008934,0.37925832875,0.37925832875
210,0.33839757,0.306856475,0.5,0.4358033079999999,0.3952643382499999,0.3952643382499999
211,0.526240181,0.242354875,0.0,0.2248050439999999,0.2483500249999999,0.24835002499999995
212,0.5002061720000001,0.203673548,0.25,0.279013231,0.30822323775,0.30822323775000005
213,0.182110376,0.288487424,0.75,0.394995485,0.4038983212499999,0.40389832124999997
214,0.510843016,0.3454371679999999,1.0,0.379019093,0.55882481925,0.5588248192499999
215,0.60440852,0.270829326,0.5,0.448060034,0.45582447,0.45582447000000004
216,0.533141845,0.289203098,0.0,0.208408707,0.2576884124999999,0.2576884124999999
217,0.384172921,0.269136157,0.75,0.484109574,0.471854663,0.47185466300000006
218,0.509329786,0.289203098,0.75,0.108615281,0.41428704125,0.4142870412500001
219,0.6727482379999999,0.227702611,0.75,0.476119207,0.531642514,0.531642514
220,0.545829586,0.335454956,0.25,0.23317698,0.3411153805,0.3411153805
221,0.490077667,0.296416837,0.25,0.254244251,0.32268468875,0.32268468874999995
222,0.5623850429999999,0.282368031,0.75,0.460030218,0.5136958229999999,0.5136958229999999
223,0.649759834,0.244408323,0.5,0.36058655,0.43868867675,0.43868867675
224,0.548332452,0.293464081,0.0,0.342759855,0.296139097,0.296139097
225,0.361381486,0.928517332,0.25,0.51549219,0.513847752,0.5138477520000001
226,0.431484342,0.375014949,0.25,0.268465976,0.33124131675,0.33124131674999996
227,0.590822098,0.230175113,0.25,0.383215761,0.3635532429999999,0.36355324299999997
228,0.615067437,0.274482586,0.25,0.51450914,0.4135147907499999,0.4135147907499999
229,0.514473286,0.227207038,0.25,0.370707826,0.3405970375,0.3405970375
230,0.504849303,0.324461255,0.5,0.43716885,0.441619852,0.44161985200000003
231,0.29696039,0.317270036,0.5,0.4502372839999999,0.3911169275,0.3911169275
232,0.529087025,0.2861970889999999,0.25,0.444986807,0.37756773025,0.37756773025
233,0.425792782,0.248522791,0.25,0.269578692,0.29847356625,0.29847356625
234,0.649759834,0.244408323,0.5,0.36058655,0.43868867675,0.43868867675
235,0.276648791,0.238785306,1.0,0.5887091320000001,0.52603580725,0.52603580725
236,0.649759834,0.244408323,0.5,0.36058655,0.43868867675,0.43868867675
237,0.649759834,0.244408323,0.5,0.36058655,0.43868867675,0.43868867675
238,0.4519648539999999,0.276508348,0.25,0.364502769,0.33574399275,0.33574399274999994
239,0.4008771539999999,0.282935596,0.75,0.511736996,0.4863874365,0.4863874365
240,0.561732546,0.259844056,0.75,0.414227941,0.49645113575,0.49645113575000005
241,0.539869264,0.238022475,0.75,0.3788713529999999,0.4766907729999999,0.476690773
242,0.584328284,0.265835968,0.5,0.377852904,0.432004289,0.432004289
243,0.3840999639999999,0.335849566,0.0,0.580566744,0.3251290684999999,0.32512906849999995
244,0.435624178,0.271677153,0.5,0.481634959,0.4222340725,0.42223407250000006
245,0.414739174,0.338319708,0.5,0.157228938,0.352571955,0.352571955
246,0.448620704,0.2748097439999999,0.0,0.438148018,0.2903946165,0.2903946165
247,0.649759834,0.244408323,0.5,0.36058655,0.43868867675,0.43868867675
248,0.649759834,0.244408323,0.5,0.36058655,0.43868867675,0.43868867675
249,0.28703396,0.374887685,0.25,0.572385676,0.37107683025,0.37107683025000004
250,0.284140711,0.272115434,0.0,0.5144672779999999,0.26768085575,0.26768085575000006
251,0.421083259,0.290530677,0.25,0.545666609,0.37682013625,0.37682013625000005
252,0.606955693,0.23721621,0.5,0.439383812,0.4458889287499999,0.44588892875
253,0.660373573,0.192336868,1.0,0.363660466,0.55409272675,0.55409272675
254,0.182533626,0.26524421,0.25,0.561153769,0.31473290125,0.31473290125
255,0.5257255120000001,0.251132532,0.5,0.52321938,0.450019356,0.45001935600000004
256,0.649759834,0.244408323,0.5,0.36058655,0.43868867675,0.43868867675
257,0.374000576,0.27758105,0.75,0.606472522,0.5020135370000001,0.502013537
258,0.581161536,0.289215591,1.0,0.481627701,0.588001207,0.588001207
259,0.449015238,0.307246856,0.5,0.485627476,0.4354723925,0.43547239249999997
260,0.591383974,0.324884089,0.25,0.2886984689999999,0.3637416329999999,0.3637416329999999
261,0.376363517,0.316930738,0.25,0.4474303839999999,0.3476811597499999,0.34768115974999997
262,0.495870773,0.247231198,0.25,0.526861267,0.3799908094999999,0.37999080949999997
263,0.649759834,0.244408323,0.5,0.36058655,0.43868867675,0.43868867675
264,0.394620728,0.246881781,1.0,0.403107797,0.5111525765,0.5111525764999999
265,0.507348632,0.259516343,0.75,0.421782927,0.4846619755,0.48466197549999995
266,0.538005952,0.252956161,0.5,0.373724944,0.41617176425,0.41617176425
267,0.393319176,0.277837307,0.25,0.380811095,0.3254918945,0.3254918945
268,0.59810385,0.390729382,0.25,0.172980903,0.35295353375,0.35295353375
269,0.485377248,0.316930738,0.0,0.265469676,0.2669444155,0.2669444155
270,0.316813572,0.316540357,0.5,0.320278556,0.36340812125,0.36340812125
271,0.2364476,0.307246856,0.25,0.2596683039999999,0.26334069,0.26334069
272,0.485377248,0.316930738,0.0,0.265469676,0.2669444155,0.2669444155
273,0.407591174,0.351301897,0.0,0.353133877,0.278006737,0.27800673700000006
274,0.369085846,0.267814127,0.25,0.221128844,0.27700720425,0.27700720425
275,0.659146694,0.222112645,0.25,0.2241302339999999,0.33884739325,0.33884739325
276,0.426601113,0.267814127,0.0,0.175771595,0.2175467087499999,0.21754670874999993
277,0.665242846,0.292518507,1.0,0.3643450479999999,0.58052660025,0.5805266002499999
278,0.555766515,0.310762823,0.25,0.138157111,0.3136716122499999,0.3136716122499999
279,0.5227216060000001,0.238683914,0.0,0.560554691,0.33049005275,0.33049005275000004
280,0.410500445,0.335849566,0.0,0.352793447,0.2747858645,0.27478586450000003
281,0.559647132,0.227207038,0.25,0.208408707,0.31131571925,0.31131571925
282,0.485377248,0.316930738,0.0,0.265469676,0.2669444155,0.2669444155
283,0.533881474,0.405960537,0.25,0.396701592,0.39663590075,0.39663590075
284,0.541640032,0.343083415,0.25,0.170914144,0.32640939775,0.32640939775
285,0.44667328,0.323512739,0.25,0.393613664,0.35344992075,0.35344992075
286,0.52589738,0.249838851,0.5,0.396183496,0.41797993175,0.4179799317500001
287,0.55336998,0.203673548,0.25,0.225852577,0.30822402625,0.30822402625
288,0.369886393,0.258522806,0.25,0.479655756,0.33951623875,0.33951623875
289,0.439511661,0.302350283,0.25,0.4706883,0.365637561,0.365637561
290,0.559846279,0.267814127,0.25,0.328752287,0.3516031732499999,0.35160317324999996
291,0.3225540189999999,0.349044319,0.5,0.534161142,0.4264398699999999,0.4264398699999999
292,0.520480291,0.203673548,0.5,0.2671105589999999,0.3728160994999999,0.3728160994999999
293,0.540775181,0.307246856,0.5,0.2449161769999999,0.3982345535,0.3982345535
294,0.649759834,0.244408323,0.5,0.36058655,0.43868867675,0.43868867675
295,0.485377248,0.316930738,0.0,0.265469676,0.2669444155,0.2669444155
296,0.485377248,0.316930738,0.0,0.265469676,0.2669444155,0.2669444155
297,0.484605015,0.269190083,0.5,0.381709496,0.4088761485,0.40887614850000004
298,0.638942561,0.2143540789999999,0.75,0.371255039,0.49363791975,0.49363791975
299,0.323558928,0.340897006,0.25,0.449190075,0.34091150225,0.34091150225
300,0.408088025,0.2141592939999999,0.5,0.290242422,0.35312243525,0.35312243525
301,0.369660321,0.301435206,0.25,0.369168819,0.3225660865,0.3225660865
302,0.391874131,0.400837449,0.25,0.378159724,0.3552178259999999,0.3552178259999999
303,0.425265256,0.301078941,0.25,0.298435783,0.318694995,0.318694995
304,0.428060194,0.2926368789999999,0.25,0.40077559,0.34286816575,0.34286816575000006
305,0.524597492,0.316930738,0.25,0.268928822,0.340114263,0.34011426300000003
306,0.600480989,0.348974331,0.5,0.35247047,0.4504814474999999,0.4504814475
307,0.501169124,0.326090037,0.25,0.3660709,0.36083251525,0.36083251525
308,0.660539877,0.2364590319999999,0.5,0.4491842339999999,0.4615457857499999,0.4615457857499999
309,0.643367665,0.316930738,0.25,0.19495323,0.35131290825,0.35131290825
310,0.649666757,0.2484187189999999,0.5,0.436810518,0.4587239984999999,0.45872399849999995
311,0.6118148520000001,0.14028739,0.25,0.230111409,0.30805341275,0.30805341275000003
312,0.5977482479999999,0.237266995,0.75,0.364021873,0.487259279,0.48725927899999993
313,0.4372285589999999,0.316930738,0.25,0.422510358,0.35666741375,0.35666741374999994
314,0.433594065,0.338319708,0.5,0.195804311,0.366929521,0.36692952100000004
315,0.584407152,0.293811237,0.25,0.361964075,0.372545616,0.372545616
316,0.500763857,0.313043526,0.0,0.278651538,0.27311473025,0.27311473025000005
317,0.342430333,0.287968037,0.0,0.428677665,0.26476900875,0.26476900875000003
318,0.341501923,0.316518831,0.5,0.567672167,0.43142323025,0.43142323025
319,0.401843054,0.28662298,0.25,0.438547355,0.34425334725,0.34425334725
320,0.486393057,0.234763545,0.0,0.4577176329999999,0.2947185587499999,0.2947185587499999
321,0.217363301,0.287643322,0.0,0.543841858,0.2622121202499999,0.2622121202499999
322,0.552721719,0.2417161789999999,0.75,0.370437046,0.478718736,0.478718736
323,0.33516116,0.272226895,0.5,0.514941243,0.4055823245,0.40558232450000004
324,0.412633562,0.303632023,0.5,0.45555669,0.4179555687499999,0.41795556875
325,0.619465059,0.281681592,0.0,0.4541779589999999,0.3388311524999999,0.3388311524999999
326,0.550581428,0.2699483589999999,0.5,0.472759051,0.4483222094999999,0.44832220949999996
327,0.624708691,0.332069608,0.25,0.2140122119999999,0.3551976277499999,0.35519762774999997
328,0.333774865,0.245505762,0.0,0.589575509,0.292214034,0.29221403400000007
329,0.485377248,0.316930738,0.0,0.265469676,0.2669444155,0.2669444155
330,0.456218267,0.2417161789999999,0.0,0.28643866,0.2460932764999999,0.24609327649999993
331,0.59663478,0.26486189,0.5,0.200991081,0.39062193775,0.39062193775
332,0.347725977,0.310356724,0.5,0.414426874,0.39312739375,0.39312739375
333,0.673967455,0.327014853,0.25,0.4212561529999999,0.4180596152499999,0.41805961524999996
334,0.4814452039999999,0.374463499,0.5,0.221236412,0.39428627875,0.39428627875000005
335,0.542407352,0.215682996,0.5,0.341363932,0.39986357,0.39986357
336,0.497633152,0.14028739,0.0,0.366892677,0.25120330475,0.25120330475
337,0.649759834,0.244408323,0.5,0.36058655,0.43868867675,0.43868867675
338,0.480811226,0.400022882,0.25,0.400537298,0.3828428514999999,0.38284285149999997
339,0.455264211,0.374463499,0.0,0.344606747,0.29358361425,0.29358361425000007
340,0.6113777579999999,0.2381650689999999,0.5,0.404352022,0.43847371225,0.43847371225
341,0.641232415,0.320385085,0.0,0.342452339,0.32601745975,0.32601745975
342,0.5536920320000001,0.298886979,0.25,0.28261498,0.34629849775,0.34629849774999993
343,0.649759834,0.244408323,0.5,0.36058655,0.43868867675,0.43868867675
344,0.52589738,0.249838851,0.5,0.396183496,0.41797993175,0.4179799317500001
345,0.543940558,0.244031572,0.5,0.444322295,0.43307360625,0.43307360624999997
346,0.542614558,0.296416837,0.25,0.209479466,0.32462771525,0.32462771525000006
347,0.494486485,0.220327209,0.0,0.2423364039999999,0.2392875244999999,0.23928752449999993
348,0.4795187489999999,0.4430768,0.25,0.3084527569999999,0.3702620765,0.3702620765
349,0.508346186,0.277498009,0.25,0.294304396,0.33253714775,0.33253714775000004
350,0.600175682,0.307246856,0.5,0.272208639,0.41990779425,0.4199077942500001
351,0.584373866,0.203673548,0.25,0.232079826,0.3175318099999999,0.31753180999999997
352,0.532166546,0.289203098,0.0,0.180264675,0.25040857975,0.25040857975
353,0.598037981,0.307246856,0.25,0.474829511,0.407528587,0.407528587
354,0.52589738,0.249838851,0.5,0.396183496,0.41797993175,0.4179799317500001
355,0.445606829,0.269762187,0.25,0.613598647,0.3947419157499999,0.3947419157499999
356,0.494443515,0.272902868,0.25,0.443277639,0.3651560055,0.3651560055
357,0.483421954,0.123633729,0.25,0.273060208,0.28252897275,0.28252897275
358,0.383166642,0.3061410989999999,0.5,0.438202628,0.40687759225,0.4068775922499999
359,0.39524779,0.258739324,0.0,0.4283336179999999,0.270580183,0.2705801829999999
360,0.553316706,0.390167442,0.0,0.214937641,0.28960544725,0.28960544725000004
361,0.51232065,0.259515719,0.75,0.465731235,0.496891901,0.4968919010000001
362,0.462123316,0.2475128489999999,0.25,0.42837529,0.34700286375,0.34700286375
363,0.432419183,0.333399533,0.5,0.345433061,0.40281294425,0.40281294424999997
364,0.281480666,0.27416801,0.25,0.472127661,0.31944408425,0.31944408425
365,0.426642701,0.203673548,0.5,0.3520388679999999,0.37058877925,0.37058877925
366,0.6933269540000001,0.14028739,0.5,0.2299839639999999,0.390899577,0.39089957699999994
367,0.429246012,0.203673548,0.25,0.228343081,0.27781566025,0.27781566025
368,0.591574061,0.1944387389999999,0.0,0.266031552,0.2630110879999999,0.2630110879999999
369,0.674558952,0.306980746,0.5,0.314447958,0.4489969140000001,0.44899691400000014
370,0.649759834,0.244408323,0.5,0.36058655,0.43868867675,0.43868867675
371,0.525904746,0.226125151,0.5,0.290217916,0.38556195325,0.3855619532499999
372,0.554709309,0.2064704939999999,1.0,0.40020293,0.54034568325,0.54034568325
373,0.455592346,0.391153567,0.25,0.4536879139999999,0.3876084567499999,0.38760845674999994
374,0.508858586,0.33742863,0.5,0.277420458,0.4059269184999999,0.4059269185
375,0.549856256,0.316930738,0.0,0.460092392,0.3317198464999999,0.33171984649999997
376,0.42212737,0.330818514,0.25,0.508838372,0.377946064,0.377946064
377,0.502341203,0.370306802,0.5,0.317428122,0.4225190317499999,0.4225190317499999
378,0.396704004,0.293464081,0.5,0.198305437,0.3471183805,0.3471183805
379,0.430359986,0.243944546,0.25,0.521487306,0.3614479595,0.3614479595
380,0.318479652,0.255689177,0.25,0.51748022,0.33541226225,0.33541226225
381,0.543244075,0.264016093,0.5,0.5217948920000001,0.457263765,0.457263765
382,0.649759834,0.244408323,0.5,0.36058655,0.43868867675,0.43868867675
383,0.447782916,0.2394408089999999,0.0,0.3711847579999999,0.2646021207499999,0.26460212074999995
384,0.599676065,0.330055611,0.0,0.47010676,0.349959609,0.34995960899999995
385,0.499048969,0.267814127,0.25,0.228343081,0.31130154425,0.31130154425
386,0.529366405,0.213636486,0.75,0.376262455,0.4673163365,0.4673163365
387,0.5297009,0.252956161,0.5,0.391265647,0.418480677,0.41848067699999997
388,0.215622678,0.267814127,0.5,0.4518393089999999,0.3588190284999999,0.35881902849999997
389,0.332301592,0.322727408,0.25,0.402720215,0.3269373037499999,0.3269373037499999
390,0.309545062,0.391135174,0.0,0.326443671,0.25678097675,0.25678097675
391,0.310979589,0.274903415,0.25,0.424598793,0.31512044925,0.31512044925
392,0.472349445,0.287593441,0.5,0.270016456,0.3824898355,0.3824898355
393,0.389796536,0.272226895,0.25,0.338258746,0.31257054425,0.31257054425
394,0.553966945,0.252956161,0.5,0.364154264,0.4177693425,0.4177693424999999
395,0.649759834,0.244408323,0.5,0.36058655,0.43868867675,0.43868867675
396,0.233021041,0.4621997029999999,0.0,0.491497175,0.29667947975,0.2966794797499999
397,0.494691571,0.203673548,0.25,0.2449161769999999,0.2983203239999999,0.2983203239999999
398,0.318208065,0.253903178,1.0,0.344802926,0.47922854225,0.47922854225
399,0.577423302,0.306856475,0.25,0.199837355,0.333529283,0.33352928300000007
400,0.512207912,0.424968202,0.25,0.201478238,0.347163588,0.34716358799999997
401,0.486635492,0.350732183,0.5,0.3779850979999999,0.4288381932499999,0.4288381932499999
402,0.549145726,0.1877743089999999,0.5,0.220062177,0.3642455529999999,0.36424555299999994
403,0.38792944,0.287271446,0.25,0.542115297,0.36682904575,0.36682904575
404,0.543261652,0.332151793,0.25,0.2850633469999999,0.3526191979999999,0.35261919799999997
405,0.534825471,0.220327209,0.5,0.141837163,0.34924746075,0.34924746075
406,0.426353589,0.300768806,0.5,0.419616235,0.4116846574999999,0.41168465749999994
407,0.649759834,0.244408323,0.5,0.36058655,0.43868867675,0.43868867675
408,0.649759834,0.244408323,0.5,0.36058655,0.43868867675,0.43868867675
409,0.409599014,0.307246856,0.25,0.191149375,0.28949881125,0.28949881125000004
410,0.43681437,0.184382211,0.0,0.555402509,0.2941497724999999,0.29414977249999996
411,0.3860228329999999,0.123633729,0.0,0.267437011,0.1942733932499999,0.19427339324999995
412,0.304854088,0.220327209,0.5,0.35865112,0.34595810425,0.34595810425
413,0.649759834,0.244408323,0.5,0.36058655,0.43868867675,0.43868867675
414,0.5028275870000001,0.307094164,0.25,0.397551996,0.36436843675,0.36436843675
415,0.397249262,0.433392919,0.0,0.31070781,0.28533749775,0.28533749775
416,0.649759834,0.244408323,0.5,0.36058655,0.43868867675,0.43868867675
417,0.43340754,0.220327209,0.5,0.576698383,0.432608283,0.432608283
418,0.3780456129999999,0.2261238789999999,0.25,0.277746567,0.28297901475,0.28297901475
419,0.35417026,0.316930738,0.5,0.346090998,0.379297999,0.379297999
420,0.485377248,0.316930738,0.0,0.265469676,0.2669444155,0.2669444155
421,0.372337033,0.358546154,0.5,0.35236732,0.3958126267499999,0.39581262674999995
422,0.649759834,0.244408323,0.5,0.36058655,0.43868867675,0.43868867675
423,0.442868597,0.271314376,0.25,0.176877226,0.28526504975,0.28526504975
424,0.336315811,0.4943830529999999,0.25,0.4844897929999999,0.3912971642499999,0.3912971642499999
425,0.649759834,0.244408323,0.5,0.36058655,0.43868867675,0.43868867675
426,0.649759834,0.244408323,0.5,0.36058655,0.43868867675,0.43868867675
427,0.649759834,0.244408323,0.5,0.36058655,0.43868867675,0.43868867675
428,0.649759834,0.244408323,0.5,0.36058655,0.43868867675,0.43868867675
429,0.504467281,0.239033998,0.25,0.304548807,0.3245125215,0.3245125215
430,0.649759834,0.244408323,0.5,0.36058655,0.43868867675,0.43868867675
431,0.485377248,0.316930738,0.0,0.265469676,0.2669444155,0.2669444155
432,0.270021698,0.3660204,0.0,0.474528864,0.2776427405,0.2776427405
433,0.554214101,0.245249427,0.5,0.364154264,0.415904448,0.415904448
434,0.649759834,0.244408323,0.5,0.36058655,0.43868867675,0.43868867675
435,0.649759834,0.244408323,0.5,0.36058655,0.43868867675,0.43868867675
436,0.649759834,0.244408323,0.5,0.36058655,0.43868867675,0.43868867675
437,0.2311284089999999,0.258637532,0.25,0.505819514,0.31139636375,0.31139636375000007
438,0.394542011,0.313043526,0.0,0.216097671,0.230920802,0.230920802
439,0.649759834,0.244408323,0.5,0.36058655,0.43868867675,0.43868867675
440,0.649759834,0.244408323,0.5,0.36058655,0.43868867675,0.43868867675
441,0.352858391,0.239033998,0.25,0.307686421,0.2873947025,0.28739470249999993
442,0.485377248,0.316930738,0.0,0.265469676,0.2669444155,0.2669444155
443,0.649759834,0.244408323,0.5,0.36058655,0.43868867675,0.43868867675
444,0.649759834,0.244408323,0.5,0.36058655,0.43868867675,0.43868867675
445,0.649759834,0.244408323,0.5,0.36058655,0.43868867675,0.43868867675
446,0.649759834,0.244408323,0.5,0.36058655,0.43868867675,0.43868867675
447,0.449464168,0.31399794,0.75,0.486758097,0.5000550512499999,0.5000550512499999
448,0.649759834,0.244408323,0.5,0.36058655,0.43868867675,0.43868867675
449,0.474029002,0.285188937,0.5,0.386923016,0.41153523875,0.41153523875
450,0.649759834,0.244408323,0.5,0.36058655,0.43868867675,0.43868867675
451,0.230368502,0.258637532,0.0,0.336877186,0.2064708049999999,0.20647080499999995
452,0.459460744,0.220327209,0.5,0.299095899,0.369720963,0.369720963
453,0.649759834,0.244408323,0.5,0.36058655,0.43868867675,0.43868867675
454,0.533828584,0.271980589,0.5,0.289924165,0.3989333345,0.39893333450000007
455,0.466432156,0.172429798,0.25,0.25161934,0.2851203235,0.2851203235
456,0.336463921,0.28408001,0.0,0.70378495,0.33108222025,0.33108222024999995
457,0.511175547,0.177648135,0.0,0.217391271,0.22655373825,0.22655373824999994
458,0.5713013339999999,0.292719064,0.75,0.133216293,0.43680917275,0.4368091727499999
459,0.347926147,0.396276655,0.25,0.377311857,0.34287866475,0.34287866475
460,0.649759834,0.244408323,0.5,0.36058655,0.43868867675,0.43868867675
461,0.505460066,0.220327209,0.25,0.305633259,0.3203551335,0.32035513350000006
462,0.397087887,0.2647425989999999,0.25,0.474885981,0.3466791167499999,0.3466791167499999
463,0.649759834,0.244408323,0.5,0.36058655,0.43868867675,0.43868867675
464,0.331121018,0.363720891,0.5,0.47904203,0.41847098475,0.41847098474999994
465,0.649759834,0.244408323,0.5,0.36058655,0.43868867675,0.43868867675
466,0.649759834,0.244408323,0.5,0.36058655,0.43868867675,0.43868867675
467,0.649759834,0.244408323,0.5,0.36058655,0.43868867675,0.43868867675
468,0.5335705820000001,0.196027601,0.75,0.450165517,0.482440925,0.4824409250000001
469,0.649759834,0.244408323,0.5,0.36058655,0.43868867675,0.43868867675
470,0.630515879,0.22922744,0.5,0.40007273,0.4399540122499999,0.4399540122499999
471,0.275807926,0.220327209,0.0,0.49474194,0.24771926875,0.24771926875000003
472,0.649759834,0.244408323,0.5,0.36058655,0.43868867675,0.43868867675
473,0.649759834,0.244408323,0.5,0.36058655,0.43868867675,0.43868867675
474,0.282068138,0.287023814,0.5,0.32319724,0.348072298,0.348072298
475,0.434651742,0.220327209,0.25,0.417077136,0.33051402175,0.33051402175
476,0.649759834,0.244408323,0.5,0.36058655,0.43868867675,0.43868867675
477,0.649759834,0.244408323,0.5,0.36058655,0.43868867675,0.43868867675
478,0.3855024379999999,0.284423131,0.5,0.493410932,0.4158341252499999,0.41583412524999996
479,0.525841645,0.273610797,0.5,0.266241314,0.391423439,0.391423439
480,0.3846713,0.307246856,0.25,0.315169886,0.3142720105,0.31427201050000003
481,0.485377248,0.316930738,0.0,0.265469676,0.2669444155,0.2669444155
482,0.649759834,0.244408323,0.5,0.36058655,0.43868867675,0.43868867675
483,0.396830057,0.255305542,0.25,0.401767112,0.3259756777499999,0.32597567774999997
484,0.649759834,0.244408323,0.5,0.36058655,0.43868867675,0.43868867675
485,0.649759834,0.244408323,0.5,0.36058655,0.43868867675,0.43868867675
486,0.395367496,0.303189092,0.0,0.5423468610000001,0.31022586225,0.31022586225000004
487,0.649759834,0.244408323,0.5,0.36058655,0.43868867675,0.43868867675
488,0.294340726,0.332069608,0.0,0.575646105,0.30051410975,0.30051410975
489,0.51871627,0.292106972,0.75,0.336823259,0.47441162525,0.4744116252500001
490,0.485377248,0.316930738,0.0,0.265469676,0.2669444155,0.2669444155
491,0.402735492,0.328635826,0.0,0.178969302,0.2275851549999999,0.22758515499999996
492,0.380560267,0.277498009,0.0,0.3837006679999999,0.260439736,0.260439736
493,0.369244357,0.389604677,0.25,0.381476104,0.3475812845,0.3475812845
494,0.649759834,0.244408323,0.5,0.36058655,0.43868867675,0.43868867675
495,0.478128332,0.203673548,0.0,0.213108648,0.223727632,0.22372763200000004
496,0.649759834,0.244408323,0.5,0.36058655,0.43868867675,0.43868867675
497,0.649759834,0.244408323,0.5,0.36058655,0.43868867675,0.43868867675
498,0.649759834,0.244408323,0.5,0.36058655,0.43868867675,0.43868867675
499,0.316724588,0.306875611,0.0,0.414199961,0.25945004,0.25945004
500,0.649759834,0.244408323,0.5,0.36058655,0.43868867675,0.43868867675
501,0.649759834,0.244408323,0.5,0.36058655,0.43868867675,0.43868867675
502,0.470022461,0.254480489,0.25,0.493494874,0.366999456,0.366999456
503,0.649759834,0.244408323,0.5,0.36058655,0.43868867675,0.43868867675
504,0.309057134,0.212279398,0.0,0.537277059,0.26465339775,0.26465339775
505,0.47239543,0.313043526,0.25,0.301573986,0.3342532355,0.3342532355
506,0.649759834,0.244408323,0.5,0.36058655,0.43868867675,0.43868867675
507,0.401896401,0.267814127,0.75,0.236546165,0.41406417325,0.41406417324999995
508,0.485377248,0.316930738,0.0,0.265469676,0.2669444155,0.2669444155
509,0.4434292589999999,0.219313444,0.25,0.542744702,0.36387185125,0.36387185124999993
510,0.467519069,0.303495119,0.25,0.549924275,0.39273461575,0.39273461575
511,0.435797967,0.346144336,0.5,0.45156177,0.43337601825,0.4333760182500001
512,0.271219359,0.297330677,0.5,0.360286276,0.357209078,0.35720907799999996
513,0.4177688989999999,0.25712187,0.0,0.446502386,0.2803482887499999,0.28034828874999995
514,0.496008556,0.172429798,0.25,0.462046761,0.34512127875,0.34512127875
515,0.649759834,0.244408323,0.5,0.36058655,0.43868867675,0.43868867675
516,0.2920189039999999,0.220327209,0.5,0.402134571,0.353620171,0.353620171
517,0.333845255,0.307246856,0.5,0.416939656,0.38950794175,0.38950794175000003
518,0.491110426,0.267814127,0.5,0.341584251,0.400127201,0.40012720100000004
519,0.649759834,0.244408323,0.5,0.36058655,0.43868867675,0.43868867675
520,0.2443974669999999,0.310385621,0.5,0.3895776629999999,0.3610901877499999,0.3610901877499999
521,0.649759834,0.244408323,0.5,0.36058655,0.43868867675,0.43868867675
522,0.588412778,0.3441163779999999,0.5,0.410211925,0.46068527025,0.46068527025
523,0.588810376,0.139589265,0.5,0.329703149,0.3895256975,0.38952569749999993
524,0.649759834,0.244408323,0.5,0.36058655,0.43868867675,0.43868867675
525,0.438052636,0.284292972,0.5,0.392505095,0.4037126757499999,0.40371267574999997
526,0.649759834,0.244408323,0.5,0.36058655,0.43868867675,0.43868867675
527,0.45690385,0.322727408,0.5,0.246434926,0.381516546,0.381516546
528,0.291927069,0.307246856,0.5,0.425212496,0.38109660525,0.38109660525
529,0.616688201,0.405616153,0.0,0.151585732,0.2934725215,0.2934725215
530,0.485377248,0.316930738,0.0,0.265469676,0.2669444155,0.2669444155
531,0.649759834,0.244408323,0.5,0.36058655,0.43868867675,0.43868867675
532,0.659526824,0.328635826,0.25,0.2449161769999999,0.37076970675,0.37076970675
533,0.485377248,0.316930738,0.0,0.265469676,0.2669444155,0.2669444155
534,0.456316788,0.2582066719999999,0.25,0.380765819,0.33632231975,0.33632231975
535,0.37279694,0.342308621,0.25,0.403902411,0.342251993,0.34225199300000003
536,0.344959763,0.2141592939999999,0.0,0.519165243,0.269571075,0.269571075
537,0.467816297,0.274760417,0.5,0.457732187,0.4250772252499999,0.4250772252499999
538,0.485377248,0.316930738,0.0,0.265469676,0.2669444155,0.2669444155
539,0.3944217539999999,0.261467796,0.5,0.483987791,0.40996933525,0.40996933525
540,0.649759834,0.244408323,0.5,0.36058655,0.43868867675,0.43868867675
541,0.422472086,0.307246856,0.25,0.258116103,0.30945876125,0.30945876125
542,0.217417188,0.456555624,0.0,0.323387301,0.24934002825,0.24934002825
543,0.450560988,0.263372841,0.5,0.438882876,0.41320417625,0.41320417625
544,0.649759834,0.244408323,0.5,0.36058655,0.43868867675,0.43868867675
545,0.5544237470000001,0.289203098,0.5,0.291842041,0.4088672215,0.40886722150000004
546,0.5035349689999999,0.307246856,0.5,0.291363305,0.4005362824999999,0.4005362825
547,0.649759834,0.244408323,0.5,0.36058655,0.43868867675,0.43868867675
548,0.396620883,0.384571566,0.25,0.265419949,0.3241530995,0.3241530995
549,0.485377248,0.316930738,0.0,0.265469676,0.2669444155,0.2669444155
550,0.485377248,0.316930738,0.0,0.265469676,0.2669444155,0.2669444155
551,0.348552161,0.203673548,0.25,0.454066252,0.31407299025,0.3140729902500001
552,0.649759834,0.244408323,0.5,0.36058655,0.43868867675,0.43868867675
553,0.649759834,0.244408323,0.5,0.36058655,0.43868867675,0.43868867675
554,0.589423948,0.307246856,0.0,0.224300506,0.2802428275,0.2802428275
555,0.649759834,0.244408323,0.5,0.36058655,0.43868867675,0.43868867675
556,0.269123835,0.220327209,0.5,0.51250519,0.3754890585,0.3754890585
557,0.649759834,0.244408323,0.5,0.36058655,0.43868867675,0.43868867675
558,0.5252959629999999,0.267390364,0.25,0.3488790989999999,0.3478913564999999,0.3478913564999999
559,0.485377248,0.316930738,0.0,0.265469676,0.2669444155,0.2669444155
560,0.537893197,0.216827426,0.0,0.246929245,0.250412467,0.250412467
561,0.196646545,0.294435676,0.5,0.4611305329999999,0.3630531884999999,0.3630531884999999
562,0.485377248,0.316930738,0.0,0.265469676,0.2669444155,0.2669444155
563,0.4152317179999999,0.299637482,0.25,0.48900735,0.3634691375,0.36346913750000004
564,0.371837655,0.378551121,0.0,0.626570735,0.34423987775,0.34423987775
565,0.649759834,0.244408323,0.5,0.36058655,0.43868867675,0.43868867675
566,0.317905169,0.1877743089999999,0.0,0.239608825,0.1863220757499999,0.18632207574999995
567,0.516538712,0.2285482519999999,0.5,0.4795877329999999,0.4311686742499999,0.4311686742499999
568,0.649759834,0.244408323,0.5,0.36058655,0.43868867675,0.43868867675
569,0.269930488,0.307246856,0.0,0.335281297,0.22811466025,0.22811466025000002
570,0.602467227,0.25058133,0.75,0.399552614,0.50065029275,0.50065029275
571,0.649759834,0.244408323,0.5,0.36058655,0.43868867675,0.43868867675
572,0.273868613,0.272174943,0.0,0.34346525,0.2223772015,0.22237720150000004
573,0.6131869289999999,0.272411138,0.25,0.425232922,0.3902077472499999,0.3902077472499999
574,0.4767430079999999,0.256392525,0.25,0.42193574,0.35126781825,0.35126781825
575,0.362606701,0.203673548,0.25,0.383957045,0.3000593235,0.3000593235
576,0.29681192,0.258637532,0.5,0.341465365,0.3492287042499999,0.34922870424999997
577,0.2635883539999999,0.297330677,0.5,0.379646261,0.3601413229999999,0.36014132299999996
578,0.35869482,0.294085033,0.25,0.29339344,0.29904332325,0.29904332325
579,0.496545625,0.227909315,0.25,0.3897060779999999,0.3410402545,0.3410402545
580,0.394239837,0.313043526,0.25,0.494458464,0.36293545675,0.36293545675
581,0.485377248,0.316930738,0.0,0.265469676,0.2669444155,0.2669444155
582,0.521609248,0.249937222,0.25,0.412436663,0.35849578325,0.35849578325
583,0.649759834,0.244408323,0.5,0.36058655,0.43868867675,0.43868867675
584,0.649759834,0.244408323,0.5,0.36058655,0.43868867675,0.43868867675
585,0.248779671,0.220327209,0.5,0.494708,0.36595372,0.36595372
586,0.437288236,0.282113447,0.25,0.42193574,0.34783435575,0.34783435574999994
587,0.649759834,0.244408323,0.5,0.36058655,0.43868867675,0.43868867675
588,0.510372388,0.277498009,0.5,0.2392163139999999,0.3817716777499999,0.3817716777499999
589,0.649759834,0.244408323,0.5,0.36058655,0.43868867675,0.43868867675
590,0.649759834,0.244408323,0.5,0.36058655,0.43868867675,0.43868867675
591,0.649759834,0.244408323,0.5,0.36058655,0.43868867675,0.43868867675
592,0.523051565,0.266132049,0.5,0.4651528629999999,0.43858411925,0.43858411925
593,0.649759834,0.244408323,0.5,0.36058655,0.43868867675,0.43868867675
594,0.3457191189999999,0.222904507,0.25,0.457362001,0.3189964067499999,0.31899640674999996
595,0.522566657,0.36703564,0.75,0.561900568,0.55037571625,0.55037571625
596,0.649759834,0.244408323,0.5,0.36058655,0.43868867675,0.43868867675
597,0.358556504,0.3425442429999999,0.0,0.424598793,0.2814248849999999,0.2814248849999999
598,0.601672233,0.396276655,0.25,0.4200490079999999,0.4169994739999999,0.41699947399999987
599,0.355539105,0.302156322,0.25,0.574133804,0.3704573077499999,0.37045730774999996
600,0.28803029,0.235991195,0.0,0.564447203,0.2721171719999999,0.27211717199999996
601,0.323874551,0.258637532,0.0,0.424823097,0.251833795,0.251833795
602,0.5476828979999999,0.259543724,0.75,0.4664738879999999,0.5059251275,0.5059251275
603,0.361763377,0.4555286,0.25,0.4000656279999999,0.36683940125,0.36683940125
604,0.644480222,0.21268826,0.5,0.274288607,0.40786427225,0.40786427224999994
605,0.549095673,0.326278361,0.0,0.537743128,0.3532792905,0.3532792905
606,0.649759834,0.244408323,0.5,0.36058655,0.43868867675,0.43868867675
607,0.4986673379999999,0.14028739,0.0,0.284935902,0.2309726574999999,0.23097265749999996
608,0.649759834,0.244408323,0.5,0.36058655,0.43868867675,0.43868867675
609,0.378114232,0.329345743,0.0,0.319305544,0.25669137975,0.25669137974999995
610,0.409329621,0.220327209,0.25,0.447779575,0.3318591012499999,0.3318591012499999
611,0.2983974689999999,0.3451388379999999,0.25,0.429396586,0.3307332232499999,0.33073322324999993
612,0.43566336,0.345505227,0.25,0.4345857729999999,0.36643859,0.36643859
613,0.392237228,0.227748657,0.0,0.233336171,0.213330514,0.213330514
614,0.620050423,0.29564409,1.0,0.379417397,0.5737779775,0.5737779774999999
615,0.3629636579999999,0.249389438,0.25,0.280800748,0.285788461,0.28578846100000005
616,0.485377248,0.316930738,0.0,0.265469676,0.2669444155,0.2669444155
617,0.406219592,0.260587048,0.0,0.63650605,0.3258281725,0.3258281725
618,0.485377248,0.316930738,0.0,0.265469676,0.2669444155,0.2669444155
619,0.649759834,0.244408323,0.5,0.36058655,0.43868867675,0.43868867675
620,0.649759834,0.244408323,0.5,0.36058655,0.43868867675,0.43868867675
621,0.350949031,0.220327209,0.0,0.2551776189999999,0.2066134647499999,0.20661346474999998
622,0.267471762,0.262453911,0.0,0.4737492829999999,0.2509187389999999,0.2509187389999999
623,0.3753214789999999,0.25577471,0.5,0.191932971,0.33075729,0.33075729
624,0.5781375670000001,0.348438087,0.75,0.417176472,0.5234380315,0.5234380315
625,0.26612054,0.337102102,0.0,0.471550494,0.268693284,0.268693284
626,0.371644844,0.26191073,0.75,0.4385787779999999,0.4555335879999999,0.45553358799999993
627,0.485377248,0.316930738,0.0,0.265469676,0.2669444155,0.2669444155
628,0.649759834,0.244408323,0.5,0.36058655,0.43868867675,0.43868867675
629,0.6400391910000001,0.255363425,0.75,0.391115622,0.5091295595,0.5091295594999999
630,0.485377248,0.316930738,0.0,0.265469676,0.2669444155,0.2669444155
