,Role_Assistant,Self_Esteem_Cont_SEDiscrepancy,Personal_Values_Facet_Cont_ConformityRules,Self_Esteem_Cont_SEAspirationIntelligence,Mean
0,0.426667777,0.3633213079999999,0.547591717,0.827352972,0.5412334435
1,0.148169303,0.282683354,0.4761145879999999,0.8737900740000001,0.44518932975000003
2,0.5785086660000001,0.6248287020000001,0.41987904,0.7774730559999999,0.600172366
3,0.033374747,0.325989956,0.570236841,0.839085095,0.44217165975
4,0.5932751789999999,0.434653707,0.549793584,0.7173382209999999,0.5737651727499999
5,0.1774553689999999,0.374978954,0.471848822,0.8299725729999999,0.4635639294999999
6,0.262497572,0.4781257129999999,0.529798089,0.702232527,0.49316347525
7,0.0,0.446818197,0.4546395029999999,0.792522562,0.4234950655
8,0.369075584,0.4789276329999999,0.509218621,0.790833766,0.537013901
9,0.528584576,0.6320441139999999,0.461981271,0.787775943,0.602596476
10,0.39343617,0.28418618,0.345600442,0.846246596,0.46736734700000004
11,0.214910705,0.368056617,0.610283877,0.849362588,0.51065344675
12,0.039540455,0.453626246,0.496806807,0.803314869,0.44832209425
13,0.5098658739999999,0.635474302,0.353043659,0.768868033,0.566812967
14,0.100259946,0.46345945,0.592077804,0.774316597,0.48252844924999994
15,0.09788861,0.501029987,0.513299855,0.807176195,0.47984866175
16,0.242385363,0.370259111,0.4303083179999999,0.8072125590000001,0.46254133775
17,0.125204706,0.373443356,0.491506327,0.8449237820000001,0.45876954275000004
18,0.4065414229999999,0.3207608369999999,0.549190498,0.7787883529999999,0.5138202777499999
19,0.374677018,0.4544264939999999,0.566710123,0.8505678990000001,0.5615953835
20,0.44925827,0.72078111,0.393048456,0.805907733,0.59224889225
21,0.0,0.315985535,0.589780964,0.7894308520000001,0.42379933775
22,0.084135555,0.475037936,0.539348243,0.8124880040000001,0.47775243450000004
23,0.071150664,0.31881883,0.460560331,0.848842557,0.4248430955
24,0.37470375,0.261450216,0.5889007470000001,0.8013908040000001,0.50661137925
25,0.0,0.370552769,0.5832394989999999,0.7814930179999999,0.43382132149999997
26,0.318185084,0.598274225,0.454605126,0.676708905,0.511943335
27,0.588786273,0.547520558,0.49750538,0.7627703659999999,0.5991456442499999
28,0.111339497,0.3676229829999999,0.521212924,0.728224702,0.4321000265
29,0.301160653,0.338768644,0.628026593,0.698163718,0.491529902
30,0.166481033,0.501424847,0.576294477,0.71782769,0.49050701175
31,0.0,0.511047487,0.559455468,0.780150208,0.46266329075
32,0.14022246,0.382374229,0.5623886539999999,0.814764035,0.4749373445
33,0.528584576,0.6320441139999999,0.461981271,0.787775943,0.602596476
34,0.220972283,0.3673916829999999,0.536787629,0.815000066,0.48503791524999995
35,0.508660856,0.163255443,0.5865710479999999,0.7693428790000001,0.5069575565
36,0.57530112,0.458806334,0.52873275,0.7389036040000001,0.5754359520000001
37,0.362018287,0.601417041,0.5949080729999999,0.8483364109999999,0.601669953
38,0.0,0.431566925,0.485812594,0.7996637790000001,0.4292608245
39,0.287315083,0.614690913,0.419108349,0.74014784,0.51531554625
40,0.363103963,0.60620229,0.328755416,0.7778409629999999,0.518975658
41,0.552715991,0.275046954,0.604165429,0.84165099,0.5683948409999999
42,0.0948240619999999,0.433325588,0.578950599,0.824399775,0.482875006
43,0.2101546839999999,0.417050793,0.5819504870000001,0.839917615,0.51226839475
44,0.271429462,0.408906076,0.537852024,0.831976532,0.5125410235
45,0.397330959,0.318811526,0.650609659,0.875057813,0.56045248925
46,0.521698071,0.6387726029999999,0.4324680079999999,0.759227375,0.58804151425
47,0.505875504,0.582643271,0.430606338,0.76787152,0.5717491582500001
48,0.4802212839999999,0.214004497,0.623747295,0.84826283,0.5415589765
49,0.0,0.497171512,0.6546595070000001,0.7923270179999999,0.48603950925
50,0.648257899,0.735559466,0.3695921129999999,0.7439218059999999,0.624332821
51,0.082190527,0.528494738,0.554573691,0.792750145,0.48950227525
52,0.5450238589999999,0.6322344320000001,0.394132966,0.69453177,0.56648075675
53,0.536838601,0.273482715,0.556004119,0.81500865,0.54533352125
54,0.423626382,0.441004099,0.491270987,0.645245282,0.5002866875
55,0.4117878439999999,0.527600926,0.476658454,0.759269726,0.5438292375
56,0.40555119,0.332029892,0.458517806,0.895775647,0.5229686337499999
57,0.5409620470000001,0.393378779,0.4919408389999999,0.8079018640000001,0.55854588225
58,0.124845441,0.451927406,0.519285615,0.767799004,0.4659643665
59,0.7018740440000001,0.597704735,0.6071822579999999,0.759202059,0.666490774
60,0.7323874640000001,0.267206833,0.5223617939999999,0.870664668,0.5981551897499999
61,0.646689885,0.293310281,0.463546972,0.8340708920000001,0.5594045075
62,0.5068438710000001,0.593802276,0.2707457769999999,0.537388745,0.47719516725
63,0.453872943,0.32873893,0.639585627,0.8230833120000001,0.561320203
64,0.065177656,0.405110632,0.579990169,0.760270938,0.45263734875000006
65,0.0,0.354295249,0.5299478329999999,0.8629424040000001,0.4367963715
66,0.444416582,0.423485462,0.537823935,0.840741085,0.561616766
67,0.2766521269999999,0.531716393,0.499773951,0.791177723,0.5248300485
68,0.27940057,0.333145959,0.56437133,0.8591436379999999,0.50901537425
69,0.118209945,0.399940766,0.545352011,0.801321823,0.46620613624999996
70,0.107703804,0.268397945,0.4977156339999999,0.884071047,0.4394721075
71,0.0,0.353216202,0.551484425,0.7816723879999999,0.42159325375
72,0.317422473,0.258488823,0.532533193,0.8875651370000001,0.49900240650000005
73,0.0,0.574265039,0.455946267,0.80105595,0.45781681399999996
74,0.0,0.574265039,0.455946267,0.80105595,0.45781681399999996
75,0.1937982989999999,0.3408782529999999,0.659157354,0.8756641890000001,0.51737452375
76,0.098425003,0.42980773,0.590134983,0.8255991779999999,0.4859917235
77,0.307877992,0.566519158,0.308790314,0.743279441,0.48161672624999996
78,0.4051183279999999,0.404476127,0.525692912,0.8695581509999999,0.5512113795
79,0.33790145,0.184785615,0.596573638,0.788298114,0.47688970425
80,0.0,0.518174046,0.532098428,0.819011805,0.46732106975
81,0.428172456,0.269553694,0.581057167,0.785107288,0.51597265125
82,0.509875767,0.185026866,0.570860121,0.830477591,0.52406008625
83,0.330814596,0.326245213,0.584957094,0.836726381,0.5196858209999999
84,0.303542918,0.261346857,0.453405881,0.789343235,0.45190972274999996
85,0.175869225,0.398142427,0.538257578,0.83331058,0.4863949525
86,0.23801833,0.313176143,0.6394163,0.854224254,0.51120875675
87,0.128527604,0.357240702,0.542583684,0.7596324309999999,0.44699610525
88,0.120870745,0.289993565,0.580588164,0.866355013,0.46445187175
89,0.242130147,0.28824759,0.527771631,0.862066384,0.480053938
90,0.49242573,0.269054454,0.480032076,0.815702129,0.51430359725
91,0.056879344,0.313963247,0.542701301,0.85261079,0.4415386705
92,0.303690002,0.241236781,0.62679894,0.813447577,0.496293325
93,0.01875579,0.341939742,0.513019804,0.8847462779999999,0.4396154035
94,0.519380122,0.550812328,0.575807074,0.874502868,0.630125598
95,0.429486949,0.396097365,0.59849552,0.824236036,0.5620789675
96,0.017286225,0.54230873,0.575690374,0.8408641809999999,0.4940373775
97,0.130204606,0.4177015229999999,0.5335731420000001,0.844251515,0.4814326965
98,0.363565295,0.248896405,0.564781018,0.776037876,0.4883201485
99,0.02085229,0.446071861,0.37575321,0.860942449,0.42590495250000004
100,0.294047758,0.343891829,0.5575942779999999,0.835040583,0.507643612
101,0.221708805,0.222594562,0.492940586,0.844857341,0.4455253235
102,0.6200360739999999,0.5000051879999999,0.441837804,0.873849235,0.60893207525
103,0.384894191,0.573890192,0.315296763,0.800050321,0.51853286675
104,0.186536141,0.287376671,0.51393636,0.828801789,0.45416274025000003
105,0.1886997769999999,0.382374229,0.593688373,0.813082438,0.49446120424999995
106,0.298533703,0.58659364,0.427300898,0.7079769770000001,0.5051013045
107,0.113446542,0.431118401,0.558879302,0.8255991779999999,0.48226085575
108,0.460202377,0.2342689919999999,0.55547542,0.818522355,0.517117286
109,0.645372772,0.3407433279999999,0.560715683,0.822125267,0.5922392624999999
110,0.342861025,0.30040391,0.541303833,0.698492332,0.470765275
111,0.150228035,0.4487428479999999,0.554362727,0.8262445070000001,0.49489452925
112,0.5608402889999999,0.264449807,0.613103881,0.788922683,0.556829165
113,0.069303801,0.52292159,0.569206077,0.849239293,0.50266769025
114,0.142375846,0.338668321,0.537587692,0.8687658359999999,0.47184942375
115,0.201928205,0.3342593339999999,0.505772021,0.820313182,0.4655681855
116,0.157498442,0.3543167579999999,0.543319487,0.8226162220000001,0.46943772725
117,0.448498717,0.133298088,0.597645079,0.7872298440000001,0.49166793200000003
118,0.621882709,0.46196229,0.412006322,0.701040015,0.549222834
119,0.494650447,0.271957148,0.614127492,0.859902982,0.56015951725
120,0.6814977790000001,0.694135944,0.3744463879999999,0.708494924,0.61464375875
121,0.458239117,0.670169834,0.332779649,0.758169062,0.5548394154999999
122,0.522285949,0.680708785,0.615218853,0.83831583,0.66413235425
123,0.134522102,0.490220689,0.577400181,0.769260374,0.49285083649999994
124,0.289442178,0.466358231,0.519596928,0.796993305,0.5180976605000001
125,0.34170684,0.291297243,0.614160546,0.74429612,0.49786518725
126,0.276706082,0.656876344,0.260758925,0.784538596,0.49471998674999995
127,0.300606669,0.282736735,0.579511752,0.920922927,0.52094452075
128,0.0,0.360515965,0.500342209,0.772490352,0.40833713150000006
129,0.325733425,0.379395422,0.5084693339999999,0.836344744,0.51248573125
130,0.5068392039999999,0.106849038,0.51704111,0.918935014,0.5124160915
131,0.522811984,0.310762549,0.552917978,0.774151858,0.54016109225
132,0.240193855,0.3791362689999999,0.602619099,0.8554177009999999,0.5193417309999999
133,0.3030344219999999,0.328053368,0.491223621,0.775134827,0.4743615595
134,0.232077397,0.4845593689999999,0.42560602,0.679212705,0.45536387275
135,0.615343926,0.486829716,0.321261831,0.729084245,0.5381299294999999
136,0.601160702,0.46196229,0.430339402,0.745248971,0.55967784125
137,0.324642273,0.439729219,0.444824795,0.839294148,0.5121226087499999
138,0.556065574,0.456515688,0.473739081,0.7364932670000001,0.5557034024999999
139,0.0,0.355563907,0.573047756,0.8192816999999999,0.43697334075
140,0.496787076,0.625955222,0.383527476,0.757482175,0.56593798725
141,0.462252365,0.375812685,0.5261745879999999,0.858160852,0.5556001225
142,0.265420132,0.263856353,0.572460214,0.841332483,0.4857672955
143,0.061457539,0.3691604879999999,0.6203831129999999,0.8102483779999999,0.46531237949999993
144,0.408234006,0.674514835,0.420777232,0.76588955,0.56735390575
145,0.217149339,0.373872518,0.5417698910000001,0.7824547820000001,0.47881163250000003
146,0.7449758240000001,0.430346448,0.553293705,0.753055886,0.62041796575
147,0.1034160869999999,0.366910701,0.629522624,0.86049425,0.4900859155
148,0.607371781,0.313436423,0.395030279,0.8339488740000001,0.53744683925
149,0.166055253,0.394394184,0.605839875,0.859479894,0.5064423015
150,0.407933592,0.202609309,0.571882268,0.858646172,0.5102678352500001
151,0.230731942,0.330029096,0.4742055089999999,0.808269708,0.46080906374999997
152,0.285185174,0.341907717,0.5704455270000001,0.8419594579999999,0.509874469
153,0.134308093,0.411548735,0.510004494,0.761876673,0.45443449875
154,0.528584576,0.6320441139999999,0.461981271,0.787775943,0.602596476
155,0.0,0.489429531,0.560457995,0.811877422,0.465441237
156,0.175976796,0.568919136,0.543279965,0.884785305,0.5432403004999999
157,0.288977862,0.336700127,0.581333824,0.7811751990000001,0.497046753
158,0.179408893,0.337443196,0.613699537,0.879847534,0.50259979
159,0.254356347,0.446137744,0.47384254,0.7210689920000001,0.47385140574999995
160,0.0,0.307949575,0.530366978,0.740038871,0.394588856
161,0.082182813,0.337959162,0.529020361,0.8323586759999999,0.44538025299999995
162,0.0307692779999999,0.40295845,0.51535626,0.7958269029999999,0.43622772275
163,0.400700875,0.689547378,0.342598255,0.737703265,0.54263744325
164,0.398157794,0.286330575,0.575775226,0.8172090470000001,0.5193681605
165,0.0447699109999999,0.446584701,0.492607857,0.825267547,0.45230750399999997
166,0.649807822,0.7153172109999999,0.325858218,0.7384930670000001,0.6073690795
167,0.309675818,0.305970016,0.564783829,0.614610846,0.44876012725000003
168,0.325661708,0.554315646,0.4946070389999999,0.669947592,0.51113299625
169,0.112896889,0.4526696189999999,0.573756001,0.8255991779999999,0.49123042175
170,0.7225883259999999,0.512928974,0.395902486,0.7762426440000001,0.6019156075000001
171,0.508572337,0.346448815,0.532371856,0.827979254,0.5538430655000001
172,0.013989848,0.593531139,0.52371095,0.775034937,0.4765667185
173,0.13797021,0.441710532,0.539352818,0.84344958,0.49062078500000006
174,0.181579409,0.259138267,0.57438785,0.8028243829999999,0.45448247725
175,0.455668409,0.431775641,0.453255811,0.832571598,0.54331786475
176,0.497206544,0.332234595,0.478597811,0.767153291,0.51879806025
177,0.4263698729999999,0.233147653,0.5350082420000001,0.568365985,0.44072293825000003
178,0.014335858,0.345373139,0.5684858110000001,0.840411586,0.44215159849999996
179,0.443501995,0.313241567,0.576085128,0.7761245929999999,0.52723832075
180,0.0,0.309554862,0.551020934,0.869186758,0.43244063850000003
181,0.109468463,0.399202475,0.498059135,0.917676736,0.48110170225
182,0.149324032,0.431489864,0.543141604,0.890150855,0.50352658875
183,0.309029705,0.33480782,0.609789647,0.82222273,0.5189624755
184,0.209922521,0.546347103,0.504289754,0.768332495,0.50722296825
185,0.624768839,0.46196229,0.412006322,0.729084245,0.556955424
186,0.55116202,0.657906236,0.320549531,0.493314319,0.5057330265
187,0.054180461,0.321394182,0.605946368,0.793350298,0.44371782725
188,0.621979153,0.458966831,0.544615553,0.7381312309999999,0.590923192
189,0.475758386,0.464729044,0.624088557,0.611400266,0.54399406325
190,0.030405087,0.320304753,0.555622856,0.723015475,0.40733704275
191,0.335928517,0.6666354879999999,0.4910459579999999,0.547665705,0.510318917
192,0.147158488,0.334104006,0.417595881,0.767789567,0.4166619855
193,0.165860931,0.372311668,0.516950012,0.8430519590000001,0.4745436425
194,0.255225381,0.4569339429999999,0.4127355629999999,0.7101585029999999,0.4587633475
195,0.612211622,0.5965005760000001,0.3692352929999999,0.706974478,0.57123049225
196,0.142538611,0.602109978,0.514854936,0.85893748,0.52961025125
197,0.070801373,0.490119401,0.426245383,0.819745994,0.45172803775
198,0.411251042,0.60371948,0.379338345,0.850451782,0.5611901622500001
199,0.423857786,0.550083825,0.448834641,0.7262736559999999,0.537262477
200,0.32809085,0.405586085,0.402864277,0.809434841,0.48649401324999997
201,0.52382993,0.54280558,0.382700421,0.732644937,0.545495217
202,0.407552176,0.572646491,0.387078032,0.7764848870000001,0.5359403965
203,0.199875955,0.3552475429999999,0.674359011,0.799532197,0.5072536765
204,0.492071796,0.344264992,0.594440406,0.834653029,0.56635755575
205,0.528584576,0.6320441139999999,0.461981271,0.787775943,0.602596476
206,0.525519246,0.446774688,0.517614778,0.751815792,0.560431126
207,0.17703,0.337097162,0.584924646,0.8130189109999999,0.47801767975
208,0.19839283,0.331692578,0.5463991,0.873582072,0.487516645
209,0.511774188,0.582643271,0.361515607,0.7030962009999999,0.53975731675
210,0.0,0.493937278,0.544122039,0.86113805,0.47479934175000005
211,0.466563952,0.438264132,0.5420633260000001,0.8981174609999999,0.58625221775
212,0.3728558289999999,0.197828063,0.555184063,0.731477618,0.46433639325
213,0.313706393,0.646985959,0.4605822029999999,0.665737064,0.52175290475
214,0.435676529,0.508025807,0.444544881,0.6561934779999999,0.51111017375
215,0.513275323,0.6264269920000001,0.3620078779999999,0.790532083,0.573060569
216,0.35732466,0.284959174,0.606063008,0.867088929,0.52885894275
217,0.363280721,0.483578478,0.4892764029999999,0.749894904,0.5215076265
218,0.541150179,0.234297124,0.5379670910000001,0.830192904,0.5359018245
219,0.381098556,0.505085323,0.391640337,0.809231273,0.52176387225
220,0.4328510679999999,0.254506323,0.6417620079999999,0.867487824,0.54915180575
221,0.3574701879999999,0.326532317,0.617887499,0.865582752,0.541868189
222,0.418539482,0.540513589,0.480211831,0.789624586,0.557222372
223,0.528584576,0.6320441139999999,0.461981271,0.787775943,0.602596476
224,0.423944577,0.290946172,0.562244086,0.844269481,0.530351079
225,0.1147750819999999,0.567162911,0.556762447,0.738201494,0.49422548349999995
226,0.326836708,0.357162627,0.62632757,0.86666471,0.54424790375
227,0.440721404,0.6387726029999999,0.4591392279999999,0.74377975,0.5706032462499999
228,0.64967411,0.525907099,0.394221146,0.721881798,0.57292103825
229,0.497960992,0.37191503,0.553725575,0.866472573,0.5725185424999999
230,0.1539057,0.493584417,0.535282781,0.876866212,0.5149097775
231,0.688849704,0.319616699,0.525782744,0.935238323,0.6173718675
232,0.7201469909999999,0.637521882,0.283450975,0.535434336,0.544138546
233,0.280176582,0.339188239,0.594122194,0.820621935,0.5085272375000001
234,0.528584576,0.6320441139999999,0.461981271,0.787775943,0.602596476
235,0.212944876,0.522496709,0.431636388,0.734479538,0.47538937775
236,0.528584576,0.6320441139999999,0.461981271,0.787775943,0.602596476
237,0.528584576,0.6320441139999999,0.461981271,0.787775943,0.602596476
238,0.329076669,0.347042176,0.244733105,0.684712729,0.40139116975
239,0.356779211,0.521728025,0.458310927,0.767593845,0.526103002
240,0.286263983,0.611193918,0.418089602,0.7693577420000001,0.52122631125
241,0.355530435,0.491102725,0.486293288,0.758361886,0.5228220835
242,0.4539194379999999,0.394180793,0.5203544170000001,0.7343474409999999,0.52570052225
243,0.496673092,0.324268624,0.575082211,0.853780694,0.56245115525
244,0.668288146,0.650299721,0.50436665,0.7007473559999999,0.63092546825
245,0.6819474659999999,0.291054643,0.644198513,0.804413762,0.6054035959999999
246,0.365953796,0.325881973,0.5781620679999999,0.823413025,0.5233527155
247,0.528584576,0.6320441139999999,0.461981271,0.787775943,0.602596476
248,0.528584576,0.6320441139999999,0.461981271,0.787775943,0.602596476
249,0.0,0.417107272,0.5298011570000001,0.6974388359999999,0.41108681625
250,0.267447611,0.612057883,0.4072236939999999,0.752199955,0.50973228575
251,0.5634415420000001,0.515866748,0.33304759,0.653137667,0.51637338675
252,0.5943150970000001,0.557708984,0.347012638,0.7901468009999999,0.57229588
253,0.420166385,0.588955475,0.5114790060000001,0.87495053,0.598887849
254,0.39219496,0.716280742,0.301813998,0.710914033,0.53030093325
255,0.496921599,0.509973303,0.601956497,0.75229533,0.59028668225
256,0.528584576,0.6320441139999999,0.461981271,0.787775943,0.602596476
257,0.265401511,0.555075954,0.306565889,0.7673252159999999,0.4735921425
258,0.412754199,0.58564576,0.354622742,0.8469834,0.55000152525
259,0.08855731,0.505532205,0.576595737,0.8526025220000001,0.5058219435
260,0.625883026,0.261316469,0.4832245189999999,0.845342745,0.55394168975
261,0.012485056,0.420519249,0.5450580939999999,0.7520057790000001,0.4325170445
262,0.525240821,0.573406799,0.362960774,0.7339412,0.5488873985
263,0.528584576,0.6320441139999999,0.461981271,0.787775943,0.602596476
264,0.250136373,0.465143975,0.590225476,0.725686717,0.50779813525
265,0.107889427,0.5453847629999999,0.4126663889999999,0.676476992,0.43560439274999996
266,0.472306961,0.6387726029999999,0.461981271,0.755152727,0.5820533905
267,0.143903828,0.373583979,0.58710156,0.853384287,0.4894934135
268,0.433457589,0.313511627,0.607206429,0.777712009,0.5329719135
269,0.274210095,0.306793988,0.5703554710000001,0.8109369740000001,0.49057413200000005
270,0.0,0.47759005,0.484009798,0.7640312109999999,0.43140776475
271,0.0,0.308026392,0.536347427,0.925532715,0.4424766335
272,0.274210095,0.306793988,0.5703554710000001,0.8109369740000001,0.49057413200000005
273,0.187033825,0.431747052,0.5707837179999999,0.745053952,0.48365463675
274,0.464659715,0.181466258,0.601954852,0.796030441,0.5110278165
275,0.473344995,0.228126565,0.512760995,0.8974726559999999,0.5279263027500001
276,0.30044322,0.342096036,0.547300903,0.784652503,0.4936231655
277,0.388140245,0.436297761,0.695132888,0.760076828,0.5699119305
278,0.231721085,0.136327632,0.569090191,0.656396804,0.398383928
279,0.4190087,0.5866272889999999,0.3655344239999999,0.749679192,0.5302124012499999
280,0.150898841,0.555679722,0.507801346,0.850830337,0.5163025615000001
281,0.394304147,0.332812576,0.541327036,0.8279066509999999,0.5240876025
282,0.274210095,0.306793988,0.5703554710000001,0.8109369740000001,0.49057413200000005
283,0.20898789,0.416385214,0.5229928979999999,0.8945633559999999,0.5107323395
284,0.175102105,0.369834777,0.545453242,0.852918724,0.485827212
285,0.283965888,0.335065642,0.55806736,0.729500072,0.4766497405
286,0.5702025,0.46196229,0.4440118079999999,0.741528867,0.55442636625
287,0.276812632,0.318062443,0.558783331,0.8363557229999999,0.49750353225
288,0.322260088,0.555246473,0.440363697,0.754523884,0.5180985355
289,0.632909739,0.6862909559999999,0.377389195,0.7089044440000001,0.6013735835
290,0.445192695,0.353520809,0.577820161,0.848579552,0.55627830425
291,0.0,0.404250325,0.531637121,0.823940115,0.43995689025
292,0.218618612,0.3856061779999999,0.573707293,0.823448982,0.50034526625
293,0.1613382609999999,0.4237201229999999,0.519544778,0.791767318,0.4740926199999999
294,0.528584576,0.6320441139999999,0.461981271,0.787775943,0.602596476
295,0.274210095,0.306793988,0.5703554710000001,0.8109369740000001,0.49057413200000005
296,0.274210095,0.306793988,0.5703554710000001,0.8109369740000001,0.49057413200000005
297,0.483945807,0.6288256329999999,0.420926608,0.753098066,0.5716990285
298,0.250120058,0.677014441,0.4582242379999999,0.773498957,0.5397144235
299,0.374855371,0.337150777,0.572346653,0.816093023,0.525111456
300,0.314550602,0.557835474,0.5782703379999999,0.697316288,0.5369931755
301,0.021766725,0.442085952,0.4587543879999999,0.836115765,0.4396807075
302,0.240642785,0.417441678,0.549630989,0.819123378,0.5067097075
303,0.118337579,0.434018975,0.533135975,0.8459723459999999,0.48286621874999996
304,0.080059375,0.382150359,0.440661604,0.7572339570000001,0.41502632375000004
305,0.4907122829999999,0.286313646,0.58581132,0.856391813,0.5548072655
306,0.147942314,0.281743816,0.641942605,0.827070911,0.47467491149999996
307,0.2404890519999999,0.260702399,0.591305981,0.8747244470000001,0.49180546974999995
308,0.489614197,0.535760688,0.404553506,0.7474317090000001,0.544340025
309,0.47454141,0.285568861,0.571028154,0.862304108,0.54836063325
310,0.227321302,0.512161882,0.377937116,0.7765340629999999,0.47348859075
311,0.414620321,0.443921774,0.547793775,0.8074354290000001,0.5534428247500001
312,0.5192827170000001,0.394794663,0.4402175439999999,0.836515115,0.54770250975
313,0.213126878,0.500135975,0.55488823,0.7575636379999999,0.50642868025
314,0.4223194079999999,0.237660105,0.528024243,0.7863792359999999,0.49359574799999995
315,0.650133945,0.183952791,0.556626245,0.8475862559999999,0.55957480925
316,0.340339226,0.382074401,0.570374223,0.7923690459999999,0.521289224
317,0.105217369,0.443052404,0.623253072,0.799778271,0.49282527900000006
318,0.113171654,0.4192571639999999,0.517232255,0.799466615,0.46228192199999996
319,0.365116255,0.58382554,0.4171464789999999,0.7867614490000001,0.53821243075
320,0.380328409,0.449599627,0.460574742,0.766965047,0.51436695625
321,0.027651481,0.353597931,0.617820991,0.8656130790000001,0.4661708705
322,0.212407356,0.3922063679999999,0.5658096029999999,0.780689678,0.48777825124999996
323,0.0,0.36899122,0.488581274,0.8283486379999999,0.42148028299999996
324,0.203032323,0.336113607,0.5705945370000001,0.800319702,0.47751504224999997
325,0.310671126,0.4831735689999999,0.399533839,0.8491557679999999,0.5106335755
326,0.5652957829999999,0.477433001,0.387798779,0.7619264579999999,0.5481135052499999
327,0.3812621989999999,0.378120623,0.5198086510000001,0.584993686,0.46604628975
328,0.2808257999999999,0.728228474,0.3978574689999999,0.707192919,0.5285261655
329,0.274210095,0.306793988,0.5703554710000001,0.8109369740000001,0.49057413200000005
330,0.2079117389999999,0.280315737,0.587024732,0.8801262670000001,0.48884461875
331,0.319341456,0.207675067,0.523942745,0.805098434,0.46401442550000005
332,0.0,0.447536717,0.529135665,0.7574005159999999,0.4335182245
333,0.4944697979999999,0.658758834,0.397199584,0.749611831,0.5750100117499999
334,0.218725401,0.29546195,0.562329454,0.8335087870000001,0.47750639800000005
335,0.402859609,0.588611453,0.604862618,0.816206698,0.6031350945
336,0.316852758,0.243644361,0.426941103,0.840886695,0.45708122925
337,0.528584576,0.6320441139999999,0.461981271,0.787775943,0.602596476
338,0.532607952,0.502448487,0.474544869,0.7946129190000001,0.57605355675
339,0.331374401,0.47782602,0.4965018639999999,0.633351595,0.48476347
340,0.421772061,0.6666354879999999,0.463983239,0.744384927,0.57419392875
341,0.3189395419999999,0.208055845,0.588021873,0.842888915,0.48947654374999994
342,0.359220072,0.473729282,0.42159506,0.839955096,0.5236248775
343,0.528584576,0.6320441139999999,0.461981271,0.787775943,0.602596476
344,0.5702025,0.46196229,0.4440118079999999,0.741528867,0.55442636625
345,0.489370346,0.573406799,0.466825283,0.759227375,0.57220745075
346,0.468554475,0.462598286,0.6375747979999999,0.803695762,0.5931058302500001
347,0.523318126,0.227550649,0.487256605,0.589691241,0.45695415525000005
348,0.245906142,0.239198677,0.576087903,0.809673269,0.46771649775
349,0.329273224,0.333607748,0.520551154,0.8875492709999999,0.5177453492499999
350,0.410032774,0.38437316,0.584944905,0.8536899990000001,0.5582602095
351,0.314405906,0.32300136,0.568498966,0.8322835690000001,0.5095474502500001
352,0.373515439,0.321663847,0.626291218,0.759173665,0.52016104225
353,0.525368747,0.23385974,0.596628658,0.8742106,0.55751693625
354,0.5702025,0.46196229,0.4440118079999999,0.741528867,0.55442636625
355,0.585492849,0.694019327,0.336335796,0.750417991,0.59156649075
356,0.273008825,0.491102725,0.425893461,0.769944306,0.48998732925
357,0.500973467,0.297337044,0.624187621,0.69175219,0.5285625804999999
358,0.3495357679999999,0.45603255,0.44857482,0.739055192,0.49829958249999995
359,0.133439315,0.3991442979999999,0.474280791,0.759428454,0.4415732145
360,0.484680646,0.266765588,0.54430506,0.8152150859999999,0.527741595
361,0.35643884,0.672450203,0.367852035,0.734470614,0.532802923
362,0.226359885,0.477592778,0.427651423,0.787238875,0.47971074025000005
363,0.072196013,0.423143227,0.479407161,0.8363549240000001,0.45277533125
364,0.386760742,0.69243968,0.386510156,0.72567684,0.5478468544999999
365,0.165360815,0.379339801,0.5545254310000001,0.854087272,0.48832832975000007
366,0.513896068,0.252507561,0.480724106,0.8734782259999999,0.53015149025
367,0.424870742,0.305041627,0.5906783210000001,0.8270691659999999,0.5369149639999999
368,0.5854585929999999,0.305187449,0.584992175,0.828385666,0.57600597075
369,0.379483151,0.34196816,0.5800172379999999,0.7871251220000001,0.52214841775
370,0.528584576,0.6320441139999999,0.461981271,0.787775943,0.602596476
371,0.307100543,0.203673548,0.525006002,0.8110625929999999,0.4617106715
372,0.3886429079999999,0.43242263,0.45310571,0.690298448,0.4911174239999999
373,0.323016853,0.5492634129999999,0.562593288,0.8047184820000001,0.559898009
374,0.145688953,0.459879627,0.5026491670000001,0.8303732229999999,0.4846477425
375,0.351490604,0.56880862,0.576308165,0.807811539,0.576104732
376,0.118246677,0.4310140979999999,0.5225009270000001,0.84914787,0.48022739299999995
377,0.621855107,0.338416432,0.591640106,0.765785465,0.5794242775
378,0.7650474509999999,0.283276083,0.598524233,0.8907802229999999,0.6344069975
379,0.041613246,0.4315944879999999,0.557087442,0.81887746,0.46229315899999995
380,0.502852027,0.6867841170000001,0.523090936,0.8047035290000001,0.6293576522500001
381,0.398573082,0.573975197,0.506939577,0.826214487,0.57642558575
382,0.528584576,0.6320441139999999,0.461981271,0.787775943,0.602596476
383,0.450849356,0.561470435,0.318422162,0.744873928,0.51890397025
384,0.444091277,0.694154651,0.459870025,0.8118560579999999,0.60249300275
385,0.2070951389999999,0.398142427,0.542551122,0.8423236940000001,0.4975280955
386,0.355004641,0.420062714,0.457461707,0.75876441,0.497823368
387,0.474720894,0.6387726029999999,0.4604779679999999,0.755152727,0.582281048
388,0.0,0.481802624,0.48657264,0.8321655029999999,0.45013519175
389,0.0,0.28850665,0.577766278,0.712236807,0.39462743375
390,0.165918235,0.415833382,0.556010219,0.902571761,0.51008339925
391,0.316766138,0.4261571629999999,0.528258652,0.8496596820000001,0.5302104087499999
392,0.44811268,0.331943417,0.585326938,0.7824624020000001,0.53696135925
393,0.0,0.438023292,0.559597666,0.817558098,0.453794764
394,0.492031391,0.6387726029999999,0.461981271,0.755152727,0.586984498
395,0.528584576,0.6320441139999999,0.461981271,0.787775943,0.602596476
396,0.0,0.4833810129999999,0.5333614520000001,0.7347415690000001,0.43787100850000005
397,0.214485521,0.353800499,0.589715287,0.8105538259999999,0.49213878324999993
398,0.358748647,0.3183166719999999,0.485699239,0.736017145,0.47469542575
399,0.3655756229999999,0.288101437,0.492892644,0.828915677,0.49387134525
400,0.326130779,0.3431148429999999,0.551509106,0.855305127,0.5190149637499999
401,0.352690896,0.175188767,0.581055684,0.90003929,0.50224365925
402,0.317547794,0.3644142529999999,0.554738714,0.858624382,0.5238312857499999
403,0.0356349939999999,0.451571682,0.4975291579999999,0.824108299,0.45221103325
404,0.4178063929999999,0.265446906,0.682608265,0.791813949,0.53941887825
405,0.266696542,0.362209641,0.650742618,0.851476537,0.5327813345
406,0.083805035,0.472159314,0.541133671,0.8338913,0.48274733000000003
407,0.528584576,0.6320441139999999,0.461981271,0.787775943,0.602596476
408,0.528584576,0.6320441139999999,0.461981271,0.787775943,0.602596476
409,0.451189401,0.1881888289999999,0.5753090120000001,0.835506451,0.51254842325
410,0.187490286,0.293994229,0.499920847,0.76948569,0.437722763
411,0.26475485,0.316968555,0.49725833,0.77716272,0.46403611375
412,0.0,0.3997770129999999,0.501348824,0.8071881120000001,0.42707848724999997
413,0.528584576,0.6320441139999999,0.461981271,0.787775943,0.602596476
414,0.427701147,0.677253168,0.467902505,0.761887414,0.5836860585000001
415,0.177596303,0.43740028,0.635703397,0.8502064290000001,0.52522660225
416,0.528584576,0.6320441139999999,0.461981271,0.787775943,0.602596476
417,0.054986071,0.416277465,0.607377966,0.712028522,0.447667506
418,0.107970569,0.423680741,0.526580051,0.8345536590000001,0.47319625500000007
419,0.049128142,0.484465631,0.547718668,0.8066058509999999,0.47197957300000004
420,0.274210095,0.306793988,0.5703554710000001,0.8109369740000001,0.49057413200000005
421,0.2967869939999999,0.29064927,0.512818504,0.793501993,0.47343919025
422,0.528584576,0.6320441139999999,0.461981271,0.787775943,0.602596476
423,0.493559221,0.335723111,0.555317784,0.818662298,0.5508156035
424,0.0080739719999999,0.490888152,0.558706472,0.878875002,0.48413589949999997
425,0.528584576,0.6320441139999999,0.461981271,0.787775943,0.602596476
426,0.528584576,0.6320441139999999,0.461981271,0.787775943,0.602596476
427,0.528584576,0.6320441139999999,0.461981271,0.787775943,0.602596476
428,0.528584576,0.6320441139999999,0.461981271,0.787775943,0.602596476
429,0.317643246,0.341084114,0.585400415,0.869117246,0.52831125525
430,0.528584576,0.6320441139999999,0.461981271,0.787775943,0.602596476
431,0.274210095,0.306793988,0.5703554710000001,0.8109369740000001,0.49057413200000005
432,0.01127943,0.540737565,0.575494618,0.875398322,0.50072748375
433,0.489073301,0.6387726029999999,0.461981271,0.755152727,0.5862449755
434,0.528584576,0.6320441139999999,0.461981271,0.787775943,0.602596476
435,0.528584576,0.6320441139999999,0.461981271,0.787775943,0.602596476
436,0.528584576,0.6320441139999999,0.461981271,0.787775943,0.602596476
437,0.0,0.536132371,0.515834761,0.824356605,0.46908093425
438,0.318327726,0.385232205,0.529612589,0.811738223,0.51122768575
439,0.528584576,0.6320441139999999,0.461981271,0.787775943,0.602596476
440,0.528584576,0.6320441139999999,0.461981271,0.787775943,0.602596476
441,0.333388332,0.5096500110000001,0.5658826889999999,0.794012426,0.5507333645
442,0.274210095,0.306793988,0.5703554710000001,0.8109369740000001,0.49057413200000005
443,0.528584576,0.6320441139999999,0.461981271,0.787775943,0.602596476
444,0.528584576,0.6320441139999999,0.461981271,0.787775943,0.602596476
445,0.528584576,0.6320441139999999,0.461981271,0.787775943,0.602596476
446,0.528584576,0.6320441139999999,0.461981271,0.787775943,0.602596476
447,0.358393908,0.590902099,0.418211357,0.791538772,0.539761534
448,0.528584576,0.6320441139999999,0.461981271,0.787775943,0.602596476
449,0.638354754,0.605254156,0.410884315,0.7690387740000001,0.60588299975
450,0.528584576,0.6320441139999999,0.461981271,0.787775943,0.602596476
451,0.0,0.4004391229999999,0.448158332,0.750612985,0.39980260999999995
452,0.220682676,0.391416881,0.5878143370000001,0.799056997,0.49974272275
453,0.528584576,0.6320441139999999,0.461981271,0.787775943,0.602596476
454,0.440847327,0.255838142,0.553327401,0.836497288,0.5216275395
455,0.2499090139999999,0.551460142,0.581283734,0.830079001,0.55318297275
456,0.323552823,0.4503786389999999,0.563383175,0.773656415,0.527742763
457,0.332516682,0.260713447,0.595434211,0.8335118009999999,0.5055440352499999
458,0.43064908,0.216472228,0.629933969,0.826782225,0.5259593755
459,0.418339721,0.5349116070000001,0.563881151,0.738907007,0.5640098715
460,0.528584576,0.6320441139999999,0.461981271,0.787775943,0.602596476
461,0.222100193,0.339121729,0.615875825,0.873394027,0.5126229435
462,0.655883626,0.630907317,0.525315315,0.826790622,0.65972422
463,0.528584576,0.6320441139999999,0.461981271,0.787775943,0.602596476
464,0.455612247,0.718537283,0.304680988,0.735052542,0.553470765
465,0.528584576,0.6320441139999999,0.461981271,0.787775943,0.602596476
466,0.528584576,0.6320441139999999,0.461981271,0.787775943,0.602596476
467,0.528584576,0.6320441139999999,0.461981271,0.787775943,0.602596476
468,0.6116948529999999,0.743509767,0.462191175,0.666417865,0.620953415
469,0.528584576,0.6320441139999999,0.461981271,0.787775943,0.602596476
470,0.40542571,0.582404544,0.518776629,0.763078853,0.567421434
471,0.0,0.391744321,0.590605577,0.648319746,0.40766741100000004
472,0.528584576,0.6320441139999999,0.461981271,0.787775943,0.602596476
473,0.528584576,0.6320441139999999,0.461981271,0.787775943,0.602596476
474,0.383796241,0.628398243,0.512772694,0.796683003,0.5804125452500001
475,0.11209501,0.437463541,0.537952549,0.84747761,0.48374717749999996
476,0.528584576,0.6320441139999999,0.461981271,0.787775943,0.602596476
477,0.528584576,0.6320441139999999,0.461981271,0.787775943,0.602596476
478,0.455882558,0.699115113,0.49459793,0.7877120329999999,0.6093269084999999
479,0.268746536,0.3212545189999999,0.474040799,0.758094358,0.45553405299999994
480,0.2411412539999999,0.355376087,0.606072827,0.747293137,0.48747082625
481,0.274210095,0.306793988,0.5703554710000001,0.8109369740000001,0.49057413200000005
482,0.528584576,0.6320441139999999,0.461981271,0.787775943,0.602596476
483,0.0,0.417374384,0.5472467120000001,0.8181289820000001,0.4456875195000001
484,0.528584576,0.6320441139999999,0.461981271,0.787775943,0.602596476
485,0.528584576,0.6320441139999999,0.461981271,0.787775943,0.602596476
486,0.19770959,0.426093666,0.514816211,0.761129449,0.47493722899999996
487,0.528584576,0.6320441139999999,0.461981271,0.787775943,0.602596476
488,0.0069697119999999,0.563340651,0.5351863410000001,0.837839413,0.48583402924999997
489,0.495315259,0.66939925,0.459314679,0.8346119209999999,0.6146602772499999
490,0.274210095,0.306793988,0.5703554710000001,0.8109369740000001,0.49057413200000005
491,0.215336171,0.460706189,0.566068362,0.8847594809999999,0.53171755075
492,0.401497296,0.478177614,0.525545876,0.863578209,0.56719974875
493,0.48595748,0.395923029,0.5329812270000001,0.713314892,0.532044157
494,0.528584576,0.6320441139999999,0.461981271,0.787775943,0.602596476
495,0.235771566,0.272730629,0.5870726039999999,0.769697592,0.46631809775
496,0.528584576,0.6320441139999999,0.461981271,0.787775943,0.602596476
497,0.528584576,0.6320441139999999,0.461981271,0.787775943,0.602596476
498,0.528584576,0.6320441139999999,0.461981271,0.787775943,0.602596476
499,0.225643233,0.35163138,0.487582924,0.818135301,0.47074820949999996
500,0.528584576,0.6320441139999999,0.461981271,0.787775943,0.602596476
501,0.528584576,0.6320441139999999,0.461981271,0.787775943,0.602596476
502,0.590044318,0.755238761,0.383704119,0.812265621,0.63531320475
503,0.528584576,0.6320441139999999,0.461981271,0.787775943,0.602596476
504,0.29113688,0.7360085009999999,0.430597411,0.7370000040000001,0.548685699
505,0.297389297,0.504814626,0.518794393,0.830654019,0.5379130837499999
506,0.528584576,0.6320441139999999,0.461981271,0.787775943,0.602596476
507,0.349285047,0.313912972,0.523989236,0.721573096,0.47719008775
508,0.274210095,0.306793988,0.5703554710000001,0.8109369740000001,0.49057413200000005
509,0.1375055419999999,0.327475605,0.6309966379999999,0.869646478,0.49140606574999995
510,0.204182291,0.505704836,0.5279124070000001,0.8173419340000001,0.5137853670000001
511,0.129705594,0.3961704929999999,0.516254651,0.8353601979999999,0.469372734
512,0.406198651,0.649838227,0.488474317,0.806483631,0.5877487065
513,0.251296227,0.5355368229999999,0.563205536,0.821321847,0.54284010825
514,0.3177957919999999,0.40594207,0.587186711,0.8156886520000001,0.53165330625
515,0.528584576,0.6320441139999999,0.461981271,0.787775943,0.602596476
516,0.0,0.440987512,0.559325618,0.800317863,0.45015774825
517,0.013910465,0.414147742,0.4841195729999999,0.842760579,0.43873458975
518,0.435433523,0.247522226,0.527598575,0.8596236970000001,0.51754450525
519,0.528584576,0.6320441139999999,0.461981271,0.787775943,0.602596476
520,0.353250523,0.568620885,0.381138775,0.603192026,0.47655055225
521,0.528584576,0.6320441139999999,0.461981271,0.787775943,0.602596476
522,0.40378995,0.256147008,0.616086185,0.860410327,0.5341083675
523,0.28362343,0.502262082,0.536002945,0.71848408,0.51009313425
524,0.528584576,0.6320441139999999,0.461981271,0.787775943,0.602596476
525,0.280267962,0.425729766,0.575063165,0.764372136,0.51135825725
526,0.528584576,0.6320441139999999,0.461981271,0.787775943,0.602596476
527,0.043014141,0.348411508,0.513899464,0.865985687,0.4428277
528,0.0,0.346446196,0.53386279,0.84303019,0.430834794
529,0.352813571,0.21393259,0.499039405,0.869674026,0.483864898
530,0.274210095,0.306793988,0.5703554710000001,0.8109369740000001,0.49057413200000005
531,0.528584576,0.6320441139999999,0.461981271,0.787775943,0.602596476
532,0.326617663,0.398952384,0.619337652,0.81642545,0.54033328725
533,0.274210095,0.306793988,0.5703554710000001,0.8109369740000001,0.49057413200000005
534,0.20705737,0.476654853,0.500322857,0.8204985929999999,0.50113341825
535,0.026018876,0.289177225,0.560623649,0.7183815109999999,0.39855031524999995
536,0.066873237,0.3507603729999999,0.540158765,0.80668905,0.44112035625
537,0.039998425,0.542129277,0.462573533,0.803422685,0.46203098
538,0.274210095,0.306793988,0.5703554710000001,0.8109369740000001,0.49057413200000005
539,0.04315044,0.530748628,0.520033037,0.8411383570000001,0.4837676155
540,0.528584576,0.6320441139999999,0.461981271,0.787775943,0.602596476
541,0.139047101,0.4506678979999999,0.496572884,0.821115375,0.47685081449999994
542,0.0,0.494642845,0.489839377,0.761941434,0.43660591400000004
543,0.434727793,0.364702092,0.62236924,0.861536613,0.5708339345
544,0.528584576,0.6320441139999999,0.461981271,0.787775943,0.602596476
545,0.291467539,0.216186637,0.580124217,0.8776997790000001,0.491369543
546,0.133881568,0.394761755,0.5715117470000001,0.784752572,0.4712269105
547,0.528584576,0.6320441139999999,0.461981271,0.787775943,0.602596476
548,0.1928166389999999,0.370061491,0.510283466,0.839290344,0.478112985
549,0.274210095,0.306793988,0.5703554710000001,0.8109369740000001,0.49057413200000005
550,0.274210095,0.306793988,0.5703554710000001,0.8109369740000001,0.49057413200000005
551,0.009484944,0.434190666,0.515070633,0.787398087,0.4365360825
552,0.528584576,0.6320441139999999,0.461981271,0.787775943,0.602596476
553,0.528584576,0.6320441139999999,0.461981271,0.787775943,0.602596476
554,0.4299467289999999,0.308809748,0.623101593,0.798160647,0.54000467925
555,0.528584576,0.6320441139999999,0.461981271,0.787775943,0.602596476
556,0.0,0.351990629,0.462300212,0.7610254059999999,0.39382906175
557,0.528584576,0.6320441139999999,0.461981271,0.787775943,0.602596476
558,0.294477583,0.483677743,0.620159856,0.773735767,0.54301273725
559,0.274210095,0.306793988,0.5703554710000001,0.8109369740000001,0.49057413200000005
560,0.509334495,0.283285213,0.646578843,0.90933696,0.58713387775
561,0.489572311,0.6897682079999999,0.310554424,0.792143582,0.57050963125
562,0.274210095,0.306793988,0.5703554710000001,0.8109369740000001,0.49057413200000005
563,0.245879498,0.51895615,0.450675984,0.865337554,0.5202122965
564,0.116041067,0.436305327,0.567204901,0.77880063,0.47458798125
565,0.528584576,0.6320441139999999,0.461981271,0.787775943,0.602596476
566,0.061631755,0.355353907,0.567037252,0.781998759,0.44150541825
567,0.203680703,0.476303382,0.482129365,0.870283061,0.50809912775
568,0.528584576,0.6320441139999999,0.461981271,0.787775943,0.602596476
569,0.039608361,0.506722425,0.451363756,0.839213178,0.45922693
570,0.60332381,0.54900546,0.480691035,0.757156886,0.5975442977500001
571,0.528584576,0.6320441139999999,0.461981271,0.787775943,0.602596476
572,0.0,0.488258484,0.431901999,0.814588355,0.4336872095
573,0.539256004,0.670489483,0.35163435,0.833062108,0.59861048625
574,0.559087086,0.774040031,0.426978051,0.7439644540000001,0.6260174055000001
575,0.148565914,0.378953306,0.5894620939999999,0.830729046,0.48692758999999997
576,0.0,0.539404659,0.5539937,0.7668657740000001,0.46506603325000007
577,0.388025757,0.700442728,0.550852346,0.7860162070000001,0.6063342595000001
578,0.166838651,0.465274237,0.5694604639999999,0.814790487,0.5040909597500001
579,0.26021097,0.285716406,0.564327272,0.795607741,0.47646559725
580,0.062794728,0.480791997,0.470730794,0.8747228640000001,0.47226009575000005
581,0.274210095,0.306793988,0.5703554710000001,0.8109369740000001,0.49057413200000005
582,0.272572913,0.422486552,0.5158842889999999,0.785763159,0.49917672825
583,0.528584576,0.6320441139999999,0.461981271,0.787775943,0.602596476
584,0.528584576,0.6320441139999999,0.461981271,0.787775943,0.602596476
585,0.0,0.486010352,0.593610884,0.768714647,0.46208397074999996
586,0.601962215,0.81453841,0.37332118,0.751865872,0.63542191925
587,0.528584576,0.6320441139999999,0.461981271,0.787775943,0.602596476
588,0.176073567,0.456203449,0.517093946,0.876038951,0.50635247825
589,0.528584576,0.6320441139999999,0.461981271,0.787775943,0.602596476
590,0.528584576,0.6320441139999999,0.461981271,0.787775943,0.602596476
591,0.528584576,0.6320441139999999,0.461981271,0.787775943,0.602596476
592,0.33796578,0.527328095,0.341801361,0.7521609029999999,0.48981403474999996
593,0.528584576,0.6320441139999999,0.461981271,0.787775943,0.602596476
594,0.024795915,0.491331322,0.582972197,0.767214372,0.46657845150000005
595,0.459208104,0.706098291,0.36704688,0.776757375,0.5772776625
596,0.528584576,0.6320441139999999,0.461981271,0.787775943,0.602596476
597,0.296797847,0.486830259,0.580377234,0.8176744159999999,0.545419939
598,0.314506717,0.526923268,0.5376007979999999,0.751171087,0.5325504675
599,0.399670856,0.568620885,0.479981061,0.7700699459999999,0.554585687
600,0.009048587,0.510321127,0.576495987,0.846546122,0.48560295575
601,0.1073235269999999,0.343433686,0.5888000489999999,0.629256836,0.4172035245
602,0.439455114,0.6726093540000001,0.468328586,0.767908099,0.58707528825
603,0.047455277,0.398967942,0.5885525189999999,0.76878472,0.4509401145
604,0.215558365,0.377288352,0.445528343,0.8560852990000001,0.47361508975
605,0.396191478,0.399637511,0.402872804,0.811707273,0.5026022665
606,0.528584576,0.6320441139999999,0.461981271,0.787775943,0.602596476
607,0.361369934,0.284758866,0.568523956,0.8898750390000001,0.52613194875
608,0.528584576,0.6320441139999999,0.461981271,0.787775943,0.602596476
609,0.166947255,0.414049954,0.5067263120000001,0.745947605,0.4584177815
610,0.1121505469999999,0.4401249829999999,0.541269894,0.819720006,0.4783163574999999
611,0.020705706,0.51094064,0.604251156,0.747882147,0.47094491225
612,0.090446759,0.417601696,0.541066488,0.7709472190000001,0.45501554050000004
613,0.157563359,0.261588373,0.577134148,0.7234536009999999,0.42993487025
614,0.298821617,0.613524351,0.460969461,0.6787655459999999,0.51302024375
615,0.048913842,0.32245262,0.6029754629999999,0.837937582,0.45306987675
616,0.274210095,0.306793988,0.5703554710000001,0.8109369740000001,0.49057413200000005
617,0.375482043,0.671910479,0.356343936,0.8140655729999999,0.5544505077499999
618,0.274210095,0.306793988,0.5703554710000001,0.8109369740000001,0.49057413200000005
619,0.528584576,0.6320441139999999,0.461981271,0.787775943,0.602596476
620,0.528584576,0.6320441139999999,0.461981271,0.787775943,0.602596476
621,0.160855416,0.316943175,0.488196615,0.848165815,0.45354025524999997
622,0.075237005,0.403881706,0.6177368679999999,0.8538992059999999,0.48768869625
623,0.523639527,0.294194399,0.587581328,0.8305245170000001,0.55898494275
624,0.378876625,0.249117693,0.599242124,0.845725162,0.518240401
625,0.0,0.54842933,0.45745004,0.845686281,0.46289141275
626,0.521845341,0.628285909,0.576138128,0.705094055,0.60784085825
627,0.274210095,0.306793988,0.5703554710000001,0.8109369740000001,0.49057413200000005
628,0.528584576,0.6320441139999999,0.461981271,0.787775943,0.602596476
629,0.441517028,0.52298987,0.4732351489999999,0.777950653,0.553923175
630,0.274210095,0.306793988,0.5703554710000001,0.8109369740000001,0.49057413200000005
